lemma_id,arabic,gloss,state,source,lexical_source,active,core_rank,stored_camel_rank,repaired_camel_rank,effective_rank,article_surface_rank,hindawi_rank,news_rank,quran_rank,corpus_tokens,momo_excerpt_tokens,momo_frozen_map_tokens,leech_count,lifetime_seen,judgments,failures,primary,collateral,target_cards
2,حائِط,wall,known,duolingo,duolingo,True,1118,16218,16218,1118,10125,1296,2558,,2,0,8,0,24,0,0,0,0,0
5,حَديقة,garden,known,duolingo,duolingo,True,248,3878,3878,248,8184,185,678,874,41,0,11,0,208,0,0,0,0,0
7,جَميلة,pretty,known,duolingo,duolingo,True,1573,2548,2548,1573,2919,180,,,42,0,20,0,113,0,0,0,0,0
8,قَديم,old,known,duolingo,duolingo,True,252,5457,5457,252,2093,282,594,908,30,1,37,0,418,2,1,0,2,0
9,صَالُونٌ,living room,known,duolingo,duolingo,True,1183,6107,6107,1183,18270,1194,8221,,3,0,0,0,18,0,0,0,0,0
10,طاوِلة,table,known,duolingo,duolingo,True,1063,6711,6711,1063,8102,771,3163,,8,0,1,0,75,0,0,0,0,0
12,حَمّام,bathroom,known,duolingo,duolingo,True,1019,3430,3430,1019,3376,851,2327,,6,0,1,0,28,0,0,0,0,0
13,مَطْبَخ,kitchen,known,duolingo,duolingo,True,1025,1174,1174,1025,1410,971,3974,,5,0,0,0,138,0,0,0,0,0
14,غَالِي,expensive,known,duolingo,duolingo,True,627,13585,13585,627,9071,953,4333,1042,7,2,6,0,49,0,0,0,0,0
15,إِيجَار,rent,known,duolingo,duolingo,True,2093,12322,12322,2093,11038,,5458,,0,0,0,0,23,1,0,1,0,1
16,واسِع,spacious,known,duolingo,duolingo,True,408,3616,3616,408,11137,982,866,581,5,0,2,0,60,0,0,0,0,0
18,بُنِّيّ,brown,known,duolingo,duolingo,True,346,789,789,346,17381,579,1653,624,13,0,0,0,95,0,0,0,0,0
19,قُبَّعة,hat,known,book,duolingo,True,1048,35713,35713,1048,51309,727,2120,,9,0,6,2,30,0,0,0,0,0
20,أَبْيَض,white,known,textbook_scan,duolingo,True,151,3200,3200,151,170,210,571,495,36,0,14,2,84,2,0,1,1,2
23,أَزْرَق,blue,known,duolingo,duolingo,True,424,11425,11425,424,970,544,3043,1097,14,1,7,0,88,0,0,0,0,0
24,بَلوزة,blouse,known,duolingo,duolingo,True,,40527,40527,40527,,,,,0,0,0,0,10,0,0,0,0,0
25,مِعْطَف,coat,known,duolingo,duolingo,True,1294,45784,45784,1294,79031,1660,5317,,1,0,1,0,29,1,0,1,0,1
28,تَنّورة,skirt,known,duolingo,duolingo,True,1365,25385,25385,1365,55887,1486,15681,,1,0,0,0,17,1,1,1,0,1
29,وِشاح,scarf,known,duolingo,duolingo,True,1344,43094,43094,1344,69388,1690,8093,,1,0,0,0,17,0,0,0,0,1
30,بَصَل,onions,known,duolingo,duolingo,True,671,37077,37077,671,12413,1271,3863,1130,2,0,0,0,27,2,0,2,0,2
38,قِطّة,cat,known,duolingo,duolingo,True,1094,33514,33514,1094,38871,533,8778,,14,0,0,0,60,0,0,0,0,0
43,جَدّ,grandfather,known,duolingo,duolingo,True,688,7053,7053,688,11354,178,297,,42,0,42,0,108,0,0,0,0,0
45,جَدّة,grandmother,known,duolingo,duolingo,True,507,1621,1621,507,32549,37,4744,,110,0,1,0,22,0,0,0,0,0
47,اِسْم,name,known,duolingo,duolingo,True,56,523,523,56,2597,90,83,236,66,1,22,0,71,0,0,0,0,0
63,مُحاسِب,accountant,known,duolingo,duolingo,True,1228,17055,17055,1228,30992,1642,10235,,1,0,0,0,12,0,0,0,0,0
64,تَعْبان,tired,known,duolingo,duolingo,True,1654,60258,60258,1654,,1280,6865,,2,0,0,0,11,0,0,0,0,0
65,تَوْب,"repentance, returning to God",known,duolingo,duolingo,True,1459,4661,4661,1459,40407,,14535,1151,0,0,0,5,23,1,0,0,1,0
66,طُوبٌ,brick,known,duolingo,duolingo,True,1557,34738,34738,1557,24177,,11619,1263,0,0,0,0,25,1,0,1,0,2
67,طَيِّبٌ,kind,known,duolingo,duolingo,True,182,3566,3566,182,3533,170,1023,200,45,1,19,0,24,1,0,1,0,1
75,أَخ,brother,known,duolingo,duolingo,True,86,9082,9082,86,4214,106,227,105,61,1,12,0,113,0,0,0,0,0
76,أُمّ,mother,known,duolingo,duolingo,True,,157,157,157,1412,,,,189,2,0,0,144,0,0,0,0,0
77,كَلْب,dog,known,duolingo,duolingo,True,251,13536,13536,251,9696,134,1190,763,52,0,8,0,47,0,0,0,0,0
78,أُخْت,sister,known,duolingo,duolingo,True,256,14980,14980,256,12027,277,625,417,29,0,4,0,81,0,0,0,0,0
79,اِبْن,son,known,duolingo,duolingo,True,42,159,159,42,7769,125,59,151,54,0,0,0,28,0,0,0,0,0
85,مُحامي,lawyer,known,duolingo,duolingo,True,946,8721,8721,946,4289,964,910,,5,0,0,0,27,1,0,0,1,0
86,طَويل,long,known,duolingo,duolingo,True,117,2879,2879,117,4403,71,280,1032,80,1,70,0,282,0,0,0,0,0
96,مَشْهورة,famous,known,duolingo,duolingo,True,1002,17653,17653,1002,11239,690,10469,,10,0,2,0,9,0,0,0,0,0
97,مُزْدَحِمة,crowded,known,duolingo,duolingo,True,,51128,51128,51128,42816,,,,0,0,0,0,7,0,0,0,0,0
98,بَحْر,sea,known,textbook_scan,duolingo,True,161,2612,2612,161,892,201,628,229,38,0,25,0,122,0,0,0,0,0
99,مُهِمّ,important,known,duolingo,duolingo,True,318,3197,3197,318,2793,475,573,1327,18,1,9,0,163,0,0,0,0,0
101,سَهْل,easy,known,duolingo,duolingo,True,464,4086,4086,464,6120,633,2042,1236,11,0,8,0,49,1,1,0,1,0
102,بِناية,building,known,duolingo,duolingo,True,2163,20331,20331,2163,38538,,5189,,0,0,0,0,25,0,0,0,0,0
104,لُغة,language,known,duolingo,duolingo,True,807,1167,1167,807,144,784,698,,8,0,1,0,38,0,0,0,0,0
105,سَيّارة,car,known,duolingo,duolingo,True,254,1048,1048,254,1298,868,335,899,8,2,33,0,30,0,0,0,0,0
107,جامِعة,university,known,duolingo,duolingo,True,851,318,318,318,520,1494,364,,1,0,0,0,84,0,0,0,0,0
108,كَبيرة,older,known,duolingo,duolingo,True,243,278,278,243,1340,152,11414,611,51,2,51,0,62,0,0,0,0,0
109,واسِعة,roomy,known,duolingo,duolingo,True,982,1723,1723,982,3217,1096,,847,4,0,4,0,16,0,0,0,0,0
110,مَدينة,city,known,duolingo,duolingo,True,97,140,140,97,299,285,105,426,30,1,40,0,124,0,0,0,0,0
111,مَلِكة,queen,known,duolingo,duolingo,True,955,7529,7529,955,7211,538,1062,,14,0,0,0,7,0,0,0,0,0
114,مُهَنْدِس,engineer,known,duolingo,duolingo,True,1838,4142,4142,1838,1436,,1332,,0,0,0,0,63,0,0,0,0,0
119,غَريب,weird,known,duolingo,duolingo,True,718,3461,3461,718,7349,120,624,,56,0,28,0,30,0,0,0,0,0
120,جَوْعان,hungry,known,duolingo,duolingo,True,1641,116747,116747,1641,,1011,7445,,4,0,1,0,9,0,0,0,0,0
121,مُعَلِّم,teacher,known,duolingo,duolingo,True,516,5382,5382,516,2930,1080,1268,1312,4,0,5,0,309,0,0,0,0,0
130,أُسْتاذ,professor,known,duolingo,duolingo,True,902,3444,3444,902,741,990,701,,4,0,76,0,177,1,0,1,0,1
133,وَلَد,boy,known,duolingo,duolingo,True,101,1502,1502,101,10613,114,395,116,58,0,2,0,361,0,0,0,0,0
134,بِنْت,daughter,known,duolingo,duolingo,True,867,1590,1590,867,10544,467,593,,16,0,2,0,50,0,0,0,0,0
135,رَجُل,man,known,book,duolingo,True,25,881,881,25,725,25,38,205,145,7,50,0,444,0,0,0,0,0
136,اِمْرَأة,a woman,known,duolingo,duolingo,True,863,1668,1668,863,,611,401,,11,0,0,0,16,0,0,0,0,0
137,سِيرَةٌ,biography,known,duolingo,duolingo,True,158,3150,3150,158,1702,150,477,308,53,4,48,1,31,3,1,2,1,3
138,شَاشَةٌ,screen,known,duolingo,duolingo,True,2084,3758,3758,2084,4415,,3918,,0,0,0,5,22,0,0,0,0,0
139,سَادَةٌ,gentlemen,known,auto_intro,duolingo,True,1123,28396,28396,1123,5203,1181,4423,,6,3,100,0,18,1,0,1,0,2
142,شُكْراً,thank you,known,textbook_scan,duolingo,True,314,2678,2678,314,,231,3874,418,35,1,0,0,19,0,0,0,0,0
143,أَهْلاً,hello,known,auto_intro,duolingo,True,1690,1094,1094,1094,,995,,,4,0,0,0,24,2,0,2,0,2
144,تَماماً,absolutely,known,auto_intro,duolingo,True,1425,958,958,958,,156,,,51,3,14,0,64,0,0,0,0,0
145,عَفْواً,excuse me,known,leech_reintro,duolingo,True,1854,16475,16475,1854,,1359,,,2,0,0,1,19,0,0,0,0,0
146,يَا,hey,known,duolingo,duolingo,True,4,205,205,4,11682,2,28,,369,5,63,0,82,0,0,0,0,0
147,بَاعَ,sold,known,duolingo,duolingo,True,451,15333,15333,451,,483,1523,1125,15,0,4,0,46,3,1,3,0,3
148,مَساء,evening,known,duolingo,duolingo,True,789,340,340,340,7294,503,454,,15,0,10,0,28,0,0,0,0,0
149,شَيْء,a thing,known,book,duolingo,True,3,339,339,3,3117,3,42,20,318,16,305,0,72,0,0,0,0,0
150,سُوءٌ,bad,known,duolingo,duolingo,True,265,3156,3156,265,14746,866,875,156,6,0,1,0,20,0,0,0,0,0
151,جَميل,beautiful,known,duolingo,duolingo,True,217,2299,2299,217,1253,179,768,625,42,0,14,0,245,0,0,0,0,0
155,سِي,c,known,duolingo,duolingo,True,1061,1120,1120,1061,19243,867,9094,,6,0,5,1,9,0,0,0,0,0
156,أَوَّلٌ,the first,known,book,duolingo,True,16,146,146,16,65,45,36,59,100,2,53,0,83,0,0,0,0,0
158,أَب,father,known,duolingo,duolingo,True,31,964,964,31,2325,26,179,135,136,1,12,0,160,0,0,0,0,0
159,ذَكِيّ,smart,known,duolingo,duolingo,True,470,13937,13937,470,8978,448,3395,1201,17,0,3,0,62,0,0,0,0,0
160,سَريع,fast,known,duolingo,duolingo,True,293,3912,3912,293,2767,337,965,482,24,0,3,0,127,0,0,0,0,0
161,جُبن,cheese,known,duolingo,duolingo,True,1101,27126,27126,1101,18211,619,4989,,11,0,2,0,13,0,0,0,0,0
162,بِلا,no,known,textbook_scan,duolingo,True,385,1185,1185,385,,207,12158,957,37,0,26,0,39,0,0,0,0,0
164,بَلَد,country,known,duolingo,duolingo,True,113,2175,2175,113,985,372,66,441,21,0,4,0,29,0,0,0,0,0
165,سَعيد,happy,known,duolingo,duolingo,True,194,773,773,194,4891,103,1026,1231,61,0,11,0,49,0,0,0,0,0
166,مُتَرجِم,translator,known,duolingo,duolingo,True,2009,1065,1065,1065,10271,,5927,,0,0,6,0,31,0,0,0,0,0
167,دُكتور,doctor,known,duolingo,duolingo,True,606,803,803,606,178,222,439,,35,0,0,0,7,0,0,0,0,0
168,مُمتِع,entertaining,known,duolingo,duolingo,True,505,16844,16844,505,43894,506,5688,517,15,0,0,0,25,1,0,1,0,1
169,جَيِّد,good,known,duolingo,duolingo,True,316,1827,1827,316,6303,392,588,1165,20,0,14,0,54,0,0,0,0,0
170,سَمَك,fish,known,duolingo,duolingo,True,574,13401,13401,574,8270,591,4230,1234,12,0,24,0,20,0,0,0,0,0
171,عَادِيٌّ,normal,known,textbook_scan,duolingo,True,200,7160,7160,200,6366,118,1891,316,15,1,19,0,56,1,0,1,0,1
172,دَجاج,chicken,known,duolingo,duolingo,True,979,12327,12327,979,6957,324,4707,,25,0,0,0,22,0,0,0,0,0
173,كَريم,generous,known,duolingo,duolingo,True,176,2036,2036,176,229,283,1166,249,29,0,1,0,13,0,0,0,0,1
174,بارِد,cold,known,textbook_scan,duolingo,True,532,12015,12015,532,10511,840,1831,952,8,2,12,0,121,0,0,0,0,0
175,بَيْعٌ,selling,known,duolingo,duolingo,True,308,738,738,308,1932,1135,970,360,3,0,2,0,15,0,0,0,0,0
176,بَابٌ,door,known,duolingo,duolingo,True,50,566,566,50,2051,58,86,215,91,1,41,0,74,0,0,0,0,0
177,كَبير,big,known,duolingo,duolingo,True,53,294,294,53,714,85,78,234,69,1,39,0,298,0,0,0,0,0
178,جَاكِيتٌ,jacket,known,duolingo,duolingo,True,,70509,70509,70509,83091,,,,0,0,0,0,8,0,0,0,0,0
179,جَديد,new,known,duolingo,duolingo,True,59,225,225,59,250,115,68,556,58,1,35,0,522,0,0,0,0,0
180,كَراج,garage,known,duolingo,duolingo,True,2300,24750,24750,2300,,,23737,,0,0,0,0,19,0,0,0,0,0
181,بَيت,house,known,duolingo,duolingo,True,40,384,384,40,685,35,166,126,122,6,19,0,222,0,0,0,0,0
182,تَاجٌ,crown,known,duolingo,duolingo,True,1109,6758,6758,1109,19990,1136,3066,,3,0,0,3,24,0,0,0,0,2
183,مُمتاز,amazing,known,duolingo,duolingo,True,1153,7177,7177,1153,5427,1670,3766,,1,0,1,0,11,0,0,0,0,0
184,زَوج,spouse; husband; wife,known,duolingo,duolingo,True,87,7103,7103,87,3687,97,320,109,63,0,10,0,66,0,0,0,0,0
185,جَار,neighbor,known,duolingo,duolingo,True,303,11997,11997,303,21557,436,798,728,18,0,15,0,121,0,0,0,0,0
186,كَيْك,cakes,known,duolingo,duolingo,True,,11821,11821,11821,21425,,,,0,0,0,0,5,1,1,0,1,1
187,وَاي,wi,known,duolingo,duolingo,True,1776,3006,3006,1776,22145,1429,,,2,0,0,1,8,0,0,0,0,0
188,كُوبٌ,cup,known,duolingo,duolingo,True,684,6319,6319,684,49217,1066,16464,835,4,0,4,0,34,2,0,1,1,0
189,ذُو,with,known,duolingo,duolingo,True,100,2699,2699,100,,363,151,73,26,4,36,6,24,0,0,0,0,0
192,دَوْرٌ,role,known,duolingo,duolingo,True,224,493,493,224,945,586,200,1196,14,2,21,6,16,0,0,0,0,0
193,رُودٌ,rhode,known,duolingo,duolingo,True,2186,14163,14163,2186,,,7582,,0,0,0,1,7,0,0,0,0,0
194,رَيٌّ,watering,known,leech_reintro,duolingo,True,555,16714,16714,555,8905,1023,2596,891,4,0,1,0,23,1,0,1,0,0
195,زَارَ,visited,known,textbook_scan,duolingo,True,811,5262,5262,811,,674,774,,10,0,9,0,87,0,0,0,0,0
196,زِيٌّ,uniform,known,duolingo,duolingo,True,923,6594,6594,923,19757,523,1455,,14,0,2,1,24,0,0,0,0,0
197,كِتابة,writing,known,textbook_scan,avp_a1,True,805,2237,2237,805,2851,820,1317,,7,0,10,0,34,0,0,0,0,0
198,استِماع,listening,known,study,avp_a1,True,896,12190,12190,896,7047,1113,3642,,3,0,10,0,10,0,0,0,0,0
199,قِراءة,reading,known,textbook_scan,book,True,1702,1695,1695,1695,2519,601,1443,,12,0,5,0,64,0,0,0,0,1
200,دِراسَة,studying,known,study,book,True,2456,1045,1045,1045,1116,,567,,0,0,0,0,57,0,0,0,0,0
201,قَوَاعِدُ,grammar,known,study,avp_a1,True,856,1915,1915,856,4150,1617,,913,1,0,0,0,13,0,0,0,0,0
202,كَلِمَة,word,known,story_import,avp_a1,True,79,527,527,79,2939,273,268,227,30,0,40,0,41,0,0,0,0,0
203,حَرْف,letter,known,textbook_scan,avp_a1,True,277,3714,3714,277,6616,1014,1761,733,4,0,6,0,17,0,0,0,0,0
204,حُرُوف,letters,known,study,avp_a1,True,1609,4472,4472,1609,6458,1301,,,2,0,9,0,8,0,0,0,0,0
205,نُقطة,dot,known,leech_reintro,avp_a1,True,595,619,619,595,6001,1242,252,,3,0,1,2,19,0,0,0,0,0
206,أَسْماء,"nouns, names",known,auto_intro,avp_a1,True,949,1170,1170,949,3053,1444,39934,,1,0,1,0,27,0,0,0,0,0
207,فِعْل,verb,known,textbook_scan,avp_a1,True,8,1480,1480,8,3507,6,192,97,261,6,114,2,31,0,0,0,0,0
208,صِفة,adjective,known,textbook_scan,avp_a1,True,838,4950,4950,838,12310,942,1366,,5,0,3,2,30,1,0,1,0,3
210,جُمَل,sentences,known,textbook_scan,avp_a1,True,213,14238,14238,213,7625,519,791,871,14,0,4,1,61,0,0,0,0,0
211,تَرْجَمة,translation,known,auto_intro,avp_a1,True,829,2823,2823,829,2812,617,2653,,11,0,0,0,39,0,0,0,0,0
212,صَفّ,"class, classroom",known,study,book,True,429,7397,7397,429,582,816,1078,362,7,0,2,0,165,0,0,0,0,0
213,صُفُوف,"classes, classrooms",known,leech_reintro,avp_a1,True,1715,2847,2847,1715,7770,,9007,,0,0,4,2,25,0,0,0,0,0
214,فَصْل,chapter; section; class; classroom; season,known,study,book,True,144,1981,1981,144,762,84,370,282,68,0,20,0,50,0,0,0,0,0
215,فُصُول,"classes, classrooms",known,study,avp_a1,True,1638,9150,9150,1638,11100,1603,,,1,0,0,0,7,0,0,0,0,0
216,دَرْس,lesson,known,textbook_scan,book,True,1735,4352,4352,1735,5598,553,1592,,13,0,0,0,185,0,0,0,0,0
217,دُرُوس,lessons,known,study,avp_a1,True,2380,667,667,667,2424,,,,0,0,0,0,20,0,0,0,0,0
218,واجِب,homework,known,study,avp_a1,True,819,5002,5002,819,5301,981,1197,,5,0,2,0,27,0,0,0,0,0
219,اِمْتِحان,"exam, test",known,study,avp_a1,True,857,3519,3519,857,7288,839,3589,,6,0,0,0,41,0,0,0,0,0
220,سُؤال,question,known,textbook_scan,avp_a1,True,140,1260,1260,140,2298,252,406,1222,32,0,11,0,38,0,0,0,0,0
221,أساتِذة,teachers,known,auto_intro,avp_a1,True,2492,6690,6690,2492,4466,,,,0,0,0,0,31,0,0,0,0,0
222,مُدَرِّس,teacher,known,textbook_scan,avp_a1,True,868,10800,10800,868,16466,965,3525,,5,0,0,0,187,0,0,0,0,0
223,طالِب,student,known,textbook_scan,avp_a1,True,214,1123,1123,214,2352,873,557,1261,6,0,6,0,662,0,0,0,0,0
224,طُلّاب,students,known,leech_reintro,avp_a1,True,2418,1454,1454,1454,957,,,,0,0,0,1,197,0,0,0,0,0
225,طَلبة,students,known,frequency_core,avp_a1,True,1656,3772,3772,1656,2227,,7715,,0,0,0,0,18,0,0,0,0,0
226,مَدْرَسَة,school,known,textbook_scan,avp_a1,True,584,787,787,584,1084,426,550,,19,0,2,0,118,0,0,0,0,0
227,دَفْتَر,notebook,known,textbook_scan,avp_a1,True,910,8982,8982,910,29123,1160,3841,,3,0,0,0,26,0,0,0,0,0
228,كِتاب,book,known,book,book,True,75,461,461,75,513,501,182,26,19,4,12,0,190,0,0,0,0,0
229,كُتُب,books,known,textbook_scan,book,True,808,191,191,191,684,384,282,,21,0,9,0,55,0,0,0,0,0
230,صَفْحَة,page,known,textbook_scan,avp_a1,True,727,954,954,727,320,1038,1359,,4,0,6,0,50,0,0,0,0,0
231,قَلَم,"pen, pencil",known,textbook_scan,avp_a1,True,242,9316,9316,242,6954,1062,938,832,5,1,4,0,34,0,0,0,0,0
232,أُسْبُوع,week,known,book,book,True,891,1283,1283,891,536,479,340,,15,0,11,0,77,0,0,0,0,0
233,أَحَد,Sunday,known,book,book,True,30,106,106,30,410,39,54,102,119,9,152,0,26,0,0,0,0,0
234,اثْنَين,Monday,known,textbook_scan,avp_a1,True,253,2792,2792,253,373,737,39252,451,8,0,6,0,12,0,0,0,0,2
235,ثُلاثاء,Tuesday,known,textbook_scan,avp_a1,True,1678,63722,63722,1678,402,,27398,,0,0,0,0,15,0,0,0,0,0
236,أَربِعاء,Wedenesday,known,textbook_scan,avp_a1,True,889,33183,33183,889,372,1251,40023,,2,0,0,0,14,0,0,0,0,0
237,خَمِيس,Thursday,known,textbook_scan,avp_a1,True,899,5960,5960,899,401,1513,34167,,1,0,0,0,15,1,0,0,1,1
238,جُمْعة,Friday,known,textbook_scan,avp_a1,True,344,3838,3838,344,353,1149,34906,1163,3,0,0,0,27,0,0,0,0,0
239,سَبْت,Saturday,known,textbook_scan,avp_a1,True,294,3118,3118,294,434,935,24937,637,5,0,1,0,20,0,0,0,0,0
240,يَوْم,day,known,textbook_scan,book,True,5,68,68,5,30,18,26,9,152,2,74,0,253,0,0,0,0,0
241,أَيّام,days,known,collateral,book,True,1627,310,310,310,899,184,,,41,0,19,0,27,0,0,0,0,0
242,سَنَة,year,known,textbook_scan,book,True,106,171,171,106,148,378,56,328,21,0,10,0,82,0,0,0,0,0
243,سَنَوات,years,known,collateral,avp_a1,True,1142,332,332,332,1438,471,,,16,0,5,0,19,0,0,0,0,0
244,سِنِينٌ,years,known,collateral,avp_a1,True,845,6464,6464,845,5411,1554,,484,1,0,0,0,26,0,0,0,0,0
245,عُمْر,age,known,textbook_scan,book,True,280,424,424,280,1153,421,478,354,19,0,8,0,19,0,0,0,0,0
246,سِنّ,age,known,book,book,True,530,2040,2040,530,3002,526,872,1018,14,0,11,1,35,1,0,0,1,1
247,وَقْت,time,known,textbook_scan,book,True,45,227,227,45,180,22,119,935,153,11,138,0,103,0,0,0,0,0
248,ساعَة,hour,known,textbook_scan,book,True,109,720,720,109,435,169,96,198,47,3,98,0,61,0,0,0,0,0
249,دَقِيقَة,minute,known,book,book,True,981,1319,1319,981,1617,627,514,,11,0,12,0,14,0,0,0,0,0
250,دَقائِق,minutes,known,frequency_core,avp_a1,True,1260,366,366,366,12139,803,,,8,1,3,0,16,0,0,0,0,0
251,صَباح,morning,known,textbook_scan,book,True,226,861,861,226,2155,104,368,1247,61,0,2,0,170,0,0,0,0,0
252,نَهار,day time,known,book,book,True,185,8385,8385,185,1760,206,863,79,38,0,10,0,45,1,0,0,1,0
253,لَيْل,"evening, night",known,textbook_scan,avp_a1,True,32,4409,4409,32,1549,32,283,93,123,0,29,0,131,0,0,0,0,0
254,مَرَّة,once,known,book,book,True,62,313,313,62,2055,36,143,364,121,9,156,0,47,0,0,0,0,0
255,مَامَا,mom,known,frequency_core,avp_a1,True,1005,19984,19984,1005,,1629,15777,,1,0,1,0,13,0,0,0,0,0
256,بَابَا,dad,known,textbook_scan,avp_a1,True,916,6587,6587,916,2522,700,37525,,9,0,1,0,17,0,0,0,0,0
257,أَوْلاد,boys,known,textbook_scan,avp_a1,True,1386,3257,3257,1386,7706,480,,,15,0,0,0,7,0,0,0,0,0
258,بَنات,girls,known,frequency_core,avp_a1,True,715,677,677,677,3209,1133,,406,4,1,2,0,12,0,0,0,0,0
259,أَبْناء,"boys, boys and girls",known,frequency_core,avp_a1,True,1438,931,931,931,6711,986,,,4,0,2,0,14,0,0,0,0,0
261,إخْوان,brothers,known,frequency_core,avp_a1,True,1417,12860,12860,1417,1416,739,,,8,0,0,0,7,0,0,0,0,0
262,أَخَوات,sisters,known,frequency_core,avp_a1,True,2540,19310,19310,2540,12783,,,,0,0,0,0,16,0,0,0,0,0
263,عائِلَة,family,known,textbook_scan,avp_a1,True,742,1522,1522,742,2022,774,817,,8,0,2,0,82,0,0,0,0,0
264,أُسْرَة,family,known,textbook_scan,avp_a1,True,154,1996,1996,154,465,740,520,548,8,0,3,0,37,0,0,0,0,0
265,نِساء,women,known,textbook_scan,book,True,286,2898,2898,286,825,734,459,167,9,0,3,0,16,0,0,0,0,0
266,رِجال,men,known,auto_intro,avp_a1,True,655,870,870,655,1421,806,,296,9,2,13,0,27,0,0,0,0,0
267,شَخْص,person,known,textbook_scan,avp_a1,True,98,425,425,98,1855,230,203,1022,34,0,36,0,38,0,0,0,0,0
268,أَصْحاب,friends,known,frequency_core,avp_a1,True,534,962,962,534,31221,1116,,113,3,0,0,0,11,1,0,0,1,0
269,أَصْدِقاء,friends,known,frequency_core,avp_a1,True,1597,4353,4353,1597,3391,1258,,,2,0,13,0,9,0,0,0,0,0
270,نَاسٌ,people,known,textbook_scan,book,True,44,5973,5973,44,193,162,114,29,51,4,94,0,199,0,0,0,0,0
271,شُغْل,work,known,frequency_core,avp_a1,True,264,6720,6720,264,8458,1032,949,1025,5,1,5,0,10,0,0,0,0,0
272,عَمَل,to work,known,textbook_scan,book,True,21,199,199,21,94,76,44,22,79,2,47,0,155,0,0,0,0,0
273,مُوَظَّف,employee,known,textbook_scan,avp_a1,True,820,5413,5413,820,7903,1089,1030,,4,0,1,0,74,0,0,0,0,0
274,طَبِيب,doctor,known,textbook_scan,book,True,830,1819,1819,830,2248,131,458,,53,0,3,0,280,0,0,0,0,0
275,قَمَر,moon,known,textbook_scan,avp_a1,True,156,6800,6800,156,2011,356,1148,310,23,0,5,0,59,0,0,0,0,0
276,شَمْس,sun,known,textbook_scan,book,True,275,3395,3395,275,1333,239,732,266,33,0,10,0,89,0,0,0,0,0
277,غُيُومٌ,clouds,known,textbook_scan,avp_a1,True,2588,43930,43930,2588,27764,,,,0,0,1,0,20,1,1,0,1,0
278,مَطَر,rain,known,textbook_scan,avp_a1,True,285,7830,7830,285,7409,1079,2388,662,4,0,5,0,125,0,0,0,0,0
279,ثَلْج,"snow, ice",known,textbook_scan,avp_a1,True,876,39841,39841,876,12522,666,3505,,10,0,8,0,28,0,0,0,0,0
280,شَجَرَة,tree,known,textbook_scan,avp_a1,True,130,5734,5734,130,10992,195,647,388,39,0,10,0,160,0,0,0,0,0
281,صَيْف,summer,known,textbook_scan,avp_a1,True,261,7013,7013,261,2388,594,1823,1256,12,0,1,0,57,0,0,0,0,0
282,شِتاء,winter,known,textbook_scan,avp_a1,True,292,17363,17363,292,4576,559,2463,1239,13,0,1,0,44,0,0,0,0,1
283,جَوّ,weather,known,textbook_scan,book,True,401,3986,3986,401,2891,213,743,976,38,2,7,0,101,0,0,0,0,0
284,حَرارَة,temperature,known,textbook_scan,avp_a1,True,850,5018,5018,850,2214,1013,2099,,4,0,1,0,40,0,0,0,0,0
285,بَرْد,cold,known,auto_intro,avp_a1,True,289,12305,12305,289,9362,701,1844,860,9,0,25,0,47,0,0,0,0,0
286,بُيُوت,houses,known,book,book,True,1980,5120,5120,1980,5220,909,21502,,5,0,11,0,7,0,0,0,0,0
287,شَقَّة,apartment,known,textbook_scan,avp_a1,True,311,2704,2704,311,10442,1561,3283,693,1,0,0,0,36,0,0,0,0,0
288,غُرَف,rooms,known,textbook_scan,book,True,175,1592,1592,175,5009,119,159,699,59,0,11,0,62,0,0,0,0,0
289,كُرْسِيّ,chair,known,textbook_scan,avp_a1,True,244,2875,2875,244,12124,602,1297,1058,12,0,7,0,28,0,0,0,0,0
290,مَكْتَب,office,known,textbook_scan,avp_a1,True,707,806,806,707,1510,1083,553,,4,0,2,0,84,0,0,0,0,0
291,نُور,light,known,textbook_scan,avp_a1,True,170,1109,1109,170,2272,980,1074,219,5,0,10,0,80,0,0,0,0,0
292,أَرْض,ground,known,textbook_scan,book,True,17,1062,1062,17,348,99,110,8,63,1,26,0,113,0,0,0,0,1
293,مَكان,place,known,textbook_scan,book,True,82,514,514,82,1160,53,145,311,95,2,63,0,84,0,0,0,0,0
294,بِلاد,countries,known,collateral,avp_a1,True,764,2657,2657,764,379,412,11851,,19,0,14,0,23,0,0,0,0,0
295,طَرِيق,"road, way",known,textbook_scan,book,True,88,257,257,88,693,66,102,815,84,0,52,0,87,0,0,0,0,0
296,شارِع,street,known,textbook_scan,avp_a1,True,652,1618,1618,652,1868,811,332,,7,0,46,0,45,0,0,0,0,0
297,عُنْوان,address,known,textbook_scan,avp_a1,True,769,910,910,769,3202,1049,1082,,4,0,1,0,22,0,0,0,0,0
298,مِنْطَقَة,area,known,textbook_scan,avp_a1,True,340,177,177,177,184,1085,103,,4,0,9,0,22,0,0,0,0,0
299,بَنْكٌ,bank,known,textbook_scan,avp_a1,True,739,1615,1615,739,1198,1473,471,,1,0,5,0,22,0,0,0,0,0
300,مَكْتَبَة,"bookstore, library",known,textbook_scan,book,True,1062,263,263,263,1373,974,2338,,5,0,0,0,61,0,0,0,0,0
301,مَحَلّ,"shop, place",known,textbook_scan,avp_a1,True,236,2018,2018,236,12086,1392,684,766,3,1,5,0,41,0,0,0,0,1
302,مَقْهَى,coffeeshop,known,textbook_scan,avp_a1,True,1687,6634,6634,1687,15746,,2934,,0,0,0,0,39,0,0,0,0,0
303,مَطْعَم,restaurant,known,textbook_scan,avp_a1,True,1664,1842,1842,1664,8805,,2682,,0,0,3,0,85,0,0,0,0,0
304,سُوق,market,known,textbook_scan,avp_a1,True,115,256,256,115,551,527,308,600,14,0,1,0,87,0,0,0,0,0
305,فُنْدُق,hotel,known,textbook_scan,avp_a1,True,716,1779,1779,716,3010,684,661,,10,0,0,0,37,0,0,0,0,1
306,مَطار,airport,known,textbook_scan,avp_a1,True,562,55,55,55,3639,1657,1368,,1,0,2,0,28,1,0,0,1,0
307,أَشْياء,things,known,collateral,avp_a1,True,1145,4316,4316,1145,2450,219,,,36,1,29,0,7,0,0,0,0,0
308,كَامِيرَا,camera,known,frequency_core,avp_a1,True,2508,6651,6651,2508,7083,,,,0,0,0,0,11,0,0,0,0,0
309,تِلْفِزيُون,television,known,textbook_scan,avp_a1,True,1655,4297,4297,1655,2426,,1530,,0,0,3,0,8,0,0,0,0,0
310,رَاديو,radio,known,textbook_scan,avp_a1,True,1750,7542,7542,1750,17262,,7429,,1,1,7,0,9,0,0,0,0,0
311,إِيمِيلٌ,email,known,frequency_core,avp_a1,True,1810,17676,17676,1810,11290,,16535,,0,0,0,0,8,0,0,0,0,0
312,رَقْم,number,known,textbook_scan,avp_a1,True,640,153,153,153,2166,1327,840,,3,1,12,0,23,0,0,0,0,0
313,فِيدْيُو,video,known,textbook_scan,avp_a1,True,1633,416,416,416,621,,3744,,0,0,0,0,22,0,0,0,0,0
314,سِينِمَا,cinema,known,textbook_scan,avp_a1,True,1662,4889,4889,1662,2504,,1981,,0,0,1,0,8,0,0,0,0,0
315,فِيلْم,movie,known,collateral,avp_a1,True,643,631,631,631,1582,685,558,,10,0,1,0,27,0,0,0,0,0
316,أَفْلام,movies,known,frequency_core,avp_a1,True,2282,328,328,328,480,,,,0,0,1,0,11,0,0,0,0,0
317,أخْبار,news,known,textbook_scan,avp_a1,True,181,80,80,80,286,738,7709,849,8,0,1,0,13,0,0,0,0,0
319,صُوَر,"photos, pictures",known,textbook_scan,avp_a1,True,63,92,92,63,195,260,214,410,33,1,20,0,32,0,0,0,0,0
320,رِسالة,message,known,textbook_scan,avp_a1,True,118,724,724,118,1935,399,322,528,20,0,2,0,79,0,0,0,0,0
321,رَسائِل,messages,known,frequency_core,avp_a1,True,1406,1465,1465,1406,464,1324,,,2,0,0,0,9,0,0,0,0,0
322,مُوسِيقَى,music,known,textbook_scan,book,True,1785,3169,3169,1785,2956,1086,1631,,4,0,8,0,25,0,0,0,0,0
323,طَعام,food,known,textbook_scan,avp_a1,True,116,5397,5397,116,1329,225,629,331,37,2,28,0,133,0,0,0,0,0
324,أَكْل,food,known,textbook_scan,avp_a1,True,192,6159,6159,192,5222,463,1277,431,16,0,6,0,42,0,0,0,0,0
325,غَداء,lunch,known,textbook_scan,avp_a1,True,341,17258,17258,341,12972,683,3038,1277,10,0,0,0,30,0,0,0,0,0
326,عَشاء,dinner,known,book,book,True,1144,13554,13554,1144,5882,341,1679,1038,24,0,0,0,43,0,0,0,0,0
327,حَلال,halal,known,frequency_core,avp_a1,True,987,12916,12916,987,12237,,6127,683,0,0,0,0,9,0,0,0,0,0
328,قَهْوَة,coffee,known,textbook_scan,avp_a1,True,887,9260,9260,887,5712,1374,2387,,2,0,1,0,39,0,0,0,0,0
329,شَايٌ,tea,known,textbook_scan,avp_a1,True,870,12742,12742,870,7064,714,3380,,9,0,0,0,40,0,0,0,0,0
330,مَاءٌ,water,known,textbook_scan,book,True,110,850,850,110,125,153,296,152,49,0,18,0,182,0,0,0,0,0
331,عَصِير,juice,known,textbook_scan,avp_a1,True,962,8679,8679,962,29616,1358,11441,,2,0,0,0,27,0,0,0,0,0
332,حَلِيب,milk,known,textbook_scan,avp_a1,True,957,12080,12080,957,7128,1505,8531,,1,0,0,0,38,1,0,1,0,0
333,سُكَّر,sugar,known,textbook_scan,avp_a1,True,276,7144,7144,276,2696,1338,2805,639,2,0,0,0,25,1,0,0,1,0
334,عَسَل,honey,known,textbook_scan,avp_a1,True,350,9522,9522,350,4545,949,3518,1271,5,0,5,0,30,1,0,0,1,0
335,بُرْتُقال,oranges,known,textbook_scan,avp_a1,True,968,65439,65439,968,18055,1270,9620,,2,0,1,0,13,0,0,0,0,0
336,مَوْز,bananas,known,textbook_scan,avp_a1,True,518,62553,62553,518,17120,1678,13153,1329,1,0,0,0,8,0,0,0,0,0
337,تُفَّاح,apples,known,textbook_scan,avp_a1,True,884,59013,59013,884,10343,618,6108,,11,0,2,0,15,0,0,0,0,0
338,خُبْز,bread,known,textbook_scan,avp_a1,True,324,14986,14986,324,5626,750,2954,1179,8,0,7,0,50,0,0,0,0,0
339,مَكَرونة,pasta,known,textbook_scan,avp_a1,True,1881,58265,58265,1881,36008,,19709,,0,0,0,0,18,0,0,0,0,0
340,بِيتْزا,pizza,known,textbook_scan,avp_a1,True,1827,20465,20465,1827,13737,,18120,,0,0,0,0,13,0,0,0,0,0
341,بَيْض,eggs,known,textbook_scan,avp_a1,True,216,17883,17883,216,4771,212,2759,1134,38,0,2,0,21,1,0,0,1,0
342,لَحْم,meat,known,textbook_scan,book,True,619,5145,5145,619,8400,783,1721,494,8,0,3,0,47,0,0,0,0,0
343,لَبَن,"milk, yoghurt",known,textbook_scan,avp_a1,True,317,14437,14437,317,10918,782,3042,1061,8,0,1,0,26,3,1,2,1,1
344,زَيت,oil,known,textbook_scan,avp_a1,True,356,3694,3694,356,7245,1180,3299,1221,3,0,0,0,18,0,0,0,0,0
345,فِنْجان,"(coffe, tea) cup",known,frequency_core,avp_a1,True,961,15421,15421,961,50530,1367,7801,,2,0,1,0,14,1,0,1,0,0
346,حِساب,bill,known,textbook_scan,avp_a1,True,171,1037,1037,171,4025,1153,845,237,3,0,6,0,43,3,2,0,3,0
347,كِيلُو,kilo,known,textbook_scan,avp_a1,True,1682,3677,3677,1682,25154,,3452,,0,0,1,0,15,0,0,0,0,0
348,جِسْم,body,known,textbook_scan,book,True,500,4078,4078,500,1263,581,746,973,12,0,8,0,30,0,0,0,0,0
349,رَأْس,head,known,textbook_scan,avp_a1,True,74,891,891,74,2465,228,131,398,38,4,32,0,43,0,0,0,0,0
350,عَيْن,eye,known,textbook_scan,avp_a1,True,19,708,708,19,22,72,87,158,79,0,39,0,45,1,0,0,1,0
351,يَد,hand,known,textbook_scan,avp_a1,True,23,1584,1584,23,3139,63,43,61,91,4,44,0,63,1,0,0,1,0
352,وَجْه,face,known,textbook_scan,avp_a1,True,37,904,904,37,2334,83,113,123,73,3,54,0,59,0,0,0,0,0
353,اللّهُ,God,known,book,book,True,2,16,16,2,,5,5693,1,265,2,3,0,126,0,0,0,0,0
354,حَياة,life,known,textbook_scan,book,True,527,865,865,527,222,220,89,,39,4,31,0,71,0,0,0,0,0
355,مَعْنَى,meaning,known,textbook_scan,avp_a1,True,686,2226,2226,686,3993,505,643,,15,0,15,0,46,0,0,0,0,0
356,مُشْكِلَة,problem,known,book,book,True,878,1136,1136,878,1564,370,372,,22,0,0,0,28,0,0,0,0,0
357,نَفْس,same (+noun),known,book,book,True,9,517,517,9,1208,16,31,19,162,4,192,0,56,0,0,0,0,0
361,كَثِير,"many, many, a lot",known,textbook_scan,book,True,29,975,975,29,337,17,92,125,160,3,79,0,147,0,0,0,0,0
362,قَلِيل,"little, few",known,textbook_scan,avp_a1,True,46,2820,2820,46,6887,67,376,120,87,3,57,0,50,0,0,0,0,0
363,صَغِير,small,known,textbook_scan,avp_a1,True,20,3034,3034,20,3475,10,338,694,199,4,145,0,245,0,0,0,0,0
364,قَصِير,short,known,book,book,True,1125,5864,5864,1125,9101,453,1059,1055,17,0,10,0,30,0,0,0,0,0
365,بَعِيد,far,known,textbook_scan,avp_a1,True,64,2043,2043,64,8900,57,686,319,91,0,29,0,115,0,0,0,0,0
366,قَرِيب,close,known,book,book,True,212,3099,3099,212,5315,171,430,209,44,0,11,0,96,0,0,0,0,0
367,سيّء,bad,known,textbook_scan,avp_a1,True,191,20879,20879,191,26076,439,1961,298,18,0,8,0,26,0,0,0,0,0
368,حارّ,hot,known,textbook_scan,avp_a1,True,258,15345,15345,258,15975,446,4306,978,17,0,17,0,59,0,0,0,0,0
369,صَعْب,difficult,known,textbook_scan,avp_a1,True,785,5437,5437,785,4031,634,1060,,12,1,11,0,102,0,0,0,0,0
370,لَذِيذ,"delicious, tasty",known,textbook_scan,avp_a1,True,229,16211,16211,229,40103,368,5081,916,22,0,2,0,67,0,0,0,0,0
371,حُلُو,"sweet, nice",known,textbook_scan,avp_a1,True,855,8797,8797,855,13654,849,4353,,6,0,4,0,41,0,0,0,0,0
372,مُتَزَوِّج,married,known,frequency_core,avp_a1,True,933,18521,18521,933,70120,1223,4623,,3,0,0,0,8,0,0,0,0,0
373,جاهِز,ready,known,textbook_scan,avp_a1,True,877,10754,10754,877,40254,1008,3899,,4,0,1,0,15,0,0,0,0,0
374,مَرِيض,sick,known,textbook_scan,book,True,536,8137,8137,536,2630,474,1825,540,16,0,4,0,115,0,0,0,0,0
375,ساكِن,"living, residing in..",known,textbook_scan,avp_a1,True,211,24167,24167,211,43212,524,779,1225,14,0,3,0,10,1,0,0,1,0
376,زَعْلان,"upset, angry",known,frequency_core,avp_a1,True,1370,53130,53130,1370,,1334,17802,,2,0,0,0,15,4,2,1,3,0
377,أَكْثَر,more,known,textbook_scan,book,True,85,63,63,63,1201,462,106,110,18,2,64,0,20,0,0,0,0,0
378,أَكْبَر,bigger; biggest,known,book,book,True,210,293,293,210,1698,610,189,268,12,1,23,0,40,0,0,0,0,0
379,أَحْسَن,better,known,textbook_scan,avp_a1,True,123,1884,1884,123,40562,298,1174,179,27,0,1,0,6,0,0,0,0,0
380,أَخْضَر,green,known,textbook_scan,avp_a1,True,198,10165,10165,198,2125,371,1611,618,21,0,12,2,29,0,0,0,0,0
381,أَحْمَر,red,known,book,book,True,449,4789,4789,449,1267,332,846,1094,25,1,8,0,105,0,0,0,0,0
382,أََسْوَد,black,known,textbook_scan,avp_a1,True,233,4372,4372,233,2142,696,1367,778,9,0,10,0,65,0,0,0,0,0
383,واحِد,one,known,textbook_scan,book,True,48,247,247,48,1929,41,100,160,104,0,97,0,58,0,0,0,0,0
384,عَرَبيّ,"Arab, Arabic",known,textbook_scan,avp_a1,True,703,1071,1071,703,137,,1287,508,1,1,6,0,46,0,0,0,0,0
386,رَاحَ,to go,known,textbook_scan,avp_a1,True,125,5358,5358,125,,168,954,339,45,1,16,0,19,1,0,0,1,0
387,نَامَ,to sleep,known,textbook_scan,avp_a1,True,186,22802,22802,186,,166,1234,1333,46,1,12,0,33,1,0,0,1,0
388,مَشَى,to walk,known,textbook_scan,avp_a1,True,685,34057,34057,685,69726,344,597,,25,1,14,0,25,0,0,0,0,0
389,عَرَفَ,to know,known,book,book,True,10,3720,3720,10,21178,7,47,144,260,6,153,0,91,0,0,0,0,0
390,أَرادَ,to want,known,book,book,True,22,2685,2685,22,,20,51,53,160,14,109,0,105,0,0,0,0,0
391,سَأَلَ,to ask,known,textbook_scan,avp_a1,True,6,10050,10050,6,,4,162,78,310,9,57,0,67,0,0,0,0,0
392,سَمِعَ,to hear,known,textbook_scan,avp_a1,True,14,6386,6386,14,8226,15,85,77,169,2,50,0,121,0,0,0,0,0
393,أَخَذَ,to take,known,book,book,True,39,1846,1846,39,7543,31,127,54,127,1,49,6,136,0,0,0,0,0
394,أَحَبَّ,"to like, love",known,textbook_scan,book,True,188,3335,3335,188,,105,187,718,113,2,10,0,171,0,0,0,0,0
395,تعلّمَ,to learn,known,book,book,True,368,1102,1102,368,3985,143,1936,961,52,2,21,0,92,0,0,0,0,0
396,فَهِمَ,to understand,known,collateral,avp_a1,True,141,1803,1803,141,8579,197,494,1283,41,2,35,0,73,0,0,0,0,0
397,فَتَحَ,to open,known,textbook_scan,avp_a1,True,65,651,651,65,6026,95,405,292,65,1,20,0,51,0,0,0,0,0
398,قَرَأَ,to read,known,story_import,book,True,335,9202,9202,335,,296,604,413,30,2,8,0,103,0,0,0,0,0
399,شاهَدَ,to watch,known,textbook_scan,book,True,287,1767,1767,287,8799,328,871,279,26,1,30,0,119,0,0,0,0,0
400,اِشْتَرَى,to buy,known,textbook_scan,book,True,381,16081,16081,381,,445,663,358,17,0,9,0,214,0,0,0,0,0
401,شَرِبَ,to drink,known,textbook_scan,avp_a1,True,205,5436,5436,205,7841,528,1321,372,14,0,4,0,82,0,0,0,0,0
402,بَدَأَ,to start,known,textbook_scan,book,True,35,867,867,35,58720,12,213,337,175,4,200,0,68,0,0,0,0,0
403,نظّف,to clean,known,textbook_scan,avp_a1,True,869,112737,112737,869,,1426,5981,,2,0,1,0,42,0,0,0,0,0
404,شَافَ,to see,known,frequency_core,avp_a1,True,282,40148,40148,282,79072,379,3379,1021,21,0,5,0,20,0,0,0,0,0
405,تذكّر,to remember,known,book,book,True,347,4177,4177,347,51928,320,1225,191,25,0,23,0,23,0,0,0,0,0
406,أَعْطَى,to give,known,book,book,True,290,6469,6469,290,,155,469,589,48,0,17,0,129,1,0,0,1,0
407,دَخَلَ,to enter,known,textbook_scan,book,True,61,1938,1938,61,4022,92,104,70,66,2,26,0,62,0,0,0,0,0
408,قَالَ,to say,known,book,book,True,1,51,51,1,,1,7,2,1267,31,484,0,209,1,0,0,1,0
411,طَبْعاً,of course,known,textbook_scan,avp_a1,True,1593,3446,3446,1593,,1201,,,3,0,3,1,15,0,0,0,0,0
413,قَلِيلاً,a little bit,known,book,book,True,2276,2926,2926,2276,,263,,,32,1,31,0,46,0,0,0,0,0
414,مُبَكِّراً,early,known,collateral,avp_a1,True,1604,7999,7999,1604,,1071,,,4,0,0,0,12,0,0,0,0,0
415,مُتَأَخِّراً,late,known,collateral,avp_a1,True,1613,20379,20379,1613,,961,,,5,0,4,0,15,0,0,0,0,0
417,جَيِّداً,"good, well",known,collateral,book,True,1769,1597,1597,1597,,393,11884,,20,0,4,0,13,0,0,0,0,0
418,دائِماً,always,known,collateral,avp_a1,True,1137,670,670,670,,323,,,28,3,32,0,63,0,0,0,0,0
419,عادَةً,usually,known,textbook_scan,book,True,965,2087,2087,965,5082,418,532,,19,0,1,2,32,0,0,0,0,0
420,أحْياناً,sometimes,known,book,book,True,2400,2117,2117,2117,,542,,,13,0,4,0,20,0,0,0,0,0
421,أَبَداً,never,known,frequency_core,book,True,477,1563,1563,477,,248,16956,275,32,0,19,0,17,0,0,0,0,0
427,فِعْلًا,"really, indeed",known,frequency_core,avp_a1,True,1594,2607,2607,1594,,1366,,,5,3,21,0,12,0,0,0,0,0
428,مَرْحَباً,"hello, welcome",known,auto_intro,avp_a1,True,1602,3366,3366,1602,,1397,,,2,0,0,0,16,0,0,0,0,0
429,سَلام,"hi, bye (abbrev. of السلام عليكم \ وعليكم السلام)",known,textbook_scan,avp_a1,True,93,1874,1874,93,167,937,270,225,5,0,4,0,13,0,0,0,0,0
430,تشَرَّفنا,nice to meet you,known,auto_intro,avp_a1,True,953,58735,58735,953,,1478,5657,,1,0,0,0,15,0,0,0,0,0
431,بَاي,bye,known,frequency_core,avp_a1,True,888,1140,1140,888,48238,659,37385,,11,1,15,0,7,0,0,0,0,0
432,تفَضَّل,"welcome, go ahead",known,auto_intro,avp_a1,True,919,8089,8089,919,71750,1140,5436,,3,0,2,0,24,0,0,0,0,0
433,يلّا,"come on, let's go",known,book,book,True,3657,6772,6772,3657,,,8645,,0,0,2,0,12,1,0,1,0,1
434,يَعْنِي,I mean..,known,frequency_core,avp_a1,True,710,618,618,618,,182,24764,,42,0,5,0,7,0,0,0,0,0
435,تَمَامٌ,"ok, deal",known,textbook_scan,avp_a1,True,307,4507,4507,307,66541,1284,1250,1147,2,0,66,0,14,0,0,0,0,0
436,كِفاية,(that's) enough,known,frequency_core,avp_a1,True,917,13611,13611,917,15494,1064,4547,,5,1,5,0,12,1,0,0,1,1
438,مُمْكِن,can / may..?,known,textbook_scan,avp_a1,True,333,1028,1028,333,2728,218,155,,37,1,16,0,26,0,0,0,0,0
439,آسِف,I'm sorry,known,book,book,True,459,15809,15809,459,15268,300,1345,549,28,1,11,0,18,0,0,0,0,1
442,نَعَم,yes,known,textbook_scan,book,True,80,1649,1649,80,20187,77,178,82,79,4,0,0,36,0,0,0,0,0
459,بِسَبَبِ,because of,known,collateral,avp_a1,True,1204,218,218,218,,908,,,6,1,7,0,163,0,0,0,0,0
460,بِجَانِبِ,next to,known,textbook_scan,avp_a1,True,1437,3946,3946,1437,,546,,,13,0,3,0,182,0,0,0,0,0
464,خَلْف,behind,known,frequency_core,avp_a1,True,128,1735,1735,128,5089,311,1064,211,26,0,24,0,38,0,0,0,0,0
468,مَرْأَة,woman,known,textbook_scan,wiktionary,True,847,10549,10549,847,253,369,350,,24,2,20,0,32,0,0,0,0,0
469,جِهَادٌ,"struggle, jihad",,,wiktionary,False,1659,8061,8061,1659,4203,,35007,790,0,0,0,,,0,0,0,0,0
470,حَمَاسٌ,excitement; enthusiasm; zeal,known,frequency_core,wiktionary,True,1775,1297,1297,1297,23482,850,3460,,6,0,5,0,19,1,1,0,1,0
471,فَتْوَى,"legal opinion, fatwa",,,wiktionary,False,3099,15363,15363,3099,8451,,4657,,0,0,0,,,0,0,0,0,0
472,خَلِيفَةٌ,a successor,known,book,book,True,465,2292,2292,465,6589,491,789,559,15,0,0,0,12,0,0,0,0,0
473,فَاسٌ,"axe, pickaxe",known,textbook_scan,wiktionary,True,1973,8870,8870,1973,74704,1054,9618,,4,0,0,0,9,0,0,0,0,0
474,مُؤَذِّنٌ,muezzin,,,wiktionary,False,2144,70837,70837,2144,33442,,6592,1064,0,0,0,,,0,0,0,0,0
475,مُلَّا,mullah,known,textbook_scan,wiktionary,True,550,16111,16111,550,9554,645,1743,288,12,1,1,0,19,0,0,0,0,0
476,شَيْخٌ,old man,known,book,book,True,394,2507,2507,394,122,240,13657,810,33,0,0,0,20,0,0,0,0,0
477,شُوكُولَاتَةٌ,chocolate,known,collateral,wiktionary,True,2591,75957,75957,2591,20846,1565,,,1,0,0,0,28,0,0,0,0,0
478,إِنْجِلِيزِيٌّ,English,known,textbook_scan,wiktionary,True,1897,10067,10067,1897,2782,1125,39482,,3,0,0,0,8,0,0,0,0,0
479,بِرِيطَانِيٌّ,"British person, Briton",known,study,wiktionary,True,1958,13063,13063,1958,2044,1130,37151,,3,0,0,0,9,0,0,0,0,0
480,مِزَاجٌ,"mood, temperament",known,leech_reintro,wiktionary,True,843,29557,29557,843,18037,1652,4010,922,1,0,0,1,21,5,2,1,4,1
481,كَلَّمَ,"to speak, to talk, to address",known,textbook_scan,wiktionary,True,383,4521,4521,383,32719,367,755,293,22,0,14,0,12,0,0,0,0,0
482,صِرْبٌ,Serbs,known,textbook_scan,wiktionary,True,1518,41296,41296,1518,26129,1037,4257,1250,4,0,1,0,6,0,0,0,0,0
483,رَشَدَ,to be guided,known,frequency_core,wiktionary,True,559,819,819,559,6454,809,2642,480,7,0,3,0,28,1,1,1,0,0
484,سِلْمٌ,peace,known,textbook_scan,wiktionary,True,230,3085,3085,230,5365,292,806,239,28,0,7,0,23,0,0,0,0,0
485,شَرُفَ,to be noble,known,frequency_core,wiktionary,True,1697,3501,3501,1697,6555,812,1044,,8,1,4,0,10,0,0,0,0,0
486,حَسُنَ,to be good,known,textbook_scan,wiktionary,True,92,392,392,92,1576,44,727,170,99,0,13,0,15,0,0,0,0,0
487,إِسْرَائِيلِيٌّ,Israeli,known,frequency_core,wiktionary,True,2957,5696,5696,2957,542,,39353,,0,0,0,0,8,1,0,0,1,2
488,أُنْثَى,female,known,textbook_scan,wiktionary,True,506,6709,6709,506,14205,309,5262,285,26,0,0,0,5,0,0,0,0,0
489,دُولَارٌ,dollar,known,textbook_scan,wiktionary,True,886,168,168,168,516,1522,260,,1,0,0,0,10,0,0,0,0,0
490,قَطَّ,to carve,known,textbook_scan,wiktionary,True,476,9286,9286,476,19988,147,2697,912,51,1,5,1,10,0,0,0,0,0
491,ثُعْبَانٌ,snake,known,study,wiktionary,True,841,44670,44670,841,35233,916,6676,969,5,0,0,0,19,1,0,0,1,0
492,مِصْرُ,Egypt,known,textbook_scan,wiktionary,True,473,76,76,76,65215,970,6767,768,5,0,0,0,36,1,0,0,1,0
493,أُخْطُبُوطٌ,octopus,,,wiktionary,False,,92180,92180,92180,62549,,,,0,0,0,,,0,0,0,0,0
494,ذَهَبَ,to go,known,book,book,True,26,2976,2976,26,1624,11,107,175,191,3,80,0,137,0,0,0,0,0
495,عَنْكَبُوتٌ,spider,known,textbook_scan,wiktionary,True,1585,87833,87833,1585,9664,1593,11585,1040,1,0,2,0,14,0,0,0,0,1
496,مَسْجِدٌ,mosque,known,textbook_scan,wiktionary,True,481,3327,3327,481,1756,824,1143,302,7,0,0,0,51,0,0,0,0,0
497,حِمَارٌ,donkey,known,textbook_scan,wiktionary,True,615,21958,21958,615,14171,395,1921,736,20,0,0,0,7,0,0,0,0,0
498,مُسْلِمٌ,Muslim,known,textbook_scan,wiktionary,True,567,2001,2001,567,2733,969,18460,210,5,0,0,0,28,0,0,0,0,0
499,سِنْتٌ,cent,known,study,wiktionary,True,1991,30632,30632,1991,,1553,8297,,1,0,0,0,15,1,0,1,0,2
501,سَمَّى,to name,acquiring,frequency_core,wiktionary,True,413,28975,28975,413,,632,832,254,12,1,12,4,14,0,0,0,0,0
502,حَرِيمٌ,harem,,,wiktionary,False,4051,27794,27794,4051,50162,,5808,,0,0,0,,,0,0,0,0,0
503,نَسَخَ,to copy,known,study,wiktionary,True,800,3542,3542,800,6302,1238,11513,928,3,0,1,0,22,0,0,0,0,0
504,نَسْتَعْلِيقٌ,Nastaliq calligraphy,,,wiktionary,False,,506219,506219,506219,,,,,0,0,0,,,0,0,0,0,0
505,מלך,king (Judeo-Arabic),,,wiktionary,False,,,,,,,,,2,0,1,,,0,0,0,0,0
506,صِينٌ,China,known,frequency_core,wiktionary,True,1913,62887,62887,1913,779,1198,29138,,3,0,0,0,10,0,0,0,0,0
507,فَارِسِيّ,the Persian language,known,textbook_scan,wiktionary,True,2064,41340,41340,2064,14461,879,36128,,6,0,0,0,6,0,0,0,0,0
508,مَخَازِنُ,"stores, warehouses",,,wiktionary,False,,13157,13157,13157,21985,,,,0,0,2,,,0,0,0,0,0
509,إِنْكِلِيزِيٌّ,English,known,textbook_scan,wiktionary,True,,36269,36269,36269,7097,,,,0,0,0,0,5,0,0,0,0,0
510,نَجَّارٌ,carpenter,known,textbook_scan,wiktionary,True,2010,20358,20358,2010,11438,1236,9332,,3,0,1,0,36,1,0,0,1,0
511,حَاسُوبٌ,computer,known,leech_reintro,wiktionary,True,3107,15846,15846,3107,2883,,7967,,0,0,0,1,26,0,0,0,0,0
512,حَجَرَ,"to stop, to hinder",known,textbook_scan,wiktionary,True,490,2435,2435,490,4479,486,914,629,14,0,15,0,18,1,0,1,0,1
513,تَايْلَانْدِيٌّ,Thai,,,wiktionary,False,,91113,91113,91113,49769,,,,0,0,0,,,0,0,0,0,0
514,فَيْلَسُوفٌ,philosopher,known,study,wiktionary,True,1982,42868,42868,1982,19501,1607,3516,,1,0,2,0,12,0,0,0,0,0
515,فِيلٌ,elephant,known,textbook_scan,wiktionary,True,1273,21798,21798,1273,13350,452,4378,1053,17,0,4,0,23,0,0,0,0,0
516,لُورْدٌ,lord,known,study,wiktionary,True,1857,53347,53347,1857,37619,1220,1210,,3,0,0,0,12,0,0,0,0,0
517,مِنْظَارٌ,"telescope, binoculars",known,study,wiktionary,True,1997,39161,39161,1997,43775,1418,3675,,2,0,0,0,14,1,0,0,1,0
518,مُنْدَثِرٌ,extinct,known,auto_intro,wiktionary,True,,438838,438838,438838,,,,,0,0,0,0,28,0,0,0,0,0
519,مُخَاطٌ,mucus,,,wiktionary,False,,145201,145201,145201,74222,,,,0,0,0,,,0,0,0,0,0
520,قُنْفُذٌ,hedgehog,,,wiktionary,False,,140828,140828,140828,,,,,0,0,0,,,0,0,0,0,0
521,جَمَالٌ,beauty,known,textbook_scan,wiktionary,True,428,921,921,428,2436,413,584,1162,19,0,1,0,25,0,0,0,0,0
522,شَارِبٌ,mustache,known,textbook_scan,wiktionary,True,748,6397,6397,748,62151,1028,3329,748,4,0,1,0,26,0,0,0,0,0
523,لِحْيَةٌ,beard,known,book,book,True,1282,57506,57506,1282,29451,535,2380,1294,14,0,3,0,19,1,0,1,0,1
524,شَجَرَ,"to occur, to happen",lapsed,textbook_scan,wiktionary,True,796,17670,17670,796,11061,1030,8873,601,4,0,2,0,9,1,1,0,1,0
525,أَبْجَدِيَّة,alphabet,known,collateral,wiktionary,True,,25401,25401,25401,23991,,,,0,0,0,0,9,0,0,0,0,0
526,رَمَضَانُ,Ramadan,known,textbook_scan,wiktionary,True,2026,343,343,343,,,30400,1214,0,0,0,0,35,0,0,0,0,0
527,אל,"family, clan",encountered,textbook_scan,book,False,,,,,,,,,1,0,0,0,0,0,0,0,0,0
528,قَامُوسٌ,"dictionary, lexicon",known,textbook_scan,wiktionary,True,3920,14489,14489,3920,9352,,9099,,0,0,0,0,23,0,0,0,0,0
529,إِيفَاءٌ,"fulfillment, payment",,,wiktionary,False,,100595,100595,100595,57555,,,,0,0,0,,,0,0,0,0,0
531,بُوتَاسِيُومٌ,potassium,,,wiktionary,False,,118204,118204,118204,27419,,,,0,0,0,,,0,0,0,0,0
532,حَقِيقَةٌ,"truth, reality",known,textbook_scan,wiktionary,True,846,1571,1571,846,1365,204,301,,41,3,27,0,60,0,0,0,0,0
533,إِكْسِينُونٌ,xenon,,,wiktionary,False,,2021470,2021470,2021470,,,,,0,0,0,,,0,0,0,0,0
534,أَفْرِيقَانِيَّةٌ,Afrikaans language,,,wiktionary,False,,647443,647443,647443,,,,,0,0,0,,,0,0,0,0,0
536,مُعْجَمٌ,dictionary,,,wiktionary,False,3515,6963,6963,3515,3398,,12271,,0,0,0,,,0,0,0,0,0
537,ثَعْلَبٌ,fox,known,leech_reintro,wiktionary,True,1515,34682,34682,1515,37704,50,2341,,93,0,0,1,24,0,0,0,0,0
538,شَاذٌّ,"abnormal, irregular",,,wiktionary,False,4587,46394,46394,4587,57349,,8371,,0,0,0,,,0,0,0,0,0
539,أَبْجَدِيٌّ,alphabetical,,,wiktionary,False,,140720,140720,140720,34826,,,,0,0,0,,,0,0,0,0,0
540,ثَقَافَةٌ,"culture, education",known,textbook_scan,wiktionary,True,2019,1660,1660,1660,792,,818,,0,0,0,0,26,1,0,0,1,0
541,فَرَنْسِيَّةٌ,French (feminine/language),known,textbook_scan,wiktionary,True,2403,6529,6529,2403,571,1056,,,4,0,0,0,9,1,0,0,1,0
542,مَخْزَنٌ,"storeroom, storehouse",known,textbook_scan,wiktionary,True,1918,15480,15480,1918,23696,1073,3729,,4,0,6,0,26,0,0,0,0,0
543,خَزَنَ,"to store, save",known,study,wiktionary,True,831,82139,82139,831,85659,1308,6210,796,2,0,2,0,13,2,0,0,2,0
544,شَغَفَ,"to infatuate, fascinate",learning,study,wiktionary,True,1582,28889,28889,1582,36011,1560,5030,1241,1,0,1,0,10,0,0,0,0,0
545,هِيَامٌ,"passionate love, infatuation",,,wiktionary,False,3825,34127,34127,3825,,,4489,,0,0,0,,,0,0,0,0,0
546,نَرْجِسِيَّةٌ,narcissism,,,wiktionary,False,,120567,120567,120567,79360,,,,0,0,0,,,0,0,0,0,0
547,وِيكِي,wiki,,,wiktionary,False,,43299,43299,43299,92891,,,,0,0,0,,,0,0,0,0,0
549,مَسَكَ,"to hold, grasp",known,textbook_scan,wiktionary,True,336,18444,18444,336,16303,176,1485,251,44,1,19,0,23,0,0,0,0,0
550,غَبِيَ,"to be ignorant, to not understand",suspended,textbook_scan,wiktionary,False,1693,42919,42919,1693,55312,313,1441,,26,0,1,1,5,0,0,0,0,0
551,صَدَرَ,"to issue, emerge",known,textbook_scan,wiktionary,True,274,1828,1828,274,3377,402,445,199,22,2,17,0,31,0,0,0,0,0
553,بَاتٌّ,"definite, definitive",known,textbook_scan,wiktionary,True,1096,2016,2016,1096,95908,997,741,,4,0,0,0,18,2,0,2,0,1
554,بَانَ,"to separate, to become distinct, to sunder",known,textbook_scan,wiktionary,True,,130,130,130,25662,,,,13,0,0,0,26,0,0,0,0,0
555,حِصَان,horse,known,textbook_scan,wiktionary,True,1717,11970,11970,1717,17911,374,1686,,21,0,0,0,41,1,0,0,1,0
556,كُوبْرِيٌّ,"overpass, flyover",,,wiktionary,False,4537,36740,36740,4537,83197,,7443,,0,0,0,,,0,0,0,0,0
557,أَقْمَارٌ,moons,,,wiktionary,False,,29219,29219,29219,6016,,,,0,0,0,,,0,0,0,0,0
558,لِسَانٌ,tongue,known,textbook_scan,wiktionary,True,515,4849,4849,515,7524,1068,790,323,4,0,1,0,17,0,0,0,0,0
559,دَمَّ,"to coat, to smear",known,frequency_core,wiktionary,True,312,6053,6053,312,1176,325,472,408,25,0,7,5,17,0,0,0,0,0
560,بَالَغَ,to exaggerate,known,textbook_scan,wiktionary,True,554,8033,8033,554,4298,576,989,679,12,0,3,0,30,2,1,1,1,1
561,قَدَمَ,to precede,known,textbook_scan,book,True,78,989,989,78,408,49,218,233,94,0,63,0,44,0,0,0,0,0
562,نَارٌ,fire,known,textbook_scan,wiktionary,True,160,2695,2695,160,866,477,448,55,16,0,3,0,30,0,0,0,0,0
563,مُمَثِّلَةٌ,actress,,,wiktionary,False,,4497,4497,4497,7134,,,,0,0,0,,,0,0,0,0,0
564,قَطَرَ,to drip,known,textbook_scan,wiktionary,True,587,665,665,587,19098,500,4931,831,15,0,1,0,27,1,0,1,0,1
565,جِهَازٌ,"device, equipment",known,textbook_scan,wiktionary,True,406,878,878,406,980,1295,443,975,2,0,8,0,27,0,0,0,0,0
566,سَمَوَاتٌ,"heavens, skies",encountered,collateral,wiktionary,False,,103375,103375,103375,10901,,,,1,1,1,0,0,0,0,0,0,0
567,صِينِيٌّ,Chinese,known,study,wiktionary,True,1934,7289,7289,1934,3402,1199,16664,,3,0,5,0,6,0,0,0,0,0
568,אהל,"family, people",,,wiktionary,False,,,,,,,,,2,0,1,,,0,0,0,0,0
569,לילה,night,,,wiktionary,False,,,,,,,,,0,0,0,,,0,0,0,0,0
570,לחם,meat,,,wiktionary,False,,,,,,,,,0,0,0,,,0,0,0,0,0
571,قَضِيبٌ,"rod, bar, penis",known,study,wiktionary,True,2012,30505,30505,2012,17623,1613,4853,,2,1,5,0,13,0,0,0,0,0
572,ذَكَرَ,to mention,known,textbook_scan,wiktionary,True,68,862,862,68,4779,236,134,34,33,0,7,0,42,2,0,0,2,0
573,بَقْلَاوَةٌ,baklava,known,textbook_scan,wiktionary,True,,205298,205298,205298,93413,,,,0,0,0,0,14,0,0,0,0,0
574,سُلْطَانٌ,"power, strength",known,study,wiktionary,True,480,2058,2058,480,2762,224,29433,245,35,0,1,0,6,0,0,0,0,0
575,ذَرَا,"to scatter, winnow",known,textbook_scan,wiktionary,True,749,107674,107674,749,,1528,21458,184,1,0,0,0,17,0,0,0,0,0
576,قَبَائِلِيَّةٌ,Kabyle language,,,wiktionary,False,,200526,200526,200526,,,,,0,0,0,,,0,0,0,0,0
577,ابْتَاعَ,to buy,,,wiktionary,False,,135977,135977,135977,,,,,0,0,0,,,0,0,0,0,0
578,حَبِيبٌ,beloved,known,textbook_scan,wiktionary,True,954,4659,4659,954,900,322,956,,25,0,0,0,12,0,0,0,0,0
579,شَاشٌ,muslin,,,wiktionary,False,4917,77634,77634,4917,93097,,12015,,0,0,0,,,0,0,0,0,0
580,آبَ,"to return, to come back",known,textbook_scan,book,True,1347,964,964,964,2325,441,15319,1089,17,0,0,0,10,1,0,1,0,1
581,بَنْدٌ,"clause, article, item",encountered,collateral,wiktionary,False,2932,10350,10350,2932,11710,,2903,,0,0,0,0,0,0,0,0,0,0
582,آلَةٌ,"instrument, utensil",known,book,book,True,998,3807,3807,998,15273,993,1853,,5,1,13,0,17,0,0,0,0,0
583,شَاهِينٌ,peregrine falcon,known,auto_intro,wiktionary,True,4663,7279,7279,4663,48879,,19464,,0,0,0,0,18,0,0,0,0,0
584,ذَنَبٌ,"tail, end",known,textbook_scan,wiktionary,True,579,12869,12869,579,22614,1317,1229,238,2,0,1,0,11,2,0,1,1,1
585,ضِفْدَعٌ,frog,known,auto_intro,wiktionary,True,1661,113998,113998,1661,67505,561,5966,1259,13,0,3,0,20,0,0,0,0,0
586,عِقَابٌ,punishment,known,study,wiktionary,True,575,16396,16396,575,8841,878,2157,373,6,0,1,0,15,0,0,0,0,0
587,جَبْهَةٌ,"forehead, brow",known,textbook_scan,wiktionary,True,1300,3064,3064,1300,3183,1146,1474,1158,4,1,4,0,14,0,0,0,0,0
588,ظَهَرَ,"to appear, seem",known,textbook_scan,book,True,139,1228,1228,139,3027,81,425,187,75,5,71,0,100,1,0,0,1,0
589,دَبَّ,"to creep, to crawl",known,textbook_scan,wiktionary,True,342,37685,37685,342,34154,138,2569,741,52,1,7,0,43,0,0,0,0,0
590,أَنْفٌ,nose,known,textbook_scan,wiktionary,True,669,18062,18062,669,5589,656,1925,858,11,1,5,0,14,0,0,0,0,0
591,فَمٌ,mouth,known,book,book,True,457,19613,19613,457,5322,406,1373,493,23,3,18,1,27,0,0,0,0,0
592,حُوتٌ,whale,known,study,wiktionary,True,778,49484,49484,778,11579,670,9372,737,10,0,2,0,7,0,0,0,0,0
593,مَنْخَرٌ,nostril,,,wiktionary,False,,282355,282355,282355,,,,,0,0,0,,,0,0,0,0,0
594,فَخِذٌ,thigh,known,story_import,wiktionary,True,1954,45922,45922,1954,27745,1055,5279,,4,0,0,0,13,0,0,0,0,0
595,مَرَدَ,to rebel,,,wiktionary,False,1527,58894,58894,1527,,,2429,613,0,0,0,,,0,0,0,0,0
596,صَحَّحَ,to correct,known,frequency_core,wiktionary,True,1748,72259,72259,1748,,1569,4714,,1,0,1,0,9,0,0,0,0,0
597,مَوْتٌ,death,known,textbook_scan,wiktionary,True,238,6604,6604,238,1768,345,348,186,25,1,10,0,23,1,0,0,1,0
598,قَفَصٌ,cage,known,textbook_scan,wiktionary,True,1861,20791,20791,1861,23944,780,2864,,8,0,0,0,15,0,0,0,0,0
599,אבן,"Judeo-Arabic spelling of اِبْن (ibn, “son”)",,,wiktionary,False,,,,,,,,,0,0,0,,,0,0,0,0,0
600,شَهَادَةٌ,"testimony, certificate",known,bookifier,wiktionary,True,1140,1269,1269,1140,3955,,1416,315,0,0,0,0,21,3,0,3,0,0
601,فَرَاشَةٌ,butterfly,known,textbook_scan,wiktionary,True,2020,28551,28551,2020,32615,957,10351,,5,0,2,0,34,1,0,1,0,0
602,فِرَاشٌ,"bedding, mattress",known,textbook_scan,wiktionary,True,665,25486,25486,665,14065,724,1167,827,9,0,1,0,9,1,0,0,1,0
603,اشْتِقَاقٌ,derivation,,,wiktionary,False,,58174,58174,58174,79034,,,,0,0,0,,,0,0,0,0,0
604,تَرْجُمَانٌ,translator,,,wiktionary,False,,65106,65106,65106,92467,,,,0,0,0,,,0,0,0,0,0
605,تُرْكِيٌّ,Turkish,known,frequency_core,wiktionary,True,1905,4392,4392,1905,1460,1476,27786,,1,0,0,0,4,0,0,0,0,0
606,أَرْبَعَةٌ,four,known,textbook_scan,wiktionary,True,641,1107,1107,641,3498,511,12511,547,14,0,12,0,20,1,0,0,1,0
607,اِرْتِدَادٌ,"recoil, apostasy",,,wiktionary,False,,36073,36073,36073,46757,,,,0,0,0,,,0,0,0,0,0
608,مِنَّة,"favor, grace",suspended,study,wiktionary,False,2065,17473,17473,2065,80959,1676,7588,,1,0,1,1,10,0,0,0,0,0
609,مَوْجٌ,waves,known,textbook_scan,wiktionary,True,687,37678,37678,687,18665,826,2501,664,7,0,8,0,20,0,0,0,0,0
610,عِيدٌ,"holiday, festival",known,textbook_scan,wiktionary,True,384,920,920,384,2633,403,581,651,20,0,1,0,30,0,0,0,0,0
611,نَظَرَ,to look,known,book,book,True,27,969,969,27,52,27,122,85,140,5,124,0,102,0,0,0,0,0
612,مُجَاهِدٌ,struggler,,,wiktionary,False,3129,9579,9579,3129,19257,,3953,,0,0,0,,,0,0,0,0,0
613,مُجَاهِدِين,fighters (pl.),,,wiktionary,False,2246,71795,71795,2246,10487,,,836,0,0,0,,,0,0,0,0,0
614,مُجَاهِدُونَ,fighters (pl.),,,wiktionary,False,,173217,173217,173217,45396,,,,0,0,0,,,0,0,0,0,0
615,مَنِيّ,semen,learning,book,book,True,,3067,3067,3067,35942,,,,20,0,0,0,2,0,0,0,0,0
616,عِجْلٌ,calf,known,auto_intro,wiktionary,True,672,9863,9863,672,29552,876,3561,346,6,0,1,0,20,1,0,0,1,0
617,قَزِيمِيٌّ,nano-,,,wiktionary,False,,,,,,,,,0,0,0,,,0,0,0,0,0
618,عَاهِرَةٌ,prostitute,,,wiktionary,False,,57470,57470,57470,,,,,0,0,0,,,0,0,0,0,0
619,إِنْجِيلٌ,Gospel,,,wiktionary,False,1574,17812,17812,1574,12247,,4956,477,0,0,0,,,0,0,0,0,0
620,طَلَبَ,"to request, ask",known,book,book,True,150,664,664,150,2021,75,205,1030,77,0,4,0,99,0,0,0,0,0
621,مُحَرَّمٌ,forbidden,known,frequency_core,wiktionary,True,827,6478,6478,827,16338,1643,6893,765,1,0,0,0,8,0,0,0,0,0
622,صَفِرَ,"to be empty, to be devoid, to be vacant",learning,textbook_scan,wiktionary,True,620,2363,2363,620,9364,872,810,1252,7,1,6,2,17,0,0,0,0,0
623,شَوَّالٌ,Shawwal (month),,,wiktionary,False,,15859,15859,15859,,,,,0,0,0,,,0,0,0,0,0
625,مَارَسَ,to practice (to engage in),known,textbook_scan,wiktionary,True,1749,561,561,561,,1627,1620,,1,0,1,0,30,1,0,0,1,0
626,دِيسَمْبِرُ,December,known,textbook_scan,wiktionary,True,3158,765,765,765,,,36621,,0,0,0,0,17,0,0,0,0,0
627,عَكَسَ,"to reflect, reverse",known,study,wiktionary,True,1816,4129,4129,1816,5505,1210,1859,,3,0,12,0,11,1,0,0,1,0
628,أَرْمِينِيَّةٌ,Armenian (fem.),,,wiktionary,False,,107361,107361,107361,42778,,,,0,0,0,,,0,0,0,0,0
629,أَغْبِيَاءُ,idiots,,,wiktionary,False,,60033,60033,60033,60728,,,,2,1,2,,,0,0,0,0,0
630,بَازَارٌ,bazaar,,,wiktionary,False,,42005,42005,42005,36764,,,,0,0,0,,,0,0,0,0,0
631,قَطِرَانٌ,tar,,,wiktionary,False,2173,107967,107967,2173,92754,,18933,1290,0,0,0,,,0,0,0,0,0
632,ثَانِيَةٌ,second,known,textbook_scan,wiktionary,True,914,1550,1550,914,208,202,5633,,38,0,50,0,25,2,0,1,1,0
633,شَهْرٌ,month,known,textbook_scan,book,True,206,285,285,206,851,496,164,361,15,0,5,0,76,2,2,0,2,0
634,صَحْرَاءُ,desert,known,textbook_scan,wiktionary,True,1814,5132,5132,1814,2724,1570,1588,,1,0,1,0,80,0,0,0,0,0
635,نِظَامٌ,system,known,textbook_scan,wiktionary,True,929,322,322,322,300,1684,262,,1,0,3,0,29,0,0,0,0,0
636,مَلَكٌ,angel,known,textbook_scan,wiktionary,True,34,2049,2049,34,338,30,196,37,131,1,20,1,17,1,0,1,0,1
637,أَمَلَ,to hope for,known,textbook_scan,book,True,266,1468,1468,266,2862,200,409,497,38,0,19,2,40,0,0,0,0,0
638,حَكِيمٌ,wise,known,textbook_scan,wiktionary,True,360,9956,9956,360,4633,550,3078,86,13,0,0,0,12,0,0,0,0,0
639,وِلَادَةٌ,birth,known,textbook_scan,wiktionary,True,1812,6185,6185,1812,3415,984,2553,,5,0,0,0,6,0,0,0,0,0
640,قُبَّةٌ,dome,known,study,wiktionary,True,1906,14083,14083,1906,12333,1369,2537,,2,0,4,0,18,0,0,0,0,0
641,جَعْبَةٌ,quiver (for arrows),suspended,study,wiktionary,False,2338,80038,80038,2338,,1294,8718,,2,0,0,1,10,3,3,1,2,0
642,تَابُوتٌ,"coffin, ark",known,leech_reintro,wiktionary,True,1023,50980,50980,1023,50176,1273,6228,959,2,0,0,1,19,1,1,0,1,0
643,سَبَّبَ,to cause,known,textbook_scan,book,True,178,1180,1180,178,1677,237,98,564,33,0,27,0,61,0,0,0,0,0
644,سَيْفٌ,sword,known,textbook_scan,wiktionary,True,1080,3516,3516,1080,9724,680,785,,10,0,0,1,14,0,0,0,0,0
645,هُدُوء,"calm, quiet",known,collateral,wiktionary,True,1680,12133,12133,1680,7325,276,1419,,30,0,3,0,33,0,0,0,0,0
646,عَظْمٌ,bone,known,textbook_scan,wiktionary,True,645,17757,17757,645,19086,723,1992,606,9,0,1,7,33,1,0,0,1,0
647,مِثْلِي,"homosexual, gay",known,study,wiktionary,True,1998,17464,17464,1998,73871,963,10527,,5,0,0,0,5,1,0,1,0,1
648,قَوَامِيسُ,dictionaries,,,wiktionary,False,,45733,45733,45733,44669,,,,0,0,0,,,0,0,0,0,0
649,مِيزَانٌ,balance,suspended,leech_reintro,wiktionary,False,714,9572,9572,714,7666,1233,3273,428,3,0,0,2,7,0,0,0,0,0
650,تَلَا,"to follow, walk behind another",known,frequency_core,wiktionary,True,297,22940,22940,297,,288,1570,150,30,2,17,1,14,2,1,2,0,1
651,تِمْسَاحٌ,"crocodile, alligator",lapsed,study,wiktionary,True,2094,67838,67838,2094,44452,1484,11905,,1,0,0,0,13,1,1,0,1,0
652,عَرَبِيَّةٌ,"Arab woman, car",known,leech_reintro,wiktionary,True,2389,657,657,657,36,,38612,,0,0,0,1,33,0,0,0,0,0
653,مَلْحُونٌ,"incorrect, ungrammatical",,,wiktionary,False,,491851,491851,491851,49146,,,,0,0,0,,,0,0,0,0,0
654,جَلَّابِيَّةٌ,traditional robe,known,textbook_scan,wiktionary,True,,125146,125146,125146,,,,,0,0,0,0,17,0,0,0,0,0
655,نَافَ,to exceed,known,textbook_scan,wiktionary,True,2105,139377,139377,2105,,,6378,1332,0,0,0,0,18,0,0,0,0,0
656,صَلاة,prayer,known,textbook_scan,wiktionary,True,1074,1680,1680,1074,858,944,1021,,5,0,0,0,24,0,0,0,0,0
657,يَهُودِيٌّ,Jewish,,,wiktionary,False,1628,13599,13599,1628,7101,,27148,583,0,0,0,,,0,0,0,0,0
658,جَرَسَ,"to ring, to produce a gentle modulating sound",known,textbook_scan,wiktionary,True,1818,18086,18086,1818,36425,620,2667,,11,0,3,1,13,0,0,0,0,0
659,نَاقُوسٌ,handbell,suspended,collateral,wiktionary,False,4694,29648,29648,4694,,,8693,,0,0,0,0,0,0,0,0,0,0
660,مُخْتَلِفٌ,different,known,textbook_scan,book,True,330,409,409,330,22583,502,487,539,15,0,27,0,24,0,0,0,0,0
661,طَرِيقَةٌ,"manner, mode, means",known,book,book,True,358,652,652,358,1749,295,735,756,28,0,14,0,10,0,0,0,0,0
662,صَوْتٌ,"sound, voice",known,textbook_scan,book,True,57,1157,1157,57,2503,23,150,605,144,4,95,0,157,0,0,0,0,0
663,أُذُنٌ,ear,encountered,quran,wiktionary,False,,2154,2154,2154,7825,,,,81,6,0,0,0,0,0,0,0,0
664,حَرَكَةٌ,"movement, motion",known,book,book,True,861,496,496,496,883,624,188,,11,0,11,0,47,0,0,0,0,0
665,حَرَكَاتٌ,"movements, vowels",known,book,book,True,,7264,7264,7264,5930,,,,0,0,0,0,29,0,0,0,0,0
666,شِمَالٌ,left hand,known,textbook_scan,wiktionary,True,380,627,627,380,1897,869,362,530,6,0,1,2,16,0,0,0,0,0
667,حَسَبَ,"to calculate, to compute",known,frequency_core,wiktionary,True,173,422,422,173,,267,284,169,30,0,10,0,11,1,1,0,1,0
668,كَامِلٌ,"complete, full",known,textbook_scan,wiktionary,True,370,735,735,370,2579,315,641,833,26,0,32,0,45,0,0,0,0,0
669,مَسْؤُولِيَّةٌ,responsibility,known,textbook_scan,wiktionary,True,2501,1403,1403,1403,1419,,844,,0,0,1,0,30,0,0,0,0,0
670,دِينٌ,"religion, debt",known,textbook_scan,wiktionary,True,168,2948,2948,168,235,447,527,87,17,0,0,0,14,0,0,0,0,0
671,حِكْمَة,wisdom,known,textbook_scan,wiktionary,True,633,10467,10467,633,4491,1303,1645,371,2,0,0,0,24,0,0,0,0,0
672,جَزَاءٌ,"reward, punishment",suspended,leech_reintro,wiktionary,False,528,5456,5456,528,8253,1148,1312,223,3,0,0,2,17,0,0,0,0,0
673,رَصِيدٌ,"stock, inventory (merchandise)",,,wiktionary,False,2587,6910,6910,2587,15796,,972,,0,0,2,,,0,0,0,0,0
674,سِيَاسَةٌ,"politics, policy",known,textbook_scan,wiktionary,True,1845,981,981,981,1050,,339,,0,0,0,0,27,0,0,0,0,0
675,خَيَّاطٌ,"tailor, seamster",known,frequency_core,wiktionary,True,1497,22575,22575,1497,28337,1018,7142,1189,4,0,0,0,37,0,0,0,0,0
676,زَائِرٌ,"visitor, guest, caller",known,collateral,wiktionary,True,1712,4729,4729,1712,3919,588,1636,,13,1,4,0,87,0,0,0,0,0
677,رَفٌّ,shelf,known,book,book,True,1563,35961,35961,1563,36110,1533,7526,1008,1,0,1,0,22,0,0,0,0,0
678,حَرَبَ,war,known,textbook_scan,book,True,326,982,982,326,451,923,193,793,5,0,2,0,25,0,0,0,0,0
679,مَشْرُوعٌ,"legal, project",known,frequency_core,wiktionary,True,904,346,346,346,827,1656,190,,1,0,0,0,39,0,0,0,0,0
680,جَامِعٌ,"comprehensive, mosque",known,study,wiktionary,True,737,6206,6206,737,5959,1493,2239,869,1,0,0,0,5,0,0,0,0,0
681,مَجْنُونٌ,"crazy, insane",known,textbook_scan,wiktionary,True,730,21483,21483,730,27728,1389,2330,514,2,0,1,0,7,0,0,0,0,0
682,مَفْتُوحٌ,open,known,textbook_scan,wiktionary,True,1747,3869,3869,1747,2484,788,1488,,8,0,5,0,12,0,0,0,0,0
683,مَقْفُولٌ,locked,,,wiktionary,False,,144229,144229,144229,,,,,0,0,1,,,0,0,0,0,0
684,وَسِخَ,to be dirty,lapsed,textbook_scan,wiktionary,True,,105207,105207,105207,83843,,,,0,0,0,0,11,0,0,0,0,0
685,مُدِيرٌ,"manager, director",known,textbook_scan,wiktionary,True,941,336,336,336,1049,966,415,,5,0,1,0,80,0,0,0,0,0
686,عَامِلٌ,worker,known,textbook_scan,book,True,298,2533,2533,298,5047,304,341,465,27,0,17,0,39,2,0,0,2,0
687,جَرِيدَةٌ,newspaper,known,textbook_scan,wiktionary,True,1778,1838,1838,1778,4677,1147,1798,,3,0,1,0,13,0,0,0,0,0
688,مَنْزِلٌ,"house, dwelling",known,textbook_scan,wiktionary,True,91,2190,2190,91,1081,46,139,518,97,1,44,0,23,0,0,0,0,0
689,مَجَلَّةٌ,magazine,encountered,textbook_scan,wiktionary,False,2572,1211,1211,1211,5198,,1960,,0,0,1,0,0,0,0,0,0,0
690,حُكُومَةٌ,government,known,frequency_core,wiktionary,True,731,565,565,565,111,1504,94,,1,0,0,0,26,0,0,0,0,0
692,كَسْلَانُ,lazy,suspended,study,wiktionary,False,1619,155584,155584,1619,,1620,15243,1059,1,0,1,1,5,0,0,0,0,0
693,خَاصٌّ,special,known,textbook_scan,wiktionary,True,207,230,230,207,292,711,153,1177,9,0,21,0,33,0,0,0,0,0
694,قَمِيصٌ,shirt,known,textbook_scan,wiktionary,True,804,15135,15135,804,23836,1616,3108,703,1,0,1,0,22,0,0,0,0,0
695,رِوَايَةٌ,"novel, story",known,textbook_scan,wiktionary,True,1767,2301,2301,1767,2694,1329,1247,,2,0,0,0,34,1,0,0,1,0
696,وَزِيرٌ,"minister, cabinet minister",known,textbook_scan,wiktionary,True,133,147,147,133,936,460,52,1087,17,0,0,0,80,0,0,0,0,0
697,دَقِيقٌ,"precise, accurate, exact",known,collateral,wiktionary,True,1768,6470,6470,1768,7399,585,2022,,12,0,5,0,22,0,0,0,0,0
698,بِذْلَةٌ,suit (of clothes),known,book,book,True,936,82279,82279,936,,265,1118,,36,6,33,0,14,2,1,2,0,2
699,شَعْبِيٌّ,"national, people’s",known,textbook_scan,wiktionary,True,2491,7051,7051,2491,1085,,1045,,0,0,1,0,16,2,1,0,2,0
700,رَئِيسٌ,"boss, chief, leader",known,textbook_scan,wiktionary,True,305,45,45,45,87,1168,32,,4,1,11,0,91,0,0,0,0,0
701,وُزَرَاءُ,ministers,known,frequency_core,wiktionary,True,,2039,2039,2039,305,,,,0,0,0,0,12,0,0,0,0,0
702,فَجَرَ,"to cleave, to break up, to dig up",known,textbook_scan,wiktionary,True,628,3892,3892,628,3970,1362,1550,374,2,0,3,0,28,0,0,0,0,0
703,قَائِدٌ,leader,known,textbook_scan,wiktionary,True,420,1414,1414,420,3121,779,294,829,8,0,4,0,61,3,0,0,3,0
704,كَعْبَةٌ,"cube, a cubic structure",known,study,wiktionary,True,803,94092,94092,803,10468,1377,3113,914,2,0,0,0,8,0,0,0,0,0
705,كِرَاءٌ,"rent, hire",,,wiktionary,False,,48561,48561,48561,66721,,,,0,0,0,,,0,0,0,0,0
706,أَبْجَدٌ,"alphabet, abjad",,,wiktionary,False,,84322,84322,84322,,,,,0,0,0,,,0,0,0,0,0
707,تَرَاجِمَة,translators,,,wiktionary,False,,422995,422995,422995,,,,,0,0,0,,,0,0,0,0,0
708,رِيَالٌ,riyal,known,textbook_scan,wiktionary,True,2464,329,329,329,2701,,1378,,0,0,0,0,9,0,0,0,0,0
709,أَضْدَادٌ,opposites,,,wiktionary,False,,148249,148249,148249,63696,,,,0,0,0,,,0,0,0,0,0
710,ضِدٌّ,"opposite, contrast",known,textbook_scan,wiktionary,True,425,217,217,217,61356,1576,360,1257,1,0,8,0,18,0,0,0,0,0
711,إِيطَالِيٌّ,Italian,known,textbook_scan,wiktionary,True,1979,19665,19665,1979,2326,996,39147,,4,0,0,0,8,0,0,0,0,0
712,عَجِبَ,"to wonder, marvel",known,textbook_scan,wiktionary,True,455,19463,19463,455,22506,243,1201,466,34,1,8,0,7,0,0,0,0,0
713,قُولُونٌ,colon,,,wiktionary,False,,220945,220945,220945,14170,,,,0,0,0,,,0,0,0,0,0
714,أَعْلَمَ,"to inform, notify",known,book,book,True,195,2981,2981,195,92029,199,600,189,39,1,20,0,21,0,0,0,0,0
715,مُزْدَوِجٌ,"double, twofold, two-",known,textbook_scan,wiktionary,True,2005,20177,20177,2005,18888,1653,5015,,1,0,1,0,15,0,0,0,0,0
716,شَهِيدٌ,martyr,lapsed,study,wiktionary,True,529,8558,8558,529,2033,1563,2293,177,2,1,1,0,14,1,1,0,1,0
717,جِنْسٌ,"kind, sex, gender",,,wiktionary,False,2715,8391,8391,2715,2868,,2503,,0,0,0,,,0,0,0,0,0
718,وَقَفَ,"to come to a stop, to come to a standstill",known,textbook_scan,wiktionary,True,104,1339,1339,104,12045,33,271,775,109,5,81,0,65,1,0,0,1,0
719,أَوْقَافٌ,endowments,,,wiktionary,False,,30906,30906,30906,5546,,,,0,0,0,,,0,0,0,0,0
721,سَيَّبَ,"to set free, to liberate, to release (e.g., from prison)",,,wiktionary,False,4267,69272,69272,4267,66117,,6466,,0,0,0,,,0,0,0,0,0
722,عَلِمَ,to know,known,textbook_scan,book,True,13,431,431,13,650,112,82,6,60,2,17,0,36,0,0,0,0,0
723,عَالَمٌ,world,known,textbook_scan,book,True,72,135,135,72,61,271,129,95,30,0,15,0,90,0,0,0,0,0
724,دُنْيَا,"world, life",known,textbook_scan,wiktionary,True,255,7687,7687,255,1289,930,736,76,6,1,23,0,14,0,0,0,0,0
725,عَلْمَنَة,secularization,,,wiktionary,False,,148901,148901,148901,96681,,,,0,0,0,,,0,0,0,0,0
726,قَطَبَ,"to frown, contract",learning,textbook_scan,wiktionary,True,1910,12598,12598,1910,13173,1217,3075,,3,0,2,1,13,3,0,0,3,0
727,بَتَّ,"to cut off, to sever",known,textbook_scan,wiktionary,True,762,12830,12830,762,19637,999,2981,785,4,0,1,0,6,0,0,0,0,0
728,زِنْجِيٌّ,Negro,,,wiktionary,False,,67673,67673,67673,,,,,0,0,0,,,0,0,0,0,0
729,جُمْجُمَةٌ,"skull, cranium",,,wiktionary,False,4787,64933,64933,4787,38291,,8189,,0,0,0,,,0,0,0,0,0
730,جَانَسَ,to resemble,,,wiktionary,False,,396261,396261,396261,,,,,0,0,0,,,0,0,0,0,0
731,سُو,"evil, badness",,,wiktionary,False,1648,17747,17747,1648,,,24904,599,0,0,0,,,0,0,0,0,0
732,عَقْرَبٌ,scorpion,,,wiktionary,False,4451,63172,63172,4451,14250,,10826,,0,0,1,,,0,0,0,0,0
733,مُحِيطٌ,"surrounding, ocean",known,collateral,wiktionary,True,664,5670,5670,664,3144,1072,2179,515,4,0,5,0,12,0,0,0,0,0
735,سَرَطَانٌ,crab,known,collateral,wiktionary,True,1928,6582,6582,1928,3753,1544,4737,,1,0,0,0,23,0,0,0,0,0
736,فُرُوسِيَّةٌ,"horsemanship, chivalry",,,wiktionary,False,4419,83213,83213,4419,17126,,9617,,0,0,1,,,0,0,0,0,0
737,بُوقٌ,"trumpet, conch",known,leech_reintro,wiktionary,True,1971,76438,76438,1971,83572,1003,6451,,4,0,1,1,10,0,0,0,0,0
738,مَالٌ,"money, wealth",known,book,book,True,137,3222,3222,137,767,245,202,101,33,0,4,0,32,0,0,0,0,0
739,أُغْنِيَةٌ,song,known,textbook_scan,wiktionary,True,1071,2990,2990,1071,6559,837,1092,,6,0,4,0,18,0,0,0,0,0
740,عَجِيبٌ,"wonderful, marvelous",known,textbook_scan,wiktionary,True,1112,14259,14259,1112,20792,232,2183,1037,34,0,6,0,22,0,0,0,0,0
741,آخِرٌ,"last, final",known,book,book,True,7,39,39,7,698,8,67,33,238,15,254,0,47,1,1,0,1,0
742,خُنْفُسَاءُ,beetle,,,wiktionary,False,,152289,152289,152289,,,,,1,0,0,,,0,0,0,0,0
744,أَدَبٌ,"literature, manners",known,textbook_scan,wiktionary,True,1018,4703,4703,1018,953,606,986,,11,0,1,0,27,0,0,0,0,0
745,انْتِظَارٌ,"waiting, expectation",known,textbook_scan,wiktionary,True,1102,3789,3789,1102,6340,743,816,,8,0,13,0,11,0,0,0,0,0
746,تَارِيخٌ,"history, date",known,textbook_scan,book,True,935,303,303,303,393,1004,414,,4,0,1,0,41,0,0,0,0,0
747,عِلَاجٌ,"treatment, cure",known,book,book,True,1739,869,869,869,972,1361,1323,,2,0,0,0,35,0,0,0,0,0
748,اِسْتِعْمَالٌ,"use, usage",encountered,collateral,wiktionary,False,2767,3268,3268,2767,12589,,2926,,0,0,2,0,0,0,0,0,0,0
749,عِشْقٌ,"passion, love",,,wiktionary,False,3368,10370,10370,3368,10401,,5192,,0,0,0,,,0,0,0,0,0
750,دَلَّ,"to guide, indicate",suspended,frequency_core,wiktionary,False,371,9593,9593,371,,493,841,253,15,0,17,2,35,0,0,0,0,0
751,دَنٌّ,wine jug,acquiring,study,wiktionary,True,816,76229,76229,816,,1521,8185,397,1,0,0,1,7,2,0,0,2,0
752,رُوزٌ,rice,known,book,book,True,3447,13265,13265,3447,,,6738,,0,0,0,0,23,0,0,0,0,0
753,قِسْمَةٌ,"division, fate",known,leech_reintro,wiktionary,True,826,34927,34927,826,34510,883,8302,910,6,0,0,1,16,1,1,0,1,0
754,غَلِطَ,to err,suspended,textbook_scan,wiktionary,False,2063,23036,23036,2063,54806,1596,7151,,1,0,0,1,19,0,0,0,0,0
755,غَائِبٌ,"absent, missing",known,frequency_core,wiktionary,True,431,34554,34554,431,15584,530,2902,178,14,0,0,2,29,1,0,1,0,2
756,عِرَاقٌ,Iraq,known,textbook_scan,wiktionary,True,2669,14042,14042,2669,214,,38420,,0,0,0,0,5,0,0,0,0,0
757,مَنْظَرٌ,"view, scene",known,textbook_scan,wiktionary,True,586,15617,15617,586,20089,458,1152,712,17,0,3,0,27,0,0,0,0,0
758,كُوَالَا,koala,,,wiktionary,False,,87089,87089,87089,,,,,0,0,0,,,0,0,0,0,0
759,صَرَعَ,to throw down to the ground,acquiring,study,wiktionary,True,1603,75629,75629,1603,27425,1574,9172,1251,1,0,0,0,6,2,1,1,1,1
760,صَمَتَ,to be silent,known,textbook_scan,wiktionary,True,1685,6410,6410,1685,6797,303,1531,,30,3,29,0,37,3,2,1,2,0
761,مِتْرٌ,metre,known,collateral,wiktionary,True,2547,1483,1483,1483,19032,,1379,,0,0,3,0,13,1,0,0,1,0
762,خَطَّ,to draw a line,known,textbook_scan,wiktionary,True,405,1169,1169,405,1888,279,659,1185,30,1,19,0,10,0,0,0,0,0
763,تَنَوَّرَ,"to be lit, to be illuminated",,,wiktionary,False,2021,91059,91059,2021,65152,,16395,964,0,0,0,,,0,0,0,0,0
764,زَهْرٌ,"flowers, blooms, blossoms",known,textbook_scan,wiktionary,True,1349,30819,30819,1349,25970,762,2592,1219,9,1,26,0,23,0,0,0,0,0
765,لُؤْلُؤَةٌ,pearl,,,wiktionary,False,2532,27277,27277,2532,20359,1067,,,4,0,0,,,0,0,0,0,0
766,شُرْفَةٌ,veranda,known,textbook_scan,wiktionary,True,1908,17711,17711,1908,33591,1189,2685,,3,0,2,0,18,0,0,0,0,0
767,زَوِرَ,to incline,known,study,wiktionary,True,792,35992,35992,792,5154,1179,6462,745,3,0,0,0,10,0,0,0,0,0
768,مَعَاجِمُ,dictionaries,,,wiktionary,False,,24146,24146,24146,6921,,,,0,0,1,,,0,0,0,0,0
769,خَوْشَ,"good, nice",,,wiktionary,False,,75154,75154,75154,,,,,0,0,0,,,0,0,0,0,0
770,خَوَّنَ,to deem treacherous,,,wiktionary,False,2398,179618,179618,2398,,1515,15384,,1,0,0,,,0,0,0,0,0
771,زُقَاقٌ,"alley, lane",known,textbook_scan,wiktionary,True,3709,53000,53000,3709,70009,,3600,,0,0,5,0,20,1,0,1,0,0
772,مُنْخَفِضٌ,"low, depressed",known,auto_intro,wiktionary,True,1853,9435,9435,1853,18962,892,2927,,6,0,8,0,17,0,0,0,0,0
773,قَضَبَ,to cut off,,,wiktionary,False,2498,224587,224587,2498,,,19541,1288,0,0,0,,,0,0,0,0,0
774,فِرْدَوْسٌ,paradise,known,study,wiktionary,True,1570,55423,55423,1570,13865,1599,7407,1051,1,0,0,0,10,0,0,0,0,0
775,سَالَ,"to flow, to run",known,auto_intro,wiktionary,True,1245,10050,10050,1245,,312,10883,1226,28,2,10,0,38,0,0,0,0,0
776,تَرَاجِيمُ,"translators, interpreters",,,wiktionary,False,,2086007,2086007,2086007,,,,,0,0,0,,,0,0,0,0,0
777,مَوْسِمٌ,season,known,auto_intro,wiktionary,True,1959,3018,3018,1959,591,,759,,1,1,1,0,44,0,0,0,0,0
778,مِنْجَرَةٌ,carpenter’s plane,,,wiktionary,False,,131474,131474,131474,,,,,0,0,0,,,0,0,0,0,0
779,عِرَاكٌ,"fight, struggle",,,wiktionary,False,,51032,51032,51032,79729,,,,0,0,3,,,0,0,0,0,0
780,بُلْهٌ,"fools, simpletons",known,study,wiktionary,True,2017,42253,42253,2017,,1472,6186,,2,1,15,0,9,1,0,1,0,0
781,مَارٌ,"Saint, Lord",known,textbook_scan,wiktionary,True,247,1991,1991,247,61204,56,3754,917,91,0,7,0,3,0,0,0,0,0
782,طَاسٌ,"bowl, cup",,,wiktionary,False,,284584,284584,284584,,,,,0,0,2,,,0,0,0,0,0
783,كَثَافَة,"density, thickness",,,wiktionary,False,3283,11166,11166,3283,13639,,4585,,0,0,1,,,0,0,0,0,0
784,مَمْلُوكٌ,a slave,,,wiktionary,False,2110,39544,39544,2110,45926,,2727,1321,0,0,0,,,0,0,0,0,0
785,مُتَّقُون,"pious, God-fearing",,,wiktionary,False,,384650,384650,384650,90050,,,,0,0,0,,,0,0,0,0,0
786,إِعْجَابٌ,"admiration, like",known,textbook_scan,wiktionary,True,1834,12637,12637,1834,17800,1120,1498,,3,0,4,0,10,0,0,0,0,0
787,تَلْفَنَ,to telephone,,,wiktionary,False,,197374,197374,197374,,,,,0,0,0,,,0,0,0,0,0
788,عَرَّبَ,to translate into Arabic,known,textbook_scan,wiktionary,True,1285,2505,2505,1285,317,1355,5847,1269,2,0,0,0,7,0,0,0,0,0
789,عِبْرِيٌّ,"Hebrew, Hebraic",,,wiktionary,False,,51757,51757,51757,27154,,,,0,0,0,,,0,0,0,0,0
790,قَاعِدَةُ,"rule, base",known,collateral,wiktionary,True,1746,1716,1716,1716,1804,1609,796,,1,0,1,0,28,4,1,0,4,0
791,رَسُولٌ,"messenger, envoy",known,textbook_scan,wiktionary,True,66,459,459,66,1240,522,734,14,14,0,1,0,19,1,0,0,1,0
792,صِدَامٌ,"clash, collision",,,wiktionary,False,3181,3676,3676,3181,29568,,7576,,0,0,0,,,0,0,0,0,0
794,زَبَرَ,to apply stones to,known,textbook_scan,wiktionary,True,1964,59924,59924,1964,,,26799,597,0,0,0,0,15,0,0,0,0,0
795,زُبْرَةٌ,piece of iron,,,wiktionary,False,,258354,258354,258354,,,,,0,0,0,,,0,0,0,0,0
796,زَبُورٌ,"psalter, the Psalms",,,wiktionary,False,2055,239376,239376,2055,93844,,26993,893,0,0,0,,,0,0,0,0,0
797,مَهْبِلٌ,vagina,,,wiktionary,False,,97420,97420,97420,21675,,,,0,0,0,,,0,0,0,0,0
798,لُوطِيٌّ,homosexual,,,wiktionary,False,,266047,266047,266047,,,,,0,0,0,,,0,0,0,0,0
799,كُسٌّ,pussy,,,wiktionary,False,3893,8574,8574,3893,28142,,9307,,0,0,0,,,0,0,0,0,0
800,تِلِفُونٌ,telephone,known,textbook_scan,wiktionary,True,3232,35706,35706,3232,54830,,4324,,0,0,3,0,13,0,0,0,0,0
801,هَاتِفٌ,"telephone, phone",known,frequency_core,wiktionary,True,2550,956,956,956,1559,,1902,,0,0,0,0,17,0,0,0,0,0
802,نَعَامَةٌ,ostrich,suspended,study,wiktionary,False,2103,119328,119328,2103,37075,1685,9734,,1,0,0,1,12,0,0,0,0,0
803,شِطْرَنْجٌ,chess,,,wiktionary,False,4679,63439,63439,4679,22193,,9921,,0,0,0,,,0,0,0,0,0
804,نَظَرِيَّةٌ,theory,,,wiktionary,False,2919,5293,5293,2919,6252,,3726,,0,0,0,,,0,0,0,0,0
805,أَفْنَانٌ,tree branches,,,wiktionary,False,,57201,57201,57201,,,,,0,0,2,,,0,0,0,0,0
806,نَسْرٌ,a vulture,known,collateral,wiktionary,True,1504,36373,36373,1504,27569,791,5410,1336,8,0,0,0,17,0,0,0,0,0
807,نَجْمَةٌ,star,known,textbook_scan,wiktionary,True,1911,7740,7740,1911,5402,1425,3725,,2,0,0,0,13,0,0,0,0,0
808,بَنْدُورَةٌ,tomato,,,wiktionary,False,,109400,109400,109400,45446,,,,0,0,0,,,0,0,0,0,0
809,بُرْجٌ,tower,known,study,wiktionary,True,708,2070,2070,708,10278,907,3854,786,5,0,6,0,13,0,0,0,0,0
811,مَقْبَرَة,cemetery,known,collateral,wiktionary,True,1859,11517,11517,1859,19537,1082,,1315,4,0,1,0,14,0,0,0,0,0
812,أَجْنَان,gardens; paradises,,,wiktionary,False,,327350,327350,327350,,,,,0,0,0,,,0,0,0,0,0
813,أَزْهَرَ,"to bloom, blossom",,,wiktionary,False,3121,6275,6275,3121,3031,,7864,,0,0,0,,,0,0,0,0,0
814,رَطْبٌ,"humid, moist",known,study,wiktionary,True,1579,35018,35018,1579,29338,1532,6763,1006,1,0,0,0,17,1,0,0,1,0
815,بَارُودٌ,gunpowder,known,study,wiktionary,True,2040,33545,33545,2040,39864,1465,5672,,1,0,0,0,16,1,0,0,1,0
816,فِيزْيَاءٌ,physics,known,textbook_scan,wiktionary,True,3251,7934,7934,3251,3351,,9207,,0,0,0,0,18,1,0,0,1,0
817,طِلَسْمٌ,talisman,,,wiktionary,False,,52977,52977,52977,,,,,0,0,0,,,0,0,0,0,0
818,مُطَلْسَمٌ,"encoded, cryptic",,,wiktionary,False,,424312,424312,424312,,,,,0,0,0,,,0,0,0,0,0
819,قِرْمِزٌ,crimson; kermes,,,wiktionary,False,,305141,305141,305141,,,,,0,0,0,,,0,0,0,0,0
820,مَوْقِعٌ,"site, location",known,textbook_scan,wiktionary,True,396,107,107,107,150,1420,489,1330,2,0,3,0,37,1,1,0,1,0
821,صُبْحٌ,morning,known,book,book,True,378,37611,37611,378,12722,254,4312,256,19,1,30,0,11,0,0,0,0,0
822,مَنَاقِيشُ,manakish,known,textbook_scan,wiktionary,True,,280886,280886,280886,,,,,0,0,0,0,19,1,0,0,1,0
823,فَلْسَفَةٌ,philosophy,,,wiktionary,False,2782,7338,7338,2782,3433,,3012,,0,0,0,,,0,0,0,0,0
824,إِعْرَاب,"inflection, parsing",lapsed,study,wiktionary,True,832,31630,31630,832,18505,1260,12692,522,2,0,0,0,18,4,2,1,3,0
825,أَغْوَال,"ghouls, demons",,,wiktionary,False,,557728,557728,557728,,,,,0,0,0,,,0,0,0,0,0
826,غُولٌ,"ghoul, ogre",known,study,wiktionary,True,1586,24301,24301,1586,34453,1211,8521,1279,3,0,0,0,12,1,0,1,0,0
827,ازْدِحَامٌ,"crowding, congestion",,,wiktionary,False,3964,41861,41861,3964,25026,,5698,,0,0,0,,,0,0,0,0,0
828,حَفِظَ,"to preserve, save",known,book,book,True,592,2742,2742,592,12634,801,1883,479,7,0,3,0,42,1,0,1,0,0
829,مِشْمِشٌ,apricot,known,textbook_scan,wiktionary,True,2275,87408,87408,2275,51373,689,13711,,10,0,0,0,15,0,0,0,0,0
830,مُشْمِسٌ,sunny,known,textbook_scan,wiktionary,True,,83631,83631,83631,,,,,0,0,0,0,8,1,0,0,1,0
831,إِخْلَاصٌ,"sincerity, loyalty",known,textbook_scan,wiktionary,True,2822,30679,30679,2822,13662,,1832,,0,0,0,0,23,3,2,0,3,0
832,مُعْجِزَةٌ,miracle,known,textbook_scan,wiktionary,True,799,16296,16296,799,24283,972,4194,924,5,0,0,0,10,0,0,0,0,0
833,مَذْهَبٌ,"doctrine, school of thought",,,wiktionary,False,2769,8258,8258,2769,7639,,1937,,0,0,0,,,0,0,0,0,0
834,شَاهَ,"to be or become ugly, misshapen",known,textbook_scan,wiktionary,True,4256,17538,17538,4256,26460,,8494,,0,0,1,0,9,0,0,0,0,0
835,تُوتٌ,mulberry (fruit),known,textbook_scan,wiktionary,True,2057,29718,29718,2057,21974,1287,10093,,2,0,1,0,27,0,0,0,0,0
836,تَوّ,"just now, immediately",known,textbook_scan,wiktionary,True,1777,12139,12139,1777,63293,518,2315,,14,0,0,0,9,0,0,0,0,0
837,لُبٌّ,"pulp, core, heart",known,textbook_scan,wiktionary,True,1930,27418,27418,1930,56589,1379,4376,,2,0,1,0,12,1,0,0,1,0
838,هِنْد,India (proper noun),known,study,wiktionary,True,1899,10869,10869,1899,2057,648,35353,,11,0,0,0,4,0,0,0,0,0
839,إِسْلَامٌ,"Islam, submission",known,textbook_scan,wiktionary,True,706,5070,5070,706,423,902,39370,587,5,0,0,0,14,0,0,0,0,0
840,مَاهَ,"to produce water (of a well, etc.)",known,book,book,True,1479,105867,105867,1479,,886,9441,1066,6,0,3,0,10,0,0,0,0,0
841,رَمَّ,"to repair, fix",known,textbook_scan,wiktionary,True,502,20771,20771,502,,376,2637,481,21,0,10,0,19,0,0,0,0,0
842,زَعْفَرَانٌ,saffron,,,wiktionary,False,,65483,65483,65483,41974,,,,0,0,0,,,0,0,0,0,0
843,بِرِنْجٌ,"baobarang, false black pepper (Embelia ribes; also Embelia tsjeriam-cottam syn. Embelia robusta)",,,wiktionary,False,,345371,345371,345371,,,,,0,0,0,,,0,0,0,0,0
844,دِهَانٌ,"ointment, paint",known,collateral,wiktionary,True,2177,31278,31278,2177,35039,,10690,1194,0,0,0,0,22,0,0,0,0,0
845,سَرَّ,"to gladden, delight",known,frequency_core,book,True,55,3385,3385,55,3483,24,279,129,140,1,45,6,37,0,0,0,0,0
846,مُو,"meu, baldmoney (Meum athamanticum)",suspended,auto_intro,wiktionary,False,4616,7980,7980,4616,92117,,17573,,0,0,0,0,4,0,0,0,0,0
847,قَلْبٌ,heart,known,textbook_scan,wiktionary,True,70,1921,1921,70,1064,161,93,56,51,4,23,0,75,0,0,0,0,0
848,شَادَ,to build,known,textbook_scan,wiktionary,True,1100,114770,114770,1100,,216,2334,1020,36,0,24,0,18,0,0,0,0,0
849,بُلْبُلٌ,"nightingale, bulbul",known,textbook_scan,wiktionary,True,2092,67425,67425,2092,24004,1470,12653,,1,0,0,0,11,0,0,0,0,0
850,زَرَدَ,to strangle,,,wiktionary,False,,163221,163221,163221,,,,,0,0,0,,,0,0,0,0,0
851,سَحَرٌ,dawn,known,textbook_scan,wiktionary,True,461,4066,4066,461,2517,676,2414,176,10,0,2,0,21,3,0,1,2,0
852,قِرْمِزِي,crimson,known,study,wiktionary,True,2096,165358,165358,2096,35116,1371,12930,,2,0,0,0,11,0,0,0,0,0
853,مَغْرُورٌ,"arrogant, conceited",known,textbook_scan,wiktionary,True,1531,94175,94175,1531,,1228,4845,1074,3,0,0,0,10,3,2,0,3,0
854,بُدٌّ,"escape, means of avoiding something",known,book,book,True,167,1653,1653,167,,86,302,859,67,0,27,0,34,1,0,0,1,0
855,بَادَ,to perish,known,book,book,True,566,23253,23253,566,,482,1466,784,16,1,26,0,41,0,0,0,0,0
856,عَلَفٌ,"fodder, forage",,,wiktionary,False,4235,63364,63364,4235,39527,,7155,,0,0,0,,,0,0,0,0,0
857,بَهَارٌ,"spice, spices",known,textbook_scan,wiktionary,True,,91515,91515,91515,,,,,0,0,0,0,23,0,0,0,0,0
858,صَبَرَ,to be patient,known,textbook_scan,wiktionary,True,353,13434,13434,353,6146,560,1046,127,14,1,5,0,18,0,0,0,0,0
859,صَاحِبٌ,"owner, companion",known,textbook_scan,wiktionary,True,124,649,649,124,55498,93,138,531,64,0,6,0,44,0,0,0,0,0
860,قُرْآنٌ,Quran,known,textbook_scan,wiktionary,True,421,6773,6773,421,223,1611,7351,133,1,0,0,0,14,0,0,0,0,0
861,دُوغٌ,soured buttermilk,,,wiktionary,False,,85754,85754,85754,,,,,0,0,0,,,0,0,0,0,0
862,تُومَانٌ,toman (currency),,,wiktionary,False,,78412,78412,78412,,,,,0,0,0,,,0,0,0,0,0
863,لِبَاسٌ,"clothes, clothing",known,textbook_scan,wiktionary,True,1486,17890,17890,1486,19190,,1757,537,0,0,0,0,10,0,0,0,0,0
864,مَجْلِسٌ,seat,known,textbook_scan,wiktionary,True,670,58,58,58,258,,65,1302,0,0,4,0,15,1,0,0,1,0
865,מא,water,,,wiktionary,False,,,,,,,,,0,0,0,,,0,0,0,0,0
866,حَقَّ,"to be true, to be confirmed",known,textbook_scan,book,True,28,671,671,28,843,51,111,18,95,2,38,0,14,0,0,0,0,0
867,خِلْخَالٌ,anklet,,,wiktionary,False,,179836,179836,179836,,,,,0,0,0,,,0,0,0,0,0
868,طَلًا,the young of a deer or gazelle,,,wiktionary,False,,195101,195101,195101,,,,,0,0,0,,,0,0,0,0,0
869,فَرْشٌ,"carpet, furniture",known,textbook_scan,wiktionary,True,2118,10083,10083,2118,43067,,6535,1052,0,0,0,0,11,3,1,0,3,0
870,دِمَاغٌ,brain,known,textbook_scan,wiktionary,True,3150,33118,33118,3150,5601,,5487,,0,0,0,0,11,1,0,0,1,0
871,انْقِلَابٌ,"coup, upheaval",,,wiktionary,False,2722,6753,6753,2722,5295,,1918,,0,0,0,,,0,0,0,0,0
872,فَقِيهٌ,Islamic jurist,known,collateral,wiktionary,True,2898,21542,21542,2898,8563,,2693,,0,0,0,0,20,0,0,0,0,0
873,زَرَّ,to encroach upon one's enemy,acquiring,study,wiktionary,True,674,3205,3205,674,11571,1332,4407,306,2,0,2,0,4,1,1,1,0,1
874,تَخِمَ,"to suffer indigestion, to be troubled with glut",,,wiktionary,False,,137215,137215,137215,,,,,0,0,0,,,0,0,0,0,0
875,سَفَرٌ,"departure, journey, travel",known,textbook_scan,wiktionary,True,334,2474,2474,334,997,327,560,503,25,0,1,0,103,0,0,0,0,0
876,شَبَّ,"to become a young adult, to grow up",known,book,book,True,209,18778,18778,209,91117,140,374,750,52,1,22,0,38,0,0,0,0,0
877,بَوْسٌ,kiss,,,wiktionary,False,2202,23006,23006,2202,,,19730,1133,0,0,0,,,0,0,0,0,0
878,مَهْ,stop,known,collateral,wiktionary,True,1763,61394,61394,1763,67486,570,2785,,13,0,0,0,11,0,0,0,0,0
879,عَذَابٌ,"torture, torment, punishment",known,collateral,wiktionary,True,134,8043,8043,134,10702,1354,1654,15,2,0,1,0,28,0,0,0,0,0
880,صَبُورٌ,habitually patient,known,textbook_scan,wiktionary,True,,61929,61929,61929,43506,,,,0,0,0,0,5,0,0,0,0,0
881,شَعَرَ,to feel,known,book,book,True,71,1202,1202,71,243,38,291,287,111,1,42,0,199,0,0,0,0,0
882,شَاعِرٌ,poet,known,textbook_scan,wiktionary,True,525,5371,5371,525,906,1029,769,749,4,0,0,0,37,0,0,0,0,0
883,حَجَّ,to pilgrimage,known,book,book,True,295,10116,10116,295,1513,290,652,259,28,0,5,0,9,0,0,0,0,0
884,دَرَّ,"to stream, to flow, to well",known,textbook_scan,wiktionary,True,245,18608,18608,245,22232,109,2098,260,59,0,16,0,15,0,0,0,0,0
885,بَهْمَنٌ,behen,,,wiktionary,False,,105652,105652,105652,,,,,0,0,0,,,0,0,0,0,0
886,بُخْتٌ,a half-breed from a male Bactrian camel and a female dromedary,,,wiktionary,False,,100397,100397,100397,95135,,,,0,0,0,,,0,0,0,0,0
887,بَبْرٌ,tiger,,,wiktionary,False,,117130,117130,117130,,,,,0,0,0,,,0,0,0,0,0
888,فُلْفُلٌ,pepper,known,textbook_scan,wiktionary,True,,27278,27278,27278,17957,,,,0,0,0,0,28,0,0,0,0,0
889,خَشْخَاشٌ,poppy (Papaver gen. et spp.),,,wiktionary,False,,231019,231019,231019,65251,,,,0,0,0,,,0,0,0,0,0
890,حَالَ,"to change, to be transformed",known,book,book,True,51,531,531,51,1839,29,116,243,133,3,44,1,26,0,0,0,0,0
891,خَرِسَ,to be mute,,,wiktionary,False,,165722,165722,165722,98750,,,,0,0,1,,,0,0,0,0,0
892,نَعْنَاعٌ,mint,known,textbook_scan,wiktionary,True,,20099,20099,20099,25472,,,,0,0,0,0,11,0,0,0,0,0
893,عُنَّابٌ,jujube,,,wiktionary,False,,114264,114264,114264,,,,,0,0,0,,,0,0,0,0,0
894,دَسْتٌ,"cauldron, kettle",,,wiktionary,False,,78954,78954,78954,,,,,0,0,0,,,0,0,0,0,0
895,جَانِي,"guilty, perpetrator",known,textbook_scan,wiktionary,True,2926,5517,5517,2926,18077,,3964,,0,0,0,0,22,3,1,0,3,0
896,مَصْرِفٌ,bank (institution),known,study,wiktionary,True,1391,5335,5335,1391,7576,1404,1716,1308,2,0,0,0,16,1,0,1,0,0
897,سَاحِلٌ,coast,known,leech_reintro,wiktionary,True,1402,6105,6105,1402,3774,1540,2118,1224,1,0,0,2,31,1,0,0,1,0
898,حِجَابٌ,"screen, barrier",known,textbook_scan,wiktionary,True,1496,14923,14923,1496,7768,,2108,628,0,0,0,0,13,1,0,1,0,1
899,شَالَ,"to rise, to become elevated",suspended,textbook_scan,wiktionary,False,1909,69173,69173,1909,76863,939,10201,,5,0,0,1,15,1,1,1,0,1
900,نَاظِرٌ,"observer, headmaster",known,textbook_scan,wiktionary,True,1222,35431,35431,1222,22717,428,1901,1079,18,0,4,0,15,2,1,1,1,0
901,ثَبَتٌ,proof,acquiring,study,wiktionary,True,659,5722,5722,659,,798,2324,523,7,0,2,1,5,0,0,0,0,0
902,اِقْتِصَادٌ,economy,known,textbook_scan,wiktionary,True,1962,2621,2621,1962,775,,653,,0,0,2,0,18,1,0,0,1,0
903,أَبْرِيل,April,known,textbook_scan,wiktionary,True,3147,702,702,702,,,40592,,0,0,0,0,11,0,0,0,0,0
904,صَابُونٌ,soap,known,textbook_scan,wiktionary,True,4701,29096,29096,4701,22412,,10010,,0,0,1,0,13,0,0,0,0,0
905,قَوْلٌ,"speech, saying",known,textbook_scan,wiktionary,True,147,1849,1849,147,1811,343,191,91,26,2,29,0,22,0,0,0,0,0
906,سُمَّاقٌ,sumac,,,wiktionary,False,,198163,198163,198163,,,,,0,0,0,,,0,0,0,0,0
907,حَافَظَ,"to preserve, maintain",known,textbook_scan,wiktionary,True,510,4811,4811,510,7256,1152,782,792,3,0,3,0,16,0,0,0,0,0
908,غَازِي,"raider, invader, conqueror",known,book,book,True,1920,5638,5638,1920,35617,1050,6565,,4,0,1,0,24,1,0,1,0,0
909,مَخْنُوثٌ,A homosexual.,,,wiktionary,False,,3388986,3388986,3388986,,,,,0,0,0,,,0,0,0,0,0
910,دُوشٌ,shower (bathing),,,wiktionary,False,4895,131557,131557,4895,,,17668,,0,0,0,,,0,0,0,0,0
911,طَاوُوسٌ,peacock,known,textbook_scan,wiktionary,True,2614,32839,32839,2614,88137,1581,,,1,0,1,0,15,2,0,0,2,0
912,تَخْتٌ,bed,,,wiktionary,False,,90170,90170,90170,,,,,0,0,0,,,0,0,0,0,0
913,بَازٌ,hawk,known,study,wiktionary,True,2034,16040,16040,2034,28884,1269,9772,,2,0,0,0,20,0,0,0,0,0
915,طَلَاقٌ,divorce,,,wiktionary,False,2071,19776,19776,2071,6023,,3826,1029,0,0,0,,,0,0,0,0,0
916,اِنْتِخَابٌ,election,known,textbook_scan,wiktionary,True,1688,4509,4509,1688,8654,,181,,0,0,0,1,27,3,0,1,2,0
917,لِوَاطٌ,sodomy,,,wiktionary,False,,56920,56920,56920,67510,,,,0,0,0,,,0,0,0,0,0
918,عَرَقَ,"to strip of flesh, to nibble",known,study,wiktionary,True,1875,18785,18785,1875,14724,1356,1701,,2,0,3,0,11,1,0,1,0,1
919,شَرَابٌ,"drink, beverage",known,textbook_scan,wiktionary,True,698,20203,20203,698,29860,1031,1724,504,4,0,0,0,12,0,0,0,0,0
920,مَرْبُوطٌ,"tied, bound",known,study,wiktionary,True,2102,54448,54448,2102,48796,1649,8890,,1,0,0,0,11,0,0,0,0,0
921,تُنٌّ,tuna,known,study,wiktionary,True,673,18571,18571,673,,1485,8194,168,1,0,0,0,8,1,0,0,1,0
922,فَرَضَ,to ordain,known,leech_reintro,wiktionary,True,607,1973,1973,607,26847,1600,1139,491,1,0,1,1,24,1,0,0,1,0
923,خَبَّازٌ,baker,known,textbook_scan,wiktionary,True,2351,76152,76152,2351,59961,1155,13955,,3,0,0,0,30,1,0,0,1,0
924,دَاخَلَ,to enter,known,book,book,True,700,203,203,203,2380,167,312,,44,0,37,1,26,0,0,0,0,0
926,سِنْجَابٌ,squirrel,known,study,wiktionary,True,2313,111475,111475,2313,,810,17892,,7,0,0,0,19,1,0,0,1,0
927,حَلَزُونٌ,snail,,,wiktionary,False,2399,194096,194096,2399,75420,1015,38239,,4,0,0,,,0,0,0,0,0
928,بَبَّغَاءٌ,parrot,known,auto_intro,wiktionary,True,1940,64122,64122,1940,8157,843,9776,,6,0,3,0,29,0,0,0,0,0
929,دُرَّةٌ,pearl,,,wiktionary,False,3938,19968,19968,3938,36304,,6215,,0,0,0,,,0,0,0,0,0
930,عَاجٌ,ivory,known,study,wiktionary,True,2049,130910,130910,2049,9623,1352,13783,,2,0,1,0,16,1,0,0,1,0
931,عَصَبَ,"to twist, wrap around",known,leech_reintro,wiktionary,True,756,12993,12993,756,5182,1357,2628,822,2,0,2,1,11,4,1,3,1,3
932,جَاسُوسٌ,"spy, sleuth",encountered,collateral,wiktionary,False,3190,58855,58855,3190,44258,,2357,,0,0,0,0,0,0,0,0,0,0
933,تُرْسٌ,shield,,,wiktionary,False,,95803,95803,95803,92743,,,,0,0,0,,,0,0,0,0,0
934,طِبٌّ,medicine,known,textbook_scan,book,True,2512,1034,1034,1034,526,,1835,,0,0,0,0,27,0,0,0,0,0
935,رَخَّ,"to dilute, to mix with water",lapsed,study,wiktionary,True,2025,208246,208246,2025,,862,12304,,6,0,0,0,13,1,1,0,1,0
936,هَدْهَدَ,"to rock, cradle",,,wiktionary,False,2509,94609,94609,2509,52194,,22482,1341,0,0,1,,,0,0,0,0,0
937,طُوفَانٌ,"flood, deluge",,,wiktionary,False,2169,31031,31031,2169,29625,,12704,1031,0,0,0,,,0,0,0,0,0
938,سَنَا,"to irrigate, to water",known,study,wiktionary,True,1511,13038,13038,1511,66565,1184,15619,1019,3,0,2,0,6,0,0,0,0,0
939,حَرُمَ,to be forbidden,known,frequency_core,wiktionary,True,491,6474,6474,491,6326,800,2616,202,7,0,1,0,6,1,0,1,0,1
940,رَسَمَ,"to draw, paint",known,textbook_scan,wiktionary,True,1728,4196,4196,1728,3495,808,1151,,7,0,6,0,27,0,0,0,0,0
941,ذَاتٌ,"self, essence",known,book,book,True,840,367,367,367,1636,398,241,,22,2,33,2,21,0,0,0,0,0
942,دَامَ,"to last, to endure",known,textbook_scan,wiktionary,True,479,5174,5174,479,,584,578,560,12,0,53,0,43,3,1,2,1,1
943,آنٌ,time,known,study,wiktionary,True,,4,4,4,99,,,,743,16,0,0,52,0,0,0,0,0
944,جُوَان,June,,,wiktionary,False,,10760,10760,10760,,,,,0,0,0,,,0,0,0,0,0
945,آدَمُ,human,known,frequency_core,wiktionary,True,1454,1133,1133,1133,,,22740,318,0,0,0,0,12,0,0,0,0,0
946,اسْتِخْوَانٌ,distrusting,,,wiktionary,False,,449619,449619,449619,,,,,0,0,0,,,0,0,0,0,0
947,بِزٌّ,"teat, mamma",,,wiktionary,False,,128357,128357,128357,,,,,0,0,0,,,0,0,0,0,0
948,حَسَنَةٌ,"good deed, benefaction",,,wiktionary,False,1422,9461,9461,1422,11184,,4633,277,0,0,1,,,0,0,0,0,0
949,تَحْسِينٌ,improvement,known,textbook_scan,wiktionary,True,2595,2245,2245,2245,26217,,1515,,0,0,0,0,29,0,0,0,0,0
950,تَحْسِينِيٌّ,amendatory,,,wiktionary,False,,811292,811292,811292,,,,,0,0,0,,,0,0,0,0,0
951,صَنْدَلٌ,sandalwood,,,wiktionary,False,,58522,58522,58522,65068,,,,0,0,0,,,0,0,0,0,0
952,شَنَّ,to launch (war; campaign),known,frequency_core,book,True,221,7054,7054,221,,339,118,809,25,1,4,0,11,0,0,0,0,0
953,دُسُرٌ,"nails, bolts",,,wiktionary,False,2504,367343,367343,2504,,,26034,1192,0,0,0,,,0,0,0,0,0
954,اشْتِبَاهٌ,"suspicion, doubt",,,wiktionary,False,4330,57330,57330,4330,26574,,7811,,0,0,0,,,0,0,0,0,0
955,ذِهْنٌ,mind,known,textbook_scan,wiktionary,True,1800,23992,23992,1800,18677,804,1442,,7,0,3,0,16,0,0,0,0,0
956,شُرُورٌ,evils,,,wiktionary,False,,37006,37006,37006,49194,,,,0,0,0,,,0,0,0,0,0
957,بَحَثَ,to search,known,book,book,True,223,1417,1417,223,226,174,345,1126,48,5,45,0,50,1,0,0,1,0
958,ضَرَبَانٌ,"beating, pulse",,,wiktionary,False,,145418,145418,145418,,,,,0,0,0,,,0,0,0,0,0
959,رَابِطٌ,"link, linkage",,,wiktionary,False,2066,2297,2297,2066,1527,,7311,1202,0,0,0,,,0,0,0,0,0
960,خَالٌ,maternal uncle,known,textbook_scan,wiktionary,True,676,15879,15879,676,30116,712,2766,685,11,0,4,0,10,0,0,0,0,0
961,رُمَّانٌ,pomegranate,known,leech_reintro,wiktionary,True,852,24849,24849,852,16244,1328,9011,890,2,0,0,6,21,0,0,0,0,0
962,مَاسْتٌ,yoghurt,,,wiktionary,False,,287142,287142,287142,,,,,0,0,0,,,0,0,0,0,0
963,اِسْتِعْدَادٌ,"readiness, preparation",known,collateral,wiktionary,True,1764,4800,4800,1764,6355,1111,940,,3,0,0,0,18,3,0,1,2,0
964,صَدَّ,"to hinder, to repel",known,textbook_scan,wiktionary,True,565,21234,21234,565,66686,871,3001,226,6,0,1,1,23,2,1,1,1,1
965,بَنْدَرٌ,port,,,wiktionary,False,4469,10387,10387,4469,51217,,13203,,0,0,1,,,0,0,0,0,0
966,شِهَابٌ,"meteor, flame",known,leech_reintro,wiktionary,True,1645,8942,8942,1645,45049,,12548,752,0,0,0,4,20,0,0,0,0,0
967,غُرُوب,sunset,known,textbook_scan,wiktionary,True,1374,11685,11685,1374,25270,777,2906,1044,8,0,1,0,33,0,0,0,0,0
968,رَبَّ,"to be master, to be lord",known,textbook_scan,wiktionary,True,11,2304,2304,11,3885,348,843,3,24,1,7,0,25,0,0,0,0,0
969,رُزٌّ,rice,known,textbook_scan,wiktionary,True,787,72003,72003,787,31488,1323,2896,743,2,0,0,0,14,0,0,0,0,0
970,قَفَلَ,to return from a journey,suspended,textbook_scan,wiktionary,False,1400,18259,18259,1400,35320,1061,2004,1291,4,0,2,2,6,0,0,0,0,0
971,ظَرْفٌ,"vessel, container, receptacle",known,textbook_scan,wiktionary,True,1736,13726,13726,1736,19609,1204,901,,3,0,2,0,20,1,0,0,1,0
972,قَصَّابٌ,"butcher, slaughterer",,,wiktionary,False,,85959,85959,85959,85352,,,,0,0,0,,,0,0,0,0,0
973,زَحَلَ,"to move away, withdraw, retire",,,wiktionary,False,4683,43535,43535,4683,,,21750,,0,0,0,,,0,0,0,0,0
974,لَازِمٌ,"necessary, urgent, unavoidable",known,book,book,True,573,7805,7805,573,5175,534,1633,915,14,0,11,0,13,0,0,0,0,0
975,خَبَرَ,"to try, to test",acquiring,book,book,True,119,2335,2335,119,1182,40,352,795,104,0,7,1,20,1,1,1,0,1
976,مَثَلَ,"to resemble, to look like",known,textbook_scan,wiktionary,True,,109,109,109,8740,,,,59,4,0,0,4,0,0,0,0,0
977,مَرْجَانٌ,coral,known,textbook_scan,wiktionary,True,1566,22707,22707,1566,46458,1075,10430,1069,4,0,1,0,12,0,0,0,0,0
978,شَاخَ,"to age, grow old",lapsed,study,wiktionary,True,1893,112333,112333,1893,,938,4204,,5,0,1,0,11,1,1,1,0,1
979,بَرٌّ,"land, dry land",known,textbook_scan,book,True,463,6323,6323,463,5150,796,1746,174,7,0,1,0,19,0,0,0,0,0
980,ثَابِتٌ,constant,known,study,wiktionary,True,609,4517,4517,609,8555,665,1261,727,10,0,4,0,12,0,0,0,0,0
981,ثَمَرٌ,"fruit, yield",known,textbook_scan,wiktionary,True,644,52500,52500,644,67071,707,3400,325,9,0,1,0,16,1,0,0,1,0
982,ثَبَاتٌ,"stability, firmness",known,study,wiktionary,True,1469,17875,17875,1469,19146,1143,2962,1155,3,0,0,0,24,0,0,0,0,0
983,خَارِجٌ,"outside, external",known,textbook_scan,wiktionary,True,259,710,710,259,1387,181,378,881,43,1,22,0,20,0,0,0,0,0
984,تَنْوِينٌ,nunation,,,wiktionary,False,,105860,105860,105860,78937,,,,0,0,1,,,0,0,0,0,0
985,خَامٌ,"raw, crude, unprocessed",,,wiktionary,False,2860,9508,9508,2860,4881,,3226,,0,0,0,,,0,0,0,0,0
986,فَلَافِلُ,falafel,,,wiktionary,False,,65229,65229,65229,83418,,,,0,0,0,,,0,0,0,0,0
987,عَبَأَ,"to pack, fill",known,textbook_scan,wiktionary,True,1698,93159,93159,1698,,1207,4867,,3,0,3,0,11,0,0,0,0,0
988,بْنٌ,alternative form of اِبْن (ibn),known,book,book,True,,32,32,32,20877,,,,11,0,1,0,4,0,0,0,0,0
989,قَنْدٌ,sugar candy,,,wiktionary,False,,214057,214057,214057,,,,,0,0,0,,,0,0,0,0,0
990,زَاهِدٌ,ascetic,,,wiktionary,False,2174,64054,64054,2174,38576,,9154,1217,0,0,0,,,0,0,0,0,0
991,شَمْعٌ,wax,known,textbook_scan,wiktionary,True,1992,49508,49508,1992,25089,1344,6010,,2,0,5,0,14,0,0,0,0,0
992,نِصْفٌ,half,known,textbook_scan,wiktionary,True,419,1218,1218,419,3887,508,545,666,15,0,16,0,17,1,0,1,0,0
993,سَرَدَ,"to narrate, recount",lapsed,study,wiktionary,True,1536,18850,18850,1536,15767,1026,6990,1228,4,0,1,0,11,1,1,0,1,0
994,اِزْدِوَاجٌ,"duality, doubling",,,wiktionary,False,,67876,67876,67876,61604,,,,0,0,0,,,0,0,0,0,0
995,ذَبَحَ,to slaughter,known,textbook_scan,wiktionary,True,781,18341,18341,781,27963,1165,4305,561,3,0,1,0,12,0,0,0,0,0
996,رَاجَ,"to circulate, spread",learning,leech_reintro,wiktionary,True,1277,61784,61784,1277,,364,6590,1003,22,0,0,1,9,0,0,0,0,0
997,قَرْنٌ,horn,known,auto_intro,wiktionary,True,512,7194,7194,512,1092,1372,1006,347,2,0,0,0,20,0,0,0,0,0
998,لَاتَ,not to be,known,frequency_core,wiktionary,True,450,97028,97028,450,69309,423,2591,375,19,0,4,0,10,0,0,0,0,0
999,مِعْمَارٌ,architect,known,textbook_scan,wiktionary,True,3386,58678,58678,3386,47761,,5707,,0,0,0,0,20,3,1,0,3,0
1000,آجَرَ,to rent out,known,story_import,wiktionary,True,327,9318,9318,327,8752,442,2427,83,17,0,3,2,15,0,0,0,0,0
1001,حَادٌّ,"sharp, pointed",known,book,book,True,250,9297,9297,250,12587,59,2012,731,89,0,7,0,53,0,0,0,0,0
1002,قَبَرَ,"to bury, to entomb",known,frequency_core,wiktionary,True,709,11843,11843,709,9586,1214,1473,654,4,1,1,0,10,0,0,0,0,0
1003,اسْتٌ,rump; buttocks,,,wiktionary,False,4964,42478,42478,4964,,,18688,,0,0,1,,,0,0,0,0,0
1004,مَصْدَرٌ,"source, verbal noun",known,textbook_scan,wiktionary,True,918,846,846,846,1000,889,254,,6,0,0,0,26,1,1,0,1,0
1005,دَفَّ,to flap the wings (of a bird),known,textbook_scan,wiktionary,True,1837,73142,73142,1837,80997,755,3057,,9,1,3,0,19,1,0,0,1,0
1006,بَالٌ,"mind, state",known,book,book,True,503,6198,6198,503,19454,466,847,591,16,0,13,0,9,0,0,0,0,0
1007,مَلْتٌ,malt,,,wiktionary,False,,68591,68591,68591,,,,,1,0,1,,,0,0,0,0,0
1008,مَعْمُولٌ,"current, practiced",lapsed,textbook_scan,wiktionary,True,3747,36968,36968,3747,9816,,7497,,0,0,0,3,16,1,1,1,0,0
1009,تَحَوَّلَ,"to transform, change",known,textbook_scan,wiktionary,True,1068,2858,2858,1068,5788,661,787,,10,0,13,1,36,1,0,0,1,0
1010,زَانٌ,beech (tree),known,textbook_scan,wiktionary,True,773,72400,72400,773,,933,13251,501,5,0,6,0,12,0,0,0,0,0
1011,نَوَّهَ,"to mention, note",,,wiktionary,False,3907,20244,20244,3907,,,8064,,0,0,1,,,0,0,0,0,0
1012,نَمَّ,"to gossip, slander",known,leech_reintro,wiktionary,True,1873,62987,62987,1873,,829,4105,,7,0,5,1,14,0,0,0,0,0
1013,وَزَغٌ,gecko,,,wiktionary,False,,391986,391986,391986,94358,,,,0,0,0,,,0,0,0,0,0
1014,مُثَلَّثٌ,"triple, threefold",known,study,wiktionary,True,2043,14070,14070,2043,21716,1638,7531,,1,0,0,0,6,0,0,0,0,0
1015,قَلَعَ,"to pluck out, to uproot",known,textbook_scan,wiktionary,True,1432,79581,79581,1432,94538,884,5130,1292,6,0,0,0,15,0,0,0,0,0
1016,مَسَّ,"to feel, to touch",known,textbook_scan,wiktionary,True,412,22106,22106,412,10474,569,1401,143,13,0,12,0,27,1,1,0,1,0
1017,مَظْهَرٌ,"appearance, look",known,textbook_scan,wiktionary,True,1784,9310,9310,1784,14511,890,1389,,7,1,8,0,20,1,0,0,1,0
1018,فِلِزٌّ,metal,,,wiktionary,False,,150540,150540,150540,,,,,0,0,0,,,0,0,0,0,0
1019,فَانُوسٌ,lantern,known,textbook_scan,wiktionary,True,2404,65001,65001,2404,68511,1598,15561,,1,0,0,0,20,1,0,0,1,0
1020,نَعْشٌ,"bier, coffin",,,wiktionary,False,2352,51411,51411,2352,63994,1686,7048,,1,0,0,,,0,0,0,0,0
1021,فِهْرِسْتٌ,"index, catalog",,,wiktionary,False,,114511,114511,114511,,,,,0,0,0,,,0,0,0,0,0
1022,قَتَلَ,"to kill, murder",known,frequency_core,wiktionary,True,142,912,912,142,4083,355,185,88,23,0,1,0,7,0,0,0,0,0
1023,مَسْلَخٌ,abattoir; slaughterhouse,,,wiktionary,False,,94640,94640,94640,77270,,,,0,0,0,,,0,0,0,0,0
1024,نَوَّمَ,to put to sleep,known,book,book,True,310,2555,2555,310,2340,111,999,930,59,0,19,1,23,0,0,0,0,0
1025,هَدَفَ,"to aim, target",known,frequency_core,wiktionary,True,2269,1611,1611,1611,1364,,172,,0,0,4,1,19,0,0,0,0,0
1026,لَغْوٌ,"nonsense, idle talk",known,study,wiktionary,True,862,93434,93434,862,70919,1624,15520,576,1,0,0,0,11,0,0,0,0,0
1027,تَصَادَفَ,to meet by chance,,,wiktionary,False,,30043,30043,30043,,,,,0,0,0,,,0,0,0,0,0
1028,شَرَعَ,"to legislate, start",known,textbook_scan,wiktionary,True,719,11564,11564,719,8763,768,2699,807,8,0,0,1,11,0,0,0,0,0
1029,بَيْدَقٌ,pawn,,,wiktionary,False,,171172,171172,171172,,,,,0,0,0,,,0,0,0,0,0
1030,رَدَهٌ,"halls, lobbies",suspended,study,wiktionary,False,2075,13604,13604,2075,,1322,16815,,2,0,0,1,5,0,0,0,0,0
1031,نَرْدٌ,dice; game with dice,,,wiktionary,False,,38421,38421,38421,91487,,,,0,0,1,,,0,0,0,0,0
1032,رَانَ,to take possession of,known,textbook_scan,wiktionary,True,1319,57921,57921,1319,,628,2499,1205,11,0,12,1,10,0,0,0,0,0
1033,دَعَا,to call,known,book,book,True,73,2269,2269,73,,190,141,36,40,0,23,0,22,0,0,0,0,0
1034,دِهْقَانٌ,"dehqan, publican",,,wiktionary,False,,97757,97757,97757,,,,,0,0,0,,,0,0,0,0,0
1035,طَرَحَ,"to throw, subtract",known,leech_reintro,wiktionary,True,1207,2181,2181,1207,10747,773,1280,1262,8,0,3,1,12,0,0,0,0,0
1036,مَلَّاحٌ,"sailor, mariner",known,study,wiktionary,True,2001,68960,68960,2001,37063,1413,9037,,2,0,2,0,20,0,0,0,0,0
1037,نَجَفَ,to fashion a point or tip,,,wiktionary,False,4953,74635,74635,4953,8693,,21132,,0,0,0,,,0,0,0,0,0
1038,مَشْهَدٌ,"scene, view",known,collateral,wiktionary,True,951,6331,6331,951,3874,82,1295,1307,70,0,3,0,22,0,0,0,0,0
1039,رِضًا,"satisfaction, approval",known,textbook_scan,wiktionary,True,1813,4058,4058,1813,7248,1531,1343,,1,0,2,0,18,0,0,0,0,0
1040,مُبَارِزٌ,"duelist, fighter",known,leech_reintro,wiktionary,True,1974,131306,131306,1974,,1386,3450,,2,0,0,1,11,0,0,0,0,0
1041,مَوْضِعٌ,"place, position",known,leech_reintro,wiktionary,True,693,4686,4686,693,20135,1088,1282,926,4,0,8,1,47,0,0,0,0,0
1042,حَرَامٌ,"forbidden, sacred",known,frequency_core,wiktionary,True,658,7818,7818,658,4984,1501,3133,262,1,0,0,0,10,0,0,0,0,0
1043,عَدَلَ,to act justly,known,textbook_scan,wiktionary,True,466,11344,11344,466,1664,719,1375,299,9,0,1,0,14,0,0,0,0,0
1044,عُمَانُ,Amman or Oman,known,textbook_scan,wiktionary,True,3313,924,924,924,,,38363,,0,0,0,0,7,0,0,0,0,0
1045,فُوتُونٌ,photon,,,wiktionary,False,,27036,27036,27036,,,,,0,0,0,,,0,0,0,0,0
1046,نُوتْرُونٌ,neutron,,,wiktionary,False,,1309700,1309700,1309700,,,,,0,0,0,,,0,0,0,0,0
1047,جَرَمَ,"to commit crime, felony",,,wiktionary,False,1554,26596,26596,1554,29108,,3586,443,0,0,0,,,0,0,0,0,0
1049,شَرْمُوطَةٌ,"prostitute, whore",,,wiktionary,False,,59080,59080,59080,,,,,0,0,0,,,0,0,0,0,0
1050,َمَهَرَ,"to settle a dowry for (one's wife, etc.)",known,leech_reintro,wiktionary,True,1846,32981,32981,1846,30563,894,3347,,6,0,1,1,12,0,0,0,0,0
1051,جَامٌ,"cup, bowl",,,wiktionary,False,,53133,53133,53133,,,,,0,0,0,,,0,0,0,0,0
1052,كُلِّيَّة,"college, faculty",known,textbook_scan,wiktionary,True,1758,545,545,545,2159,1622,2025,,2,1,6,0,16,1,0,1,0,1
1053,حَشِيشٌ,"grass, hay",known,auto_intro,wiktionary,True,2035,29589,29589,2035,18448,1154,10923,,3,0,6,0,39,0,0,0,0,0
1054,شَفَةٌ,lip,known,frequency_core,wiktionary,True,1397,45369,45369,1397,35723,1192,1448,1242,4,1,4,5,16,3,0,1,2,1
1055,شَفْرَةٌ,large knife,,,wiktionary,False,3954,25677,25677,3954,42795,,10508,,0,0,0,,,0,0,0,0,0
1056,سَلَكَ,"to follow, travel",lapsed,textbook_scan,wiktionary,True,642,12063,12063,642,15709,766,2248,483,8,0,4,0,10,0,0,0,0,0
1057,سُنْبُلٌ,"ear, spike (of a crop)",,,wiktionary,False,1043,98736,98736,1043,,1341,12737,747,2,0,0,,,0,0,0,0,0
1058,طُولٌ,"length, height",known,textbook_scan,wiktionary,True,422,2047,2047,422,8912,366,936,817,23,1,11,0,36,0,0,0,0,0
1059,سَرِير,"bed, bedstead",known,textbook_scan,wiktionary,True,1719,11045,11045,1719,11725,525,1037,,14,0,5,0,25,0,0,0,0,0
1060,نَامُوسِيَّةٌ,mosquito net,,,wiktionary,False,,266847,266847,266847,,,,,0,0,0,,,0,0,0,0,0
1061,رِيشٌ,"feathers, quills",known,frequency_core,wiktionary,True,1447,38364,38364,1447,20882,932,3048,1216,5,0,2,0,19,1,0,0,1,0
1062,جَنُوبٌ,south,known,textbook_scan,wiktionary,True,967,437,437,437,1315,1150,417,,3,0,0,0,15,0,0,0,0,0
1063,بَارِز,"prominent, salient",known,study,wiktionary,True,629,11731,11731,629,14191,998,1154,953,4,0,0,0,11,0,0,0,0,0
1064,تَحْرِيمٌ,"prohibition, ban",,,wiktionary,False,4545,20531,20531,4545,22645,,9499,,0,0,0,,,0,0,0,0,0
1065,رُبُوبِيَّةٌ,lordship (esp. of God),,,wiktionary,False,,163506,163506,163506,50827,,,,0,0,0,,,0,0,0,0,0
1066,بَرَقَ,to produce lightning,lapsed,book,book,True,738,19502,19502,738,19130,744,4007,680,8,0,3,2,20,1,1,0,1,0
1067,رَحِمَ,to have mercy,known,book,book,True,196,10400,10400,196,8490,758,1433,35,8,0,0,0,10,0,0,0,0,0
1068,قَزْمٌ,"dwarf, midget, pigmy",known,textbook_scan,wiktionary,True,2284,87814,87814,2284,92354,1060,6234,,4,0,1,0,11,0,0,0,0,0
1069,شُبَّاك,window,known,textbook_scan,wiktionary,True,4027,9280,9280,4027,10753,,10007,,0,0,0,0,16,0,0,0,0,0
1070,نَافِذَةٌ,window,known,textbook_scan,wiktionary,True,1692,6296,6296,1692,9477,330,1552,,27,2,11,0,46,0,0,0,0,0
1071,حَلَمَة,nipple,,,wiktionary,False,,85701,85701,85701,84468,,,,0,0,0,,,0,0,0,0,0
1072,وَتَرَ,"to string (as a bow), to provide with a string",learning,frequency_core,book,True,662,29762,29762,662,30482,649,1805,932,11,0,1,1,6,0,0,0,0,0
1073,حَبْلٌ,"rope, cord",known,book,wiktionary,True,661,18838,18838,661,17660,623,1693,627,11,0,1,0,36,1,0,0,1,0
1074,جَبَلٌ,mountain,known,textbook_scan,wiktionary,True,301,1939,1939,301,4301,258,908,230,31,0,10,0,105,0,0,0,0,0
1075,نَوَّعَ,to diversify,known,book,book,True,409,1013,1013,409,1524,459,517,1338,18,1,22,0,19,0,0,0,0,0
1076,غَزَلَ,to spin,known,leech_reintro,wiktionary,True,1537,14215,14215,1537,16969,1052,6702,1278,4,0,0,1,13,1,0,1,0,1
1077,رِحْلَةٌ,"trip, voyage, tour",known,textbook_scan,wiktionary,True,1098,2151,2151,1098,5376,349,1032,1207,23,0,6,0,47,0,0,0,0,0
1078,بَثْرَةٌ,"pimple, pustule",,,wiktionary,False,,214430,214430,214430,,,,,0,0,0,,,0,0,0,0,0
1079,شِعَارٌ,"slogan, logo",known,textbook_scan,wiktionary,True,1833,2860,2860,1833,8825,1559,1924,,1,0,0,0,26,2,0,0,2,0
1080,خَرْدَلٌ,mustard,known,leech_reintro,wiktionary,True,897,99302,99302,897,44327,1509,20488,989,1,0,0,2,18,3,1,3,0,2
1081,نَصَتَ,to listen,known,textbook_scan,wiktionary,True,1445,16170,16170,1445,,692,6640,1082,11,1,11,0,16,2,1,1,1,0
1082,شَهِدَ,"to witness, to be a witness",known,textbook_scan,wiktionary,True,306,3211,3211,306,65475,593,353,213,12,0,1,0,37,3,0,0,3,0
1083,صَغَا,"to incline, to bend, to lean",,,wiktionary,False,2445,330695,330695,2445,,,6337,1027,0,0,0,,,0,0,0,0,0
1084,أَصْغَى,to listen closely,known,study,wiktionary,True,1808,142573,142573,1808,,697,1450,,9,0,0,0,13,3,1,0,3,1
1085,أَطَاعَ,to obey,learning,textbook_scan,wiktionary,True,511,61405,61405,511,,904,2371,119,5,0,2,2,15,3,1,2,1,2
1086,ذَرَّةٌ,"tiny particle, speck, mote",acquiring,study,wiktionary,True,790,17218,17218,790,14466,1166,3944,688,3,0,1,1,7,2,0,2,0,2
1088,سِلَاحٌ,"weapon, arm",known,leech_reintro,wiktionary,True,1694,3440,3440,1694,2350,1550,411,,1,0,0,1,29,1,0,0,1,0
1089,جُبٌّ,"cistern, well",known,book,book,True,377,52795,52795,377,74677,549,233,729,13,0,11,0,24,4,1,3,1,0
1090,مَعْدِنٌ,"metal, mineral",known,textbook_scan,wiktionary,True,1985,23608,23608,1985,17703,1659,5761,,1,0,2,1,22,0,0,0,0,0
1091,نَفَرَ,"to shy, to bolt, to stampede",,,wiktionary,False,1567,24809,24809,1567,63261,,3929,429,0,0,1,,,0,0,0,0,0
1092,شَاطِئٌ,"beach, shore",known,collateral,wiktionary,True,1192,4986,4986,1192,7130,472,1500,1237,16,0,1,0,49,0,0,0,0,0
1093,مَنْهَجٌ,"method, curriculum",known,collateral,wiktionary,True,2802,3670,3670,2802,5038,,3170,,0,0,0,0,18,3,0,0,3,0
1094,تَرْجَمَ,to translate,known,collateral,book,True,3434,23080,23080,3434,,,3834,,0,0,0,0,16,0,0,0,0,0
1095,فُرْصَةٌ,"chance, occasion, opportunity",known,collateral,wiktionary,True,934,1030,1030,934,2371,599,343,,12,0,1,0,21,0,0,0,0,0
1096,بَطَاطَةٌ,sweet potato,,,wiktionary,False,,489725,489725,489725,,,,,0,0,0,,,0,0,0,0,0
1097,بَرْبَرِيٌّ,Berber,,,wiktionary,False,,67470,67470,67470,55913,,,,0,0,0,,,0,0,0,0,0
1098,بَطَاطَا,potatoes,known,textbook_scan,wiktionary,True,,51944,51944,51944,19439,,,,0,0,0,0,14,0,0,0,0,0
1099,انْتِفَاضَة,"uprising, intifada",,,wiktionary,False,,11556,11556,11556,8158,,,,0,0,0,,,0,0,0,0,0
1100,عَجُوزٌ,old woman,known,textbook_scan,wiktionary,True,237,19859,19859,237,12111,52,1438,821,95,2,32,0,20,0,0,0,0,0
1101,أَتَانٌ,female donkey,known,leech_reintro,wiktionary,True,1961,178760,178760,1961,,1100,4991,,3,0,0,1,18,1,0,0,1,0
1102,خَاقَانٌ,khagan,,,wiktionary,False,,112640,112640,112640,,,,,0,0,0,,,0,0,0,0,0
1103,مِدَادٌ,ink,suspended,leech_reintro,wiktionary,False,1624,36453,36453,1624,57643,1646,11827,1303,1,0,0,3,7,0,0,0,0,0
1104,مَنَّى,to arouse desire,known,frequency_core,wiktionary,True,329,5346,5346,329,56437,388,358,472,22,1,2,5,17,0,0,0,0,0
1105,بُرْقُعٌ,cover,,,wiktionary,False,,162685,162685,162685,67754,,,,0,0,0,,,0,0,0,0,0
1106,حَضَارَةٌ,civilization,known,textbook_scan,wiktionary,True,2741,9870,9870,2741,4607,,2191,,0,0,1,0,22,0,0,0,0,0
1108,بَلْدَةٌ,"town, city",known,study,wiktionary,True,639,1889,1889,639,4857,1002,1553,724,4,0,0,0,12,0,0,0,0,0
1109,بَلَدِيَّةٌ,"township, rural community",,,wiktionary,False,2602,1245,1245,1245,2128,,2335,,0,0,0,,,0,0,0,0,0
1110,بَلَدِيٌّ,"native, indigenous",known,study,wiktionary,True,1889,8677,8677,1889,3960,1471,3151,,1,0,0,0,6,0,0,0,0,0
1111,دِبْلُوم,diploma,,,wiktionary,False,4308,11450,11450,4308,17989,,11170,,0,0,0,,,0,0,0,0,0
1113,خَمَرَ,"to cover, conceal",lapsed,study,wiktionary,True,740,29764,29764,740,12168,1312,1984,634,2,0,3,0,10,0,0,0,0,0
1114,كُحْلٌ,antimony,,,wiktionary,False,,29012,29012,29012,55845,,,,0,0,0,,,0,0,0,0,0
1115,كُحُولٌ,"alcohol, spirits",,,wiktionary,False,4513,74053,74053,4513,15129,,10911,,0,0,0,,,0,0,0,0,0
1116,رُطُوبَةٌ,"humidity, moisture",,,wiktionary,False,4066,41048,41048,4066,13677,,8298,,0,0,0,,,0,0,0,0,0
1117,كَلَامٌ,"talking, speaking",known,book,book,True,268,1466,1466,268,1268,284,204,834,33,4,28,0,30,0,0,0,0,0
1118,زُرُودٌ,chain mail,,,wiktionary,False,,296395,296395,296395,,,,,0,0,0,,,0,0,0,0,0
1119,غَائِمٌ,"cloudy, overcast",known,textbook_scan,wiktionary,True,4978,15749,15749,4978,,,14679,,0,0,0,0,17,1,0,1,0,0
1121,لَهِمٌ,"greedy, gluttonous",known,story_import,wiktionary,True,,271,271,271,1096,,,,22,1,0,1,14,0,0,0,0,0
1122,عَجَمِيٌّ,"non-Arab, foreigner",known,study,wiktionary,True,854,58573,58573,854,13118,1588,8858,820,1,0,0,0,7,0,0,0,0,0
1123,قِبْطِيٌّ,Coptic,,,wiktionary,False,,70623,70623,70623,41926,,,,0,0,0,,,0,0,0,0,0
1124,قِبْطٌ,Copts,known,study,wiktionary,True,2131,241099,241099,2131,,262,13109,,31,0,13,0,7,0,0,0,0,0
1125,مَاطِرٌ,rainy,,,wiktionary,False,1660,37390,37390,1660,,,12189,661,0,0,0,,,0,0,0,0,0
1126,مُمْطِرٌ,rainy,known,textbook_scan,wiktionary,True,1734,87098,87098,1734,,1673,14900,1320,1,0,0,0,15,0,0,0,0,0
1127,مِمْطَرَة,raincoat,,,wiktionary,False,,29174,29174,29174,71886,,,,0,0,0,,,0,0,0,0,0
1128,نَبِيذٌ,wine,known,textbook_scan,wiktionary,True,2013,50762,50762,2013,19874,1681,4389,,1,0,3,0,8,0,0,0,0,0
1130,إِرْهَاصَاتٌ,"indications, signs",,,wiktionary,False,,60599,60599,60599,,,,,0,0,0,,,0,0,0,0,0
1131,عَدَسٌ,lentils,,,wiktionary,False,2132,58177,58177,2132,25326,,16903,1268,0,0,1,,,0,0,0,0,0
1132,دُوَارٌ,"dizziness, vertigo",known,textbook_scan,wiktionary,True,1951,7303,7303,1951,12619,1163,6450,,3,0,6,0,18,0,0,0,0,0
1133,غَيُورٌ,jealous,suspended,study,wiktionary,False,2074,51539,51539,2074,86412,1597,7107,,1,0,1,1,5,0,0,0,0,0
1134,شُكْرِيَّةٌ,of thanks,known,auto_intro,wiktionary,True,,253725,253725,253725,,,,,0,0,0,0,11,0,0,0,0,0
1135,إِسْبِتَارِيَّةٌ,Hospitallers,,,wiktionary,False,,2914825,2914825,2914825,,,,,0,0,0,,,0,0,0,0,0
1136,لُقَيْمَةٌ,"morsel, snack",,,wiktionary,False,,38572,38572,38572,,,,,0,0,0,,,0,0,0,0,0
1137,تَشْرِيعٌ,"legislation, law",,,wiktionary,False,2942,15782,15782,2942,8221,,3235,,0,0,0,,,0,0,0,0,0
1138,رَحُبَ,to be spacious,known,textbook_scan,wiktionary,True,1351,8455,8455,1351,56618,1173,1649,1005,3,0,1,0,21,0,0,0,0,0
1139,هِنْدَامٌ,"appearance, attire",,,wiktionary,False,,222348,222348,222348,,,,,0,0,0,,,0,0,0,0,0
1140,اشْتِهَارٌ,"fame, notoriety",,,wiktionary,False,,190026,190026,190026,,,,,0,0,0,,,0,0,0,0,0
1141,جَنَّةٌ,garden,known,textbook_scan,wiktionary,True,127,8084,8084,127,2122,582,310,47,12,0,3,0,23,0,0,0,0,0
1142,دَوَاءٌ,"medicine, drug",known,book,book,True,1762,9283,9283,1762,5478,859,1560,,6,0,0,0,71,1,0,0,1,0
1144,كِمْبِيُوتَرٌ,computer,known,textbook_scan,wiktionary,True,2513,2502,2502,2502,269,,3837,,0,0,0,0,8,0,0,0,0,0
1145,כאן,was (Judeo-Arabic),,,wiktionary,False,,,,,,,,,2,0,0,,,0,0,0,0,0
1146,زَمَنٌ,time,known,book,book,True,1029,2134,2134,1029,2197,494,897,,27,12,138,0,17,0,0,0,0,0
1148,سَقْيٌ,"irrigation, watering",known,textbook_scan,wiktionary,True,1004,82196,82196,1004,67287,1548,10749,462,1,0,0,2,14,0,0,0,0,0
1149,حَيَوَانٌ,animal,known,textbook_scan,book,True,1127,13496,13496,1127,4824,396,1677,1176,20,0,6,0,104,0,0,0,0,0
1150,سِيلُوفُونٌ,xylophone,,,wiktionary,False,,6720291,6720291,6720291,,,,,0,0,0,,,0,0,0,0,0
1152,خَشَبٌ,"wood, lumber, timber",known,textbook_scan,wiktionary,True,1307,13396,13396,1307,8802,626,2214,1183,11,0,5,0,29,2,1,1,1,0
1153,قَبِيلَةٌ,tribe,known,textbook_scan,wiktionary,True,1331,2120,2120,1331,7913,1370,1705,1286,2,0,0,0,24,0,0,0,0,0
1154,لِسَانِيَّاتٌ,linguistics,,,wiktionary,False,,71773,71773,71773,54611,,,,0,0,0,,,0,0,0,0,0
1155,صَوْتِيَّاتٌ,phonetics,known,frequency_core,wiktionary,True,,2850,2850,2850,929,,,,0,0,0,0,7,0,0,0,0,0
1156,تَحْلِيلٌ,analysis,,,wiktionary,False,2727,3647,3647,2727,4721,,2354,,0,0,0,,,0,0,0,0,0
1157,أَنْمِي,anime,,,wiktionary,False,,3358,3358,3358,1322,,,,0,0,0,,,0,0,0,0,0
1158,مَجْمُوعَةٌ,"collection, compilation, anthology",known,textbook_scan,wiktionary,True,874,224,224,224,963,822,277,,7,0,3,0,33,3,0,0,3,0
1159,صِيَام,fasting,known,collateral,wiktionary,True,1606,11769,11769,1606,4672,,10746,566,0,0,0,0,18,0,0,0,0,0
1160,بَلَادِيُومٌ,palladium,,,wiktionary,False,,608900,608900,608900,80621,,,,0,0,0,,,0,0,0,0,0
1161,رَاتِب,salary,known,textbook_scan,wiktionary,True,1850,10889,10889,1850,15027,1169,1969,,3,0,0,0,11,0,0,0,0,0
1162,رَايَة,"flag, banner",known,study,wiktionary,True,1731,9821,9821,1731,17328,375,2096,,21,0,0,0,15,2,0,0,2,0
1163,إِدَارَةٌ,"administration, management",known,collateral,wiktionary,True,1676,166,166,166,314,,275,,0,0,3,0,16,0,0,0,0,0
1164,أَنَانَاسٌ,pineapple,known,textbook_scan,wiktionary,True,,131119,131119,131119,53950,,,,0,0,0,0,11,0,0,0,0,0
1165,قَافِلَة,caravan,known,collateral,wiktionary,True,1871,10814,10814,1871,13801,726,4664,,9,0,1,0,17,0,0,0,0,0
1167,جَذَّرَ,root,known,textbook_scan,wiktionary,True,1945,51693,51693,1945,41046,1291,4330,,2,0,0,1,14,0,0,0,0,0
1168,تَقِيَّةٌ,"fear, caution, prudence",,,wiktionary,False,2208,73696,73696,2208,43269,,15680,1146,0,0,0,,,0,0,0,0,0
1169,جُمْهُورٌ,the majority,known,frequency_core,wiktionary,True,1772,6151,6151,1772,2518,1496,966,,1,0,1,0,20,0,0,0,0,0
1170,عَبَّاسٌ,"grim, glowering, frowning, stern, scowling, surly",,,wiktionary,False,3538,1159,1159,1159,8538,,38900,,0,0,0,,,0,0,0,0,0
1171,نَقِيضٌ,"opposite, antithesis",,,wiktionary,False,4371,32133,32133,4371,23451,,7945,,0,0,0,,,0,0,0,0,0
1172,إِعْصَارٌ,"hurricane, cyclone",known,study,wiktionary,True,1584,22183,22183,1584,17210,1450,8736,1106,1,0,4,0,9,0,0,0,0,0
1173,مُتَّحِدٌ,united,known,textbook_scan,wiktionary,True,1499,104653,104653,1499,31513,,121,,0,0,0,0,14,2,1,0,2,0
1174,مَلَلٌ,boredom,learning,textbook_scan,wiktionary,True,501,28974,28974,501,16699,456,3156,334,17,0,10,6,10,0,0,0,0,0
1175,جَسَدٌ,body,known,book,book,True,667,8636,8636,667,5987,708,1797,788,9,0,4,0,28,1,0,0,1,0
1176,عَاشِقٌ,"lover, enamored",known,leech_reintro,wiktionary,True,1852,13027,13027,1852,14982,1587,1951,,1,0,0,1,14,0,0,0,0,0
1177,مُسَلْسَلٌ,"series, serial",known,frequency_core,wiktionary,True,2534,412,412,412,3115,,3346,,0,0,0,0,8,0,0,0,0,0
1178,مُهَاجِرٌ,"migrant, immigrant",,,wiktionary,False,1474,19549,19549,1474,24693,,2422,615,0,0,0,,,0,0,0,0,0
1179,سُوسٌ,licorice,,,wiktionary,False,1653,18010,18010,1653,49886,,9239,806,0,0,0,,,0,0,0,0,0
1180,مُوَفَّقٌ,"successful, lucky",known,leech_reintro,wiktionary,True,2003,21763,21763,2003,23917,1679,3850,,1,0,0,1,15,2,0,0,2,0
1181,وَطَنٌ,nation,known,textbook_scan,wiktionary,True,964,4205,4205,964,458,509,927,,15,0,0,0,21,0,0,0,0,0
1182,حَنَا,"to bend, to curve",known,book,book,True,568,7420,7420,568,,335,1674,878,25,1,20,0,16,0,0,0,0,0
1183,مَجْرُوحٌ,wounded,learning,textbook_scan,wiktionary,True,,80252,80252,80252,95555,,,,0,0,0,4,9,0,0,0,0,0
1184,مَحْصُولٌ,"crop, harvest",suspended,study,wiktionary,False,2039,19737,19737,2039,28450,1644,7004,,1,0,0,1,14,0,0,0,0,0
1185,آمَرَ,"to command, to order",known,textbook_scan,book,True,18,601,601,18,192,14,35,112,175,2,22,1,47,0,0,0,0,0
1186,تَوَلَّدَ,"to be born, to originate",known,study,wiktionary,True,2078,16451,16451,2078,,1487,12060,,1,0,0,0,13,1,0,1,0,1
1187,مُهِمَّاتٌ,"tasks, equipment",,,wiktionary,False,,20661,20661,20661,17205,,,,0,0,0,,,0,0,0,0,0
1188,زُمُرُّدٌ,emerald,,,wiktionary,False,,108425,108425,108425,83321,,,,0,0,0,,,0,0,0,0,0
1189,حِزْبٌ,political party,known,frequency_core,wiktionary,True,894,308,308,308,663,,211,370,0,0,0,0,19,0,0,0,0,0
1190,مُسَلَّحٌ,armed,known,study,wiktionary,True,1727,12731,12731,1727,9682,1402,894,,2,0,0,0,15,0,0,0,0,0
1191,قَانُونٌ,"law, rule",known,textbook_scan,wiktionary,True,1741,360,360,360,369,,298,,0,0,3,0,34,0,0,0,0,0
1192,تَمَلَّقَ,to flatter,,,wiktionary,False,,146003,146003,146003,,,,,0,0,1,,,0,0,0,0,0
1193,سَرَابٌ,mirage,,,wiktionary,False,2157,31121,31121,2157,36539,,10311,1016,0,0,0,,,0,0,0,0,0
1194,سَلَّ,to withdraw,known,book,book,True,697,20976,20976,697,30470,631,4515,804,11,0,2,0,15,0,0,0,0,0
1195,غَمَّ,"to cover, to veil, to shroud",known,study,wiktionary,True,759,45252,45252,759,51856,955,4024,652,5,0,2,0,9,1,1,1,0,1
1196,مُسَافِرٌ,traveller,known,textbook_scan,wiktionary,True,1788,15506,15506,1788,10758,823,2213,,7,0,1,0,45,0,0,0,0,0
1197,قَبَضَ,to seize,known,leech_reintro,wiktionary,True,533,17544,17544,533,2130,639,1185,573,11,0,5,1,19,5,0,4,1,6
1198,تَنْدٌ,awnings,,,wiktionary,False,,249311,249311,249311,,,,,0,0,0,,,0,0,0,0,0
1199,سَالَمَ,to make peace,lapsed,leech_reintro,wiktionary,True,1819,1728,1728,1728,13170,1182,3322,,3,0,0,1,18,3,2,0,3,0
1200,شُرُوعٌ,commencement,,,wiktionary,False,3863,60198,60198,3863,16062,,6431,,0,0,0,,,0,0,0,0,0
1201,دَانَ,to owe (money),known,frequency_core,book,True,332,9535,9535,332,58346,189,1246,446,40,0,8,0,3,0,0,0,0,0
1202,عَاهِرَاتٌ,prostitutes,,,wiktionary,False,,105645,105645,105645,,,,,0,0,0,,,0,0,0,0,0
1203,رَقَصَ,to dance,known,auto_intro,wiktionary,True,1826,13988,13988,1826,11143,759,2544,,8,0,0,0,25,1,0,0,1,0
1204,شَلْغَمٌ,turnip,,,wiktionary,False,,373723,373723,373723,,,,,0,0,0,,,0,0,0,0,0
1205,زُنْبُورٌ,hornet,,,wiktionary,False,,221890,221890,221890,,,,,0,0,0,,,0,0,0,0,0
1206,دَارٌّ,flowing copiously,known,textbook_scan,book,True,145,873,873,145,3136,126,317,164,44,0,12,1,39,0,0,0,0,0
1207,غَذَا,to nourish,,,wiktionary,False,4659,134423,134423,4659,,,20557,,0,0,1,,,0,0,0,0,0
1209,مَمْنُونٌ,grateful,learning,frequency_core,wiktionary,True,1084,105944,105944,1084,,1416,18011,845,2,0,0,1,14,3,2,2,1,0
1210,ابْتَلَعَ,to swallow,known,textbook_scan,wiktionary,True,2273,83271,83271,2273,,985,6395,,4,0,5,0,15,0,0,0,0,0
1211,اسْتَأْذَنَ,to ask permission,known,study,wiktionary,True,1903,56635,56635,1903,,1109,2207,,3,0,0,0,21,2,0,0,2,0
1212,بَاءَ,"to return, to come back",,,wiktionary,False,1636,43714,43714,1636,29299,,6790,678,0,0,0,,,0,0,0,0,0
1213,تَاجِر,"merchant, trader",known,textbook_scan,wiktionary,True,975,11740,11740,975,15589,96,1599,1135,63,0,1,0,71,0,0,0,0,0
1214,تَأْمِينٌ,"insurance, securing",,,wiktionary,False,2598,2989,2989,2598,2880,,1385,,0,0,0,,,0,0,0,0,0
1215,تَابَعَ,"to continue, carry on",known,textbook_scan,wiktionary,True,547,4277,4277,547,3536,910,776,863,5,0,4,7,25,5,3,0,5,0
1216,تَابَ,"to repent, to be penitent",known,book,book,True,430,20744,20744,430,,660,3053,118,10,0,2,6,17,0,0,0,0,0
1217,ثَابَرَ,to persevere,,,wiktionary,False,,145679,145679,145679,,,,,0,0,0,,,0,0,0,0,0
1218,سَمَاءٌ,"sky, heaven",known,textbook_scan,wiktionary,True,84,7951,7951,84,2268,351,706,17,24,1,11,0,109,0,0,0,0,1
1219,آبَادٌ,"eons, ages",known,frequency_core,wiktionary,True,1948,7417,7417,1948,,831,11887,,6,0,1,0,7,0,0,0,0,0
1220,فِلْمٌ,"film, motion picture",known,frequency_core,wiktionary,True,2140,1895,1895,1895,29413,146,,,50,0,17,0,11,0,0,0,0,0
1221,صَخْرَةٌ,"boulder, rock",encountered,collateral,wiktionary,False,1824,20449,20449,1824,17146,941,,1026,5,0,0,0,0,0,0,0,0,0
1222,قُبْلَةٌ,kiss,known,study,wiktionary,True,765,15916,15916,765,15730,1215,2745,655,3,0,1,0,8,2,0,0,2,0
1223,جَدْوَلٌ,"creek, brook, little stream",known,auto_intro,wiktionary,True,1796,2755,2755,1796,9215,1009,2143,,4,0,2,0,26,0,0,0,0,0
1224,دَسَّ,"to hide, insert",acquiring,study,wiktionary,True,842,57482,57482,842,,1518,4293,799,1,0,1,1,12,5,2,3,2,2
1225,سَتَرَ,"to cover, veil",suspended,study,wiktionary,False,1357,23808,23808,1357,39665,590,5151,1014,12,0,16,1,11,1,1,1,0,0
1226,عِجَانٌ,perineum,,,wiktionary,False,,169707,169707,169707,,,,,0,0,0,,,0,0,0,0,0
1227,مَادَّةٌ,"matter, material",known,textbook_scan,wiktionary,True,1060,560,560,560,1029,1383,788,,2,0,3,0,14,3,1,0,3,0
1228,شُرْغُوفٌ,tadpole,,,wiktionary,False,,943807,943807,943807,,,,,0,0,0,,,0,0,0,0,0
1229,عُلْجُومٌ,"toad, male camel",,,wiktionary,False,2363,448724,448724,2363,,818,38370,,7,0,0,,,0,0,0,0,0
1230,خَيْمَةٌ,tent,known,textbook_scan,wiktionary,True,1184,3725,3725,1184,1603,856,1022,1190,6,0,0,0,16,0,0,0,0,0
1231,خِنْزِيرٌ,"pig, swine",known,study,wiktionary,True,797,59744,59744,797,21852,929,7194,740,5,0,0,0,7,0,0,0,0,0
1232,بُحَيْرَةٌ,lake,known,textbook_scan,wiktionary,True,1409,9127,9127,1409,7310,1129,2735,1127,3,0,0,0,14,0,0,0,0,0
1233,فَطَرَ,"to split, cleave",known,textbook_scan,wiktionary,True,754,31158,31158,754,4521,1605,4084,512,1,0,0,0,19,0,0,0,0,0
1234,ذَبِيحَةٌ,slaughtered animal,,,wiktionary,False,2358,51760,51760,2358,55337,1527,8647,,1,0,0,,,0,0,0,0,0
1235,إِكْسِيرٌ,elixir,,,wiktionary,False,,52344,52344,52344,,,,,0,0,0,,,0,0,0,0,0
1236,عِبْرِيَّةٌ,Hebrew,,,wiktionary,False,,47970,47970,47970,6202,,,,0,0,0,,,0,0,0,0,0
1237,شَاحِنَةٌ,"truck, lorry",encountered,collateral,wiktionary,False,2949,8096,8096,2949,20179,,3302,,0,0,3,0,0,0,0,0,0,0
1238,وَرَقَةٌ,"paper, sheet; leaf",known,auto_intro,wiktionary,True,1803,3862,3862,1803,8053,1098,,1348,4,0,8,0,46,0,0,0,0,0
1239,لِحَاءٌ,"bark, rind",,,wiktionary,False,2413,105302,105302,2413,,1380,25594,,2,0,0,,,0,0,0,0,0
1240,رَاعِي,"herd, herder, herdsman",known,collateral,wiktionary,True,1870,28230,28230,1870,4817,1170,3217,,3,0,0,0,29,1,0,1,0,0
1241,أَرْزٌ,cedar,known,textbook_scan,wiktionary,True,3834,13193,13193,3834,6249,,10835,,0,0,0,0,23,1,0,1,0,1
1243,أَلْعَابٌ,"games, toys",known,collateral,wiktionary,True,1794,145,145,145,345,1454,7509,,1,0,4,0,25,1,0,0,1,0
1244,لَعِبَ,to play,known,textbook_scan,wiktionary,True,331,3186,3186,331,3119,385,460,414,23,2,45,0,72,0,0,0,0,0
1245,عَجَلَة,wheel; haste,known,leech_reintro,wiktionary,True,1822,8219,8219,1822,29165,817,2459,,7,0,2,1,13,1,0,1,0,3
1246,صَلَّى,to pray,known,textbook_scan,wiktionary,True,232,207,207,207,,945,1856,72,5,0,7,0,16,0,0,0,0,0
1247,لُعَابٌ,"saliva, spittle",known,textbook_scan,wiktionary,True,1782,58070,58070,1782,33490,1623,1866,,1,0,8,2,14,0,0,0,0,0
1248,رِيقٌ,"saliva, spittle",known,frequency_core,wiktionary,True,262,113644,113644,262,37919,1177,215,264,3,0,6,0,18,1,0,1,0,0
1249,تَعَفَّنَ,"to rot, decay",lapsed,book,book,True,,66714,66714,66714,96976,,,,0,0,0,0,12,0,0,0,0,0
1250,بُومَةٌ,owl,,,wiktionary,False,2523,163017,163017,2523,84605,1272,,,2,0,0,,,0,0,0,0,0
1251,بِيرَةٌ,beer,,,wiktionary,False,,81765,81765,81765,13720,,,,0,0,0,,,0,0,0,0,0
1252,مُرَبَّعٌ,square,known,book,book,True,2807,3318,3318,2807,9931,,3433,,0,0,1,1,19,0,0,0,0,0
1253,قَوْشٌ,crupper,,,wiktionary,False,,70823,70823,70823,21137,,,,0,0,0,,,0,0,0,0,0
1257,مَانَ,to lie,known,textbook_scan,wiktionary,True,472,6155,6155,472,34413,1384,1241,140,2,0,4,2,13,1,1,1,0,1
1258,سِلْسِلَةٌ,"chain, series",known,textbook_scan,wiktionary,True,680,1292,1292,680,6816,1551,1449,897,1,0,0,0,16,0,0,0,0,0
1259,إِسْبَانِيَّةٌ,Spanish,known,textbook_scan,wiktionary,True,,20335,20335,20335,2731,,,,0,0,0,0,8,0,0,0,0,0
1260,رَأْيٌ,"opinion, view",known,textbook_scan,wiktionary,True,138,1192,1192,138,984,60,199,1004,90,1,21,0,70,3,1,1,2,0
1261,حِزَامٌ,"belt, girth, waistband",known,textbook_scan,wiktionary,True,1809,13559,13559,1809,14491,487,5125,,15,0,1,0,26,3,1,0,3,0
1262,سَمَّ,to poison,known,textbook_scan,book,True,485,5978,5978,485,22075,253,2325,640,32,0,4,0,13,1,0,1,0,1
1263,تَقْلِيدٌ,"imitation, tradition",known,textbook_scan,wiktionary,True,1898,16208,16208,1898,15947,1481,2123,,1,0,0,0,25,1,1,1,0,0
1264,مَبْلُولٌ,"moist, damp, wet",known,textbook_scan,wiktionary,True,770,197146,197146,770,,1635,4338,710,1,0,0,0,15,3,0,3,0,2
1265,مُجْفِلٌ,"scary, terrifying",known,study,wiktionary,True,2251,526058,526058,2251,,1641,2295,,1,0,0,0,13,0,0,0,0,0
1266,وُرُود,"arrival, coming",known,study,wiktionary,True,1981,10680,10680,1981,12703,1245,6948,,3,0,0,0,9,0,0,0,0,0
1267,نَحُلَ,to grow thin,acquiring,leech_reintro,wiktionary,True,1375,22308,22308,1375,7677,978,2420,1080,5,0,6,1,12,6,1,4,2,6
1268,حَلَمَ,to dream,known,book,book,True,390,4052,4052,390,5019,227,867,684,34,0,13,0,36,0,0,0,0,0
1269,كَابُوسٌ,nightmare,known,study,wiktionary,True,2076,30919,30919,2076,52483,1619,7500,,1,0,0,0,11,0,0,0,0,0
1270,نِقَاشٌ,"discussion, debate",known,textbook_scan,wiktionary,True,1847,4526,4526,1847,1759,1687,2853,,1,0,0,0,25,0,0,0,0,0
1271,قَاتَلَ,"to combat, to battle, to fight",learning,study,wiktionary,True,395,4707,4707,395,8688,532,1658,142,14,0,4,0,4,0,0,0,0,0
1272,قَرْيَةٌ,village,known,auto_intro,wiktionary,True,284,836,836,284,2752,686,570,148,10,0,0,0,139,0,0,0,0,0
1273,اخْتَارَ,to choose,known,book,book,True,372,5385,5385,372,,432,821,776,18,0,3,0,57,1,0,0,1,0
1274,طَبْلٌ,drum,known,textbook_scan,wiktionary,True,4229,73001,73001,4229,73912,,5595,,0,0,0,0,20,1,1,0,1,0
1275,كَبْسٌ,"pressing, stuffing",,,wiktionary,False,,88511,88511,88511,,,,,0,0,0,,,0,0,0,0,0
1276,شَمْعَة,candle,known,collateral,wiktionary,True,1844,22885,22885,1844,40106,715,2612,,9,0,0,0,18,0,0,0,0,0
1277,سَخَّانٌ,"geyser, water heater",,,wiktionary,False,,30578,30578,30578,98984,,,,0,0,0,,,0,0,0,0,0
1278,حَشَدَ,"to mobilize, mass",suspended,leech_reintro,wiktionary,False,1877,10393,10393,1877,5428,1302,2788,,2,0,4,2,10,0,0,0,0,0
1279,أَصْغَرُ,"smaller, youngest",known,textbook_scan,wiktionary,True,744,7280,7280,744,11981,992,2284,945,4,0,8,0,13,0,0,0,0,0
1280,بَطَّةٌ,duck,known,collateral,wiktionary,True,815,55605,55605,815,81507,703,7295,955,9,0,0,0,23,2,0,2,0,0
1281,تِرٌّ,plumb line,learning,textbook_scan,book,True,1927,23269,23269,1927,63012,705,7644,,9,0,7,0,3,2,1,2,0,2
1282,كَوْكَبٌ,planet,known,textbook_scan,wiktionary,True,780,6210,6210,780,12558,1378,3453,764,2,0,0,0,19,1,0,0,1,0
1283,نِقَابٌ,"niqab, veil covering the face",,,wiktionary,False,1989,113161,113161,1989,10743,,3223,1083,0,0,0,,,0,0,0,0,0
1284,جَزِيرَةٌ,island,known,textbook_scan,wiktionary,True,952,2092,2092,952,1420,321,1042,,25,0,1,0,32,0,0,0,0,0
1285,مِتْرُو,"metro, underground",,,wiktionary,False,3981,12743,12743,3981,18490,,8014,,0,0,0,,,0,0,0,0,0
1286,هِرٌّ,cat,known,study,wiktionary,True,788,70489,70489,788,,1428,7601,380,2,0,0,0,15,1,0,1,0,1
1287,مَارِهُوانَا,marijuana,,,wiktionary,False,,10322233,10322233,10322233,,,,,0,0,0,,,0,0,0,0,0
1288,شَرَمَ,"to tear, to rip",,,wiktionary,False,4737,7150,7150,4737,,,20716,,0,0,0,,,0,0,0,0,0
1289,مَتُنَ,to be firm,suspended,study,wiktionary,False,1829,4654,4654,1829,12024,887,3085,,6,0,0,1,5,0,0,0,0,0
1290,لَطُفَ,to be kind and friendly,known,book,book,True,1241,41892,41892,1241,43972,425,1836,1295,19,0,2,0,9,0,0,0,0,0
1292,تَوَرَّمَ,to swell,,,wiktionary,False,,15505,15505,15505,66110,,,,0,0,1,,,0,0,0,0,0
1293,קום,people (Judeo-Arabic),encountered,book,wiktionary,False,,,,,,,,,0,0,1,0,0,0,0,0,0,0
1294,قَابَ,"to dig (a hole, etc.)",known,textbook_scan,wiktionary,True,679,35624,35624,679,20501,1608,831,907,1,0,0,0,11,0,0,0,0,0
1295,عِطْرٌ,"perfume, scent",known,textbook_scan,wiktionary,True,1878,3855,3855,1878,15364,1046,4809,,4,0,3,0,14,0,0,0,0,0
1296,تَلَفَّظَ,"to articulate, to enunciate",known,study,wiktionary,True,2101,46927,46927,2101,76670,1483,10857,,1,0,0,0,14,0,0,0,0,0
1297,مُتَرَادِفٌ,synonymous,,,wiktionary,False,,460482,460482,460482,,,,,0,0,0,,,0,0,0,0,0
1298,مُشَابِهٌ,"similar, resembling",,,wiktionary,False,3306,21117,21117,3306,,,4857,,0,0,1,,,0,0,0,0,0
1299,مَأْمُورٌ,"officer, bailiff",known,study,wiktionary,True,2037,21607,21607,2037,55833,1630,5644,,1,0,0,0,25,1,0,0,1,0
1300,نُقُودٌ,"cash, ready money",known,book,book,True,2511,32099,32099,2511,14872,896,,,9,3,15,0,23,0,0,0,0,0
1302,بُخَارٌ,"vapor, fume",,,wiktionary,False,3732,29439,29439,3732,19541,,8843,,0,0,2,,,0,0,0,0,0
1303,فَجْأَةٌ,"suddenness, surprise",known,textbook_scan,wiktionary,True,1666,6570,6570,1666,,196,1564,,41,2,54,0,36,0,0,0,0,0
1304,تِنِّينٌ,dragon,known,study,wiktionary,True,1595,71356,71356,1595,25166,1007,18286,1150,4,0,0,0,12,0,0,0,0,0
1305,نَبِيٌّ,prophet,known,textbook_scan,wiktionary,True,379,7232,7232,379,617,1091,2146,122,4,0,0,0,21,0,0,0,0,0
1307,قِطْعَةٌ,"piece, fragment, chunk",known,textbook_scan,book,True,271,3383,3383,271,17521,205,738,301,39,1,20,0,37,0,0,0,0,0
1308,جُزْءٌ,"component, constituent",known,textbook_scan,book,True,438,1334,1334,438,1336,391,739,870,20,0,5,0,13,0,0,0,0,0
1309,عَزِيزٌ,"powerful, mighty",known,textbook_scan,wiktionary,True,129,5224,5224,129,1021,89,1049,84,66,0,13,0,11,0,0,0,0,0
1310,اِسْتَعْرَضَ,"to review, inspect",,,wiktionary,False,2956,13280,13280,2956,,,3707,,0,0,0,,,0,0,0,0,0
1311,كَرَاهِيَةٌ,"hatred, loathing",known,study,wiktionary,True,1963,22714,22714,1963,9442,1376,5298,,2,0,0,0,11,3,2,0,3,0
1312,كَرِهَ,"to hate, dislike",known,textbook_scan,wiktionary,True,418,14490,14490,418,12123,233,2092,273,34,0,1,0,12,0,0,0,0,0
1313,سُجُقٌ,sausage,,,wiktionary,False,,134546,134546,134546,81380,,,,0,0,0,,,0,0,0,0,0
1314,بَعْلٌ,husband,,,wiktionary,False,1894,68656,68656,1894,,,9461,681,0,0,0,,,0,0,0,0,0
1315,حَرَثَ,to plow,learning,textbook_scan,wiktionary,True,677,77551,77551,677,38998,924,2236,444,5,0,0,2,6,0,0,0,0,0
1316,ثَوْرٌ,"bull, ox",known,textbook_scan,wiktionary,True,1732,31393,31393,1732,13088,373,5330,,21,0,1,0,15,1,0,0,1,1
1317,نَوْبَةٌ,"change, alteration, shift, rotation",known,leech_reintro,wiktionary,True,2044,27606,27606,2044,11212,1427,10881,,2,0,0,1,13,0,0,0,0,0
1318,حُقُوقٌ,"rights, law",known,frequency_core,wiktionary,True,,454,454,454,1149,,,,0,0,1,0,21,0,0,0,0,0
1319,بَشَرٌ,human,known,textbook_scan,wiktionary,True,338,7745,7745,338,2463,614,1446,108,12,1,14,0,16,1,1,0,1,0
1320,سِتُّونَ,sixty,known,textbook_scan,wiktionary,True,2994,25923,25923,2994,64666,,2516,,0,0,4,0,10,0,0,0,0,0
1321,اِحْتِرَامٌ,respect,known,textbook_scan,wiktionary,True,1751,3242,3242,1751,7850,1103,913,,3,0,1,0,17,0,0,0,0,0
1322,مَطْبُوعَاتٌ,"printed material, prints",,,wiktionary,False,,28692,28692,28692,16132,,,,0,0,0,,,0,0,0,0,0
1323,ظُهُورٌ,"appearance, emergence",known,textbook_scan,wiktionary,True,1780,2374,2374,1780,8773,1205,1528,,3,0,1,0,14,1,0,0,1,0
1324,عَصَرَ,to squeeze,known,book,book,True,588,2815,2815,588,1911,722,1141,904,9,0,5,0,7,0,0,0,0,0
1325,ائْتِلَاف,"coalition, alliance",,,wiktionary,False,3078,10942,10942,3078,7021,,4355,,0,0,0,,,0,0,0,0,0
1326,زَوَّدَ,"to supply, equip",known,leech_reintro,wiktionary,True,1485,43762,43762,1485,,1178,4298,1220,3,0,1,1,15,1,0,0,1,0
1327,حَاكِمٌ,"ruling, governing",known,textbook_scan,wiktionary,True,1214,5134,5134,1214,2741,1012,950,1166,5,1,1,0,23,0,0,0,0,0
1329,كِسَاءٌ,"garment, clothing",,,wiktionary,False,,90356,90356,90356,52094,,,,0,0,0,,,0,0,0,0,0
1330,عُودٌ,"wood, timber",lapsed,textbook_scan,book,True,1626,18263,18263,1626,12825,132,1846,,53,0,17,0,30,4,2,1,3,0
1331,كَرْكَدِيهٌ,hibiscus,,,wiktionary,False,,224443,224443,224443,77505,,,,0,0,0,,,0,0,0,0,0
1332,تَعَلَّقَ,to be attached,known,book,book,True,1033,8907,8907,1033,40517,913,770,,5,0,12,1,33,1,0,1,0,0
1333,هَوَّسَ,"to obsess, craze",,,wiktionary,False,,43249,43249,43249,35273,,,,0,0,0,,,0,0,0,0,0
1334,صَحْوَةٌ,"awakening, revival",,,wiktionary,False,3042,38975,38975,3042,15583,,2794,,0,0,0,,,0,0,0,0,0
1335,اِتِّفَاقٌ,"agreement, accord",known,frequency_core,wiktionary,True,1663,1168,1168,1168,1135,1101,318,,3,0,0,0,13,0,0,0,0,0
1336,اِعْتِبَارٌ,"consideration, regard",suspended,study,wiktionary,False,1720,4508,4508,1720,3782,1118,634,,3,0,1,1,12,0,0,0,0,0
1337,اعْتِرَاض,"objection, opposition",known,leech_reintro,wiktionary,True,1882,11383,11383,1882,14115,1119,2532,,3,0,3,1,12,0,0,0,0,0
1338,عَبْدٌ,"slave, servant",known,frequency_core,wiktionary,True,152,67,67,67,3929,682,1547,64,10,0,2,0,44,0,0,0,0,0
1339,لُورٌ,whey cheese,,,wiktionary,False,2184,83387,83387,2184,,,11618,1297,0,0,0,,,0,0,0,0,0
1340,زُبٌّ,"penis, cock",known,textbook_scan,wiktionary,True,1941,17914,17914,1941,43942,1536,3071,,1,0,6,0,12,0,0,0,0,0
1341,قَابِلَةٌ,midwife,,,wiktionary,False,2488,4861,4861,2488,13919,1058,,,4,0,5,,,0,0,0,0,0
1342,اقْتَال,"adversaries, peers",,,wiktionary,False,,557726,557726,557726,,,,,0,0,0,,,0,0,0,0,0
1343,مَشْرِقٌ,"east, orient",known,textbook_scan,wiktionary,True,761,23656,23656,761,6784,1227,6652,469,3,0,0,0,14,0,0,0,0,0
1344,مَشْغُولٌ,busy,known,textbook_scan,wiktionary,True,1825,26254,26254,1825,90217,644,3527,,12,1,6,0,9,0,0,0,0,0
1345,رُوحٌ,"spirit (all senses), ghost",known,textbook_scan,wiktionary,True,416,2448,2448,416,2590,760,524,326,8,0,1,0,19,0,0,0,0,0
1346,إِجَازَةٌ,"permission, authorization",known,textbook_scan,wiktionary,True,1858,6318,6318,1858,7435,988,3254,,4,0,0,0,14,0,0,0,0,0
1347,مَرْزُوقٌ,blessed (by God),,,wiktionary,False,,13541,13541,13541,45970,,,,0,0,0,,,0,0,0,0,0
1348,بُشْرَى,good news,known,study,wiktionary,True,660,10635,10635,660,20924,1467,1437,432,1,0,0,0,18,3,1,1,2,0
1349,مُنَاقَشَةٌ,"discussion, debate",known,textbook_scan,wiktionary,True,1811,3265,3265,1811,15021,1675,1329,,1,0,1,0,22,0,0,0,0,0
1350,أَمِيرَة,princess,known,collateral,wiktionary,True,2355,11422,11422,2355,7176,308,,,26,0,15,0,11,0,0,0,0,0
1351,أُولِمْبِيٌّ,Olympic,,,wiktionary,False,,54000,54000,54000,8995,,,,0,0,0,,,0,0,0,0,0
1352,نَجُسَ,"to be unclean, to be impure",,,wiktionary,False,2482,58837,58837,2482,91137,,12770,1334,0,0,0,,,0,0,0,0,0
1353,جَوَابٌ,"answer, reply",known,textbook_scan,wiktionary,True,600,5771,5771,600,6268,709,924,791,9,0,1,0,16,0,0,0,0,0
1354,كَفَّ,"desist, cease",known,textbook_scan,wiktionary,True,246,19755,19755,246,22747,234,1452,217,34,0,23,0,14,0,0,0,0,0
1355,شَرَطَ,"stipulate, condition",lapsed,textbook_scan,wiktionary,True,1167,4897,4897,1167,12041,1188,724,1240,3,0,5,0,6,1,1,1,0,1
1356,شَرَكَ,"associate, partner",known,textbook_scan,wiktionary,True,165,32745,32745,165,13719,813,579,117,7,0,12,0,10,0,0,0,0,0
1357,ذِئْبٌ,wolf,known,collateral,wiktionary,True,604,46818,46818,604,23433,269,3021,885,30,0,0,0,23,0,0,0,0,0
1358,لَبُؤَةٌ,lioness,,,wiktionary,False,,82720,82720,82720,,,,,0,0,0,,,0,0,0,0,0
1359,أَمْسٌ,yesterday,known,textbook_scan,wiktionary,True,204,154,154,154,9171,545,130,781,13,0,2,0,204,0,0,0,0,0
1360,تَمَّ,be completed,known,book,book,True,47,71,71,47,,79,63,193,65,1,39,1,47,0,0,0,0,0
1361,لَبْوَة,lioness,,,wiktionary,False,,173895,173895,173895,98590,,,,0,0,0,,,0,0,0,0,0
1362,زَرَافَةٌ,giraffe,known,auto_intro,wiktionary,True,2354,172859,172859,2354,95864,1333,10721,,2,0,0,0,16,1,0,0,1,0
1363,بَسَرَ,"scowl, frown",known,frequency_core,book,True,1589,42652,42652,1589,,1000,19860,1129,4,0,1,0,7,0,0,0,0,0
1364,هَذَرَ,"prattle, babble",,,wiktionary,False,,227473,227473,227473,,,,,0,0,0,,,0,0,0,0,0
1365,هُبُوبٌ,"strong wind, gale",,,wiktionary,False,4970,36334,36334,4970,,,9453,,0,0,0,,,0,0,0,0,0
1366,سَمُومٌ,"hot wind, simoom",,,wiktionary,False,1669,44288,44288,1669,12349,,29422,898,0,0,0,,,0,0,0,0,0
1367,كَمُّونٌ,cumin,known,textbook_scan,wiktionary,True,,27626,27626,27626,40987,,,,0,0,0,0,12,0,0,0,0,0
1368,احْتِمَالٌ,"probability, possibility",suspended,leech_reintro,wiktionary,False,1786,4007,4007,1786,18924,1104,1382,,3,0,7,3,11,0,0,0,0,0
1369,غَارَ,to be jealous,lapsed,textbook_scan,wiktionary,True,630,24312,24312,630,29381,819,1467,422,7,0,3,0,7,0,0,0,0,0
1370,شِيعَةٌ,"sect, faction, Shia",,,wiktionary,False,1414,16822,16822,1414,3908,,2555,486,0,0,0,,,0,0,0,0,0
1371,طَائِفَةٌ,"sect, group, community",,,wiktionary,False,1291,7442,7442,1291,6965,,1578,330,0,0,0,,,0,0,0,0,0
1372,جُرُوحَاتٌ,"wounds, injuries",,,wiktionary,False,,488393,488393,488393,,,,,0,0,0,,,0,0,0,0,0
1373,هَبَّ,to blow violently,suspended,frequency_core,wiktionary,False,467,23587,23587,467,,331,1772,304,25,0,15,3,10,0,0,0,0,0
1374,سَرَبَ,"to leak, seep",suspended,leech_reintro,wiktionary,False,1464,34158,34158,1464,40240,1336,5289,1017,2,0,1,2,6,0,0,0,0,0
1375,مَيْسٌ,hackberry tree,,,wiktionary,False,3734,26988,26988,3734,88139,,9671,,0,0,0,,,0,0,0,0,0
1376,آلِهَةٌ,"gods, deities",known,study,wiktionary,True,763,22682,22682,763,19023,1122,3289,590,3,0,1,0,17,2,0,1,1,0
1377,أَنْوَارٌ,lights,,,wiktionary,False,2537,18249,18249,2537,12468,1266,,,2,0,0,,,0,0,0,0,0
1378,أَنْوَرُ,"brighter, more luminous",,,wiktionary,False,4424,6309,6309,4424,,,18169,,0,0,0,,,0,0,0,0,0
1379,كَتَمٌ,hair dye plant,learning,textbook_scan,wiktionary,True,3389,49321,49321,3389,,,2797,,0,0,1,0,4,1,1,0,1,0
1380,كَتَّلَ,"to amass, to agglomerate",,,wiktionary,False,3016,23367,23367,3016,8759,,5815,,0,0,1,,,0,0,0,0,0
1381,بَلَلٌ,"wetness, moisture",known,textbook_scan,wiktionary,True,2325,78499,78499,2325,,1132,10064,,3,0,0,0,17,0,0,0,0,0
1382,شَلَّالٌ,waterfall,known,study,wiktionary,True,2088,36119,36119,2088,60972,1343,13098,,2,0,1,0,19,0,0,0,0,0
1383,عَوَاهِرٌ,prostitutes,,,wiktionary,False,,751992,751992,751992,,,,,0,0,0,,,0,0,0,0,0
1384,كَاتَبَ,to correspond with,known,textbook_scan,wiktionary,True,489,1605,1605,489,595,958,822,657,5,0,1,0,11,0,0,0,0,0
1385,تَمَذْهَبَ,to follow a sect,,,wiktionary,False,,439685,439685,439685,,,,,0,0,0,,,0,0,0,0,0
1386,صُودَا,"sodium carbonate, soda",,,wiktionary,False,,57392,57392,57392,58839,,,,0,0,0,,,0,0,0,0,0
1388,اشْنَان,"potash, alkali",,,wiktionary,False,,458382,458382,458382,,,,,0,0,0,,,0,0,0,0,0
1389,مَاتَ,to die,known,textbook_scan,wiktionary,True,222,4074,4074,222,,135,467,241,52,0,3,0,17,1,0,0,1,0
1390,صَكٌّ,check (finances),,,wiktionary,False,2134,26755,26755,2134,63404,,4850,1253,0,0,0,,,0,0,0,0,0
1391,تِينَةٌ,fig (fruit),known,textbook_scan,wiktionary,True,818,260036,260036,818,26244,914,5776,966,5,0,1,2,14,1,0,1,0,1
1392,قَحْبَةٌ,"prostitute, whore",,,wiktionary,False,,96504,96504,96504,,,,,0,0,0,,,0,0,0,0,0
1393,غِرْبَالٌ,sieve,,,wiktionary,False,,63765,63765,63765,,,,,0,0,0,,,0,0,0,0,0
1394,جَبَّارَةٌ,mighty; giant,known,study,wiktionary,True,1904,24745,24745,1904,36247,919,3577,,5,0,3,0,11,1,0,0,1,0
1395,قُرْقُبٌ,tit (bird),,,wiktionary,False,,636737,636737,636737,,,,,0,0,0,,,0,0,0,0,0
1396,أُدْحِيٌّ,ostrich nest,,,wiktionary,False,,955924,955924,955924,,,,,0,0,0,,,0,0,0,0,0
1398,أُدْحِيَّةٌ,ostrich nest,,,wiktionary,False,,921349,921349,921349,,,,,0,0,0,,,0,0,0,0,0
1400,أُدْحُوَّةٌ,ostrich nest,,,wiktionary,False,,1569370,1569370,1569370,,,,,0,0,0,,,0,0,0,0,0
1401,دِحْيَةٌ,a chief of a group of soldiers,,,wiktionary,False,,96203,96203,96203,,,,,0,0,0,,,0,0,0,0,0
1402,تَهْنِئَةٌ,congratulation,known,textbook_scan,wiktionary,True,1862,5546,5546,1862,12662,1286,3456,,2,0,0,0,14,1,0,1,0,0
1403,خَنِبَ,to suffer from a rheum,,,wiktionary,False,,702813,702813,702813,,,,,0,0,0,,,0,0,0,0,0
1404,تَعِبَ,to get tired,known,book,book,True,1804,16207,16207,1804,15305,662,2095,,10,0,10,0,22,1,0,0,1,0
1405,صِمْلَاخٌ,earwax,,,wiktionary,False,,1221522,1221522,1221522,,,,,0,0,0,,,0,0,0,0,0
1406,وَصِيفٌ,a young man,known,leech_reintro,wiktionary,True,2068,27396,27396,2068,43042,1432,8423,,2,0,1,1,18,1,0,1,0,0
1407,شُرْشُورٌ,finch,,,wiktionary,False,,568840,568840,568840,,,,,0,0,0,,,0,0,0,0,0
1408,بَزُعَ,be handsome; clever,,,wiktionary,False,,566436,566436,566436,,,,,0,0,0,,,0,0,0,0,0
1409,حِكَّةٌ,an itch,,,wiktionary,False,,57558,57558,57558,15659,,,,0,0,0,,,0,0,0,0,0
1410,دَلَّاعَةٌ,watermelon,,,wiktionary,False,,128982,128982,128982,,,,,0,0,0,,,0,0,0,0,0
1411,شَكْشُوكَةٌ,shakshuka,,,wiktionary,False,,288672,288672,288672,,,,,0,0,0,,,0,0,0,0,0
1412,صَيْدٌ,hunting; game,known,textbook_scan,wiktionary,True,624,8299,8299,624,3689,635,2026,695,11,0,1,0,21,0,0,0,0,0
1413,صَخَفَ,to hollow out,,,wiktionary,False,,497493,497493,497493,,,,,0,0,0,,,0,0,0,0,0
1414,فَرَجَ,"to open, part",known,story_import,wiktionary,True,751,7527,7527,751,12244,1365,3136,572,2,0,0,0,8,1,1,1,0,1
1415,شَبَحٌ,"ghost, phantom",known,book,book,True,1876,17572,17572,1876,19872,1186,1889,,3,0,1,0,36,0,0,0,0,0
1416,فَقَسَ,to hatch,,,wiktionary,False,,130965,130965,130965,,,,,0,0,0,,,0,0,0,0,0
1417,صَقْرٌ,falcon,known,auto_intro,wiktionary,True,1947,7127,7127,1947,20304,1039,7622,,4,0,0,0,23,2,0,0,2,0
1418,مَلَاكٌ,angel,known,study,wiktionary,True,1966,8361,8361,1966,11204,1667,4291,,1,0,1,0,6,0,0,0,0,0
1419,فُقَّاعٌ,"bubbles, foam",,,wiktionary,False,,508679,508679,508679,,,,,0,0,0,,,0,0,0,0,0
1420,زَنْجَبِيلٌ,ginger,known,study,wiktionary,True,1618,64742,64742,1618,19273,1538,18253,1218,1,0,0,0,11,1,0,1,0,1
1421,دَوَّى,"to buzz, to hum (of insects)",known,textbook_scan,wiktionary,True,590,72194,72194,590,,931,1005,1198,5,0,3,0,17,1,0,1,0,1
1422,خَوَى,to be empty,known,textbook_scan,wiktionary,True,1993,268392,268392,1993,,1159,7517,,3,0,2,0,9,1,0,1,0,1
1423,خَطَمَ,to tie a rope to a camel's nose,,,wiktionary,False,,224060,224060,224060,,,,,0,0,0,,,0,0,0,0,0
1424,وُجُودٌ,"existence, presence",known,frequency_core,wiktionary,True,812,304,304,304,4162,297,285,,30,2,23,0,10,0,0,0,0,0
1425,مَجْبُورٌ,"obliged, compelled, forced",,,wiktionary,False,,97981,97981,97981,,,,,0,0,0,,,0,0,0,0,0
1427,فَاطِرٌ,"Creator, Originator (God)",,,wiktionary,False,1672,28374,28374,1672,,,36098,700,0,0,0,,,0,0,0,0,0
1428,طَارَ,to fly,known,textbook_scan,wiktionary,True,417,33283,33283,417,,255,1562,534,33,1,5,0,50,0,0,0,0,0
1429,خَفِيَ,to be hidden,known,book,book,True,231,26715,26715,231,18578,259,586,92,31,0,24,6,21,1,0,0,1,0
1430,أَخْفَى,"to hide, to conceal",known,leech_reintro,wiktionary,True,544,42952,42952,544,,543,1331,381,13,0,2,1,29,2,1,0,2,0
1431,فُلُوسٌ,money,,,wiktionary,False,,27764,27764,27764,36917,,,,0,0,0,,,0,0,0,0,0
1432,مَشَّ,to suck the marrow from (a bone),,,wiktionary,False,1439,3771,3771,1439,,,5157,365,0,0,10,,,0,0,0,0,0
1433,فَرْحَانٌ,"happy, joyful",known,leech_reintro,wiktionary,True,1867,17728,17728,1867,64449,564,5807,,13,0,0,1,10,3,1,1,2,2
1434,ضَلَّ,"to stray, err",known,textbook_scan,wiktionary,True,89,26155,26155,89,,294,423,25,29,1,8,2,35,0,0,0,0,0
1435,مَرَشَ,to scratch with the fingernails,,,wiktionary,False,2382,207352,207352,2382,,968,33149,,5,0,0,,,0,0,0,0,0
1436,خَمَّ,"to rot, stink",acquiring,textbook_scan,wiktionary,True,1914,68114,68114,1914,,854,4062,,6,0,0,1,7,2,0,1,1,1
1437,بَنِين,"sons, children",,,wiktionary,False,,6047,6047,6047,19919,,,,0,0,0,,,0,0,0,0,0
1438,وَهَمَ,"to imagine, presume",known,textbook_scan,book,True,442,1007,1007,442,19325,359,815,1088,23,0,20,0,14,0,0,0,0,0
1439,حَكَمَ,"to rule, judge",known,textbook_scan,wiktionary,True,166,1036,1036,166,575,394,259,104,21,1,12,0,21,0,0,0,0,0
1440,أُورٌ,intense heat,,,wiktionary,False,,32454,32454,32454,,,,,0,0,0,,,0,0,0,0,0
1441,فِرْكِسٌ,peach,,,wiktionary,False,,300337,300337,300337,,,,,0,0,0,,,0,0,0,0,0
1442,سَرَافِيمُ,seraphim,,,wiktionary,False,,1350088,1350088,1350088,,,,,0,0,0,,,0,0,0,0,0
1443,مَلَائِكٌ,angels,,,wiktionary,False,,629843,629843,629843,,,,,1,0,0,,,0,0,0,0,0
1444,شَيْطَانٌ,"devil, demon",known,frequency_core,wiktionary,True,427,21361,21361,427,3591,1193,2212,99,3,0,0,0,16,0,0,0,0,0
1445,بِنَة,"scent, aroma",,,wiktionary,False,,82309,82309,82309,,,,,0,0,0,,,0,0,0,0,0
1446,كَرُوبٌ,cherubim,,,wiktionary,False,,86554,86554,86554,85864,,,,0,0,0,,,0,0,0,0,0
1447,نِيشَانٌ,"aim, goal, target",,,wiktionary,False,,62242,62242,62242,,,,,0,0,0,,,0,0,0,0,0
1449,أُوَارٌ,"heat, blaze",,,wiktionary,False,,167181,167181,167181,,,,,0,0,0,,,0,0,0,0,0
1450,مَلَائِكَةٌ,angels,encountered,quran,wiktionary,False,2538,21506,21506,2538,5839,1666,,,1,0,0,0,0,0,0,0,0,0
1451,مَخْصُوصٌ,"private, characteristic",,,wiktionary,False,,57214,57214,57214,95791,,,,0,0,0,,,0,0,0,0,0
1452,مَلَائِكِيٌّ,angelic,,,wiktionary,False,,149937,149937,149937,,,,,0,0,0,,,0,0,0,0,0
1453,شَارِحَةٌ,"colon, "" : """,,,wiktionary,False,,107329,107329,107329,,,,,0,0,0,,,0,0,0,0,0
1454,نُقْطَتَانِ,two points,,,wiktionary,False,,87661,87661,87661,,,,,0,0,0,,,0,0,0,0,0
1455,جُلْجُلَانٌ,Savignya parviflora,,,wiktionary,False,,512639,512639,512639,,,,,0,0,0,,,0,0,0,0,0
1456,قُصَيْبَةٌ,small reed,known,auto_intro,wiktionary,True,,196215,196215,196215,,,,,0,0,0,0,21,1,0,0,1,0
1457,عَفَجٌ,"guts, insides",,,wiktionary,False,,723266,723266,723266,,,,,0,0,0,,,0,0,0,0,0
1458,قَرَصَ,to pinch,known,textbook_scan,wiktionary,True,1828,13714,13714,1828,15096,728,3164,,9,0,1,0,20,0,0,0,0,0
1459,شَامَ,to sheath,known,textbook_scan,wiktionary,True,2120,23595,23595,2120,2560,,13656,1238,0,0,0,0,19,0,0,0,0,0
1460,نَذَرَ,"to vow, to pledge",known,textbook_scan,wiktionary,True,823,38333,38333,823,63562,1682,4801,617,1,0,1,0,17,0,0,0,0,0
1461,سَلَا,"to forget, to think no more of",,,wiktionary,False,2143,17737,17737,2143,,,6900,1233,0,0,0,,,0,0,0,0,0
1462,دَيْرٌ,"monastery, convent, cloister",lapsed,study,wiktionary,True,1755,2706,2706,1755,18659,1524,763,,1,0,0,0,26,3,2,0,3,0
1463,عِنَبٌ,grapes,known,leech_reintro,wiktionary,True,817,19036,19036,817,16392,1592,7022,510,1,0,0,1,25,0,0,0,0,0
1464,هُمُومٌ,worries,suspended,leech_reintro,wiktionary,False,,13084,13084,13084,26348,,,,0,0,3,2,7,0,0,0,0,0
1465,جِنْسِيّ,sexual,known,textbook_scan,wiktionary,True,2717,20058,20058,2717,5113,,3262,,0,0,0,0,8,0,0,0,0,0
1466,شَهْرِيٌّ,monthly,known,textbook_scan,wiktionary,True,2832,9941,9941,2832,4915,,2977,,0,0,0,0,16,0,0,0,0,0
1467,اِسْتِقْبَالٌ,reception,known,textbook_scan,wiktionary,True,1122,2608,2608,1122,2627,901,982,,5,0,0,0,17,2,0,0,2,0
1471,دِيك,rooster,known,leech_reintro,textbook_scan,True,996,14924,14924,996,11369,193,4993,,39,0,1,1,19,0,0,0,0,0
1472,دُود,worms,known,auto_intro,textbook_scan,True,750,78667,78667,750,65153,860,7910,998,6,0,0,0,15,0,0,0,0,0
1473,دَرَّاجَة,bicycle,known,textbook_scan,textbook_scan,True,1348,9049,9049,1348,20672,1517,5765,,2,1,5,0,17,0,0,0,0,0
1474,وَرْد,roses,known,textbook_scan,textbook_scan,True,508,1689,1689,508,7823,736,1933,670,10,0,8,0,30,0,0,0,0,0
1475,ذُبَابَة,fly,known,auto_intro,textbook_scan,True,801,66155,66155,801,73841,1316,7411,1000,2,0,0,0,24,4,1,0,4,0
1476,حِذَاء,shoes,known,textbook_scan,textbook_scan,True,1095,17286,17286,1095,17854,668,1594,,10,0,5,0,19,0,0,0,0,0
1477,ذِرَاع,arm,known,textbook_scan,textbook_scan,True,498,16587,16587,498,16288,415,974,1001,19,0,16,0,12,0,0,0,0,0
1478,تِلْمِيذ,pupil,known,textbook_scan,textbook_scan,True,1134,15187,15187,1134,13292,1141,1623,,3,0,0,0,59,0,0,0,0,0
1479,رِيح,wind,known,textbook_scan,textbook_scan,True,410,21347,21347,410,8824,587,1423,271,12,0,12,0,38,1,0,0,1,0
1480,أَرْنَب,rabbit,known,auto_intro,textbook_scan,True,1045,71335,71335,1045,36213,183,9482,,41,0,0,0,59,0,0,0,0,0
1481,رَكَضَ,to run,known,textbook_scan,textbook_scan,True,546,65468,65468,546,40665,229,5272,889,34,0,2,0,33,0,0,0,0,0
1482,رُكْن,corner,known,textbook_scan,textbook_scan,True,486,399,399,399,3579,1022,1673,1009,4,0,8,0,15,0,0,0,0,0
1483,رُوسِيّ,Russian,known,textbook_scan,textbook_scan,True,649,7921,7921,649,1455,1330,16846,529,2,0,0,0,4,0,0,0,0,0
1484,زُهُور,flowers,known,auto_intro,textbook_scan,True,1044,17521,17521,1044,6400,468,1945,,17,1,21,0,56,0,0,0,0,0
1485,تَزَلُّج,skiing,known,textbook_scan,textbook_scan,True,1553,63079,63079,1553,24820,1477,16996,,1,0,0,0,12,0,0,0,0,0
1486,زِنْك,zinc,known,textbook_scan,textbook_scan,True,2437,78421,78421,2437,32348,,15053,,0,0,0,0,8,0,0,0,0,0
1487,غَزَال,gazelle,known,textbook_scan,textbook_scan,True,1266,17816,17816,1266,23895,598,9868,,12,0,0,0,32,0,0,0,0,0
1488,زَوَاج,marriage,known,textbook_scan,textbook_scan,True,945,3618,3618,945,1449,675,585,,10,0,1,0,15,0,0,0,0,0
1489,خِزَانَة,closet,known,textbook_scan,textbook_scan,True,650,14564,14564,650,10361,1017,4563,593,4,0,0,0,21,0,0,0,0,0
1491,مَلابِس,clothes,known,textbook_scan,textbook_scan,True,1759,1983,1983,1759,2845,646,,,11,0,4,0,19,0,0,0,0,0
1492,كِيس,bag,known,textbook_scan,textbook_scan,True,1119,10281,10281,1119,30974,567,2781,,13,0,0,0,33,2,0,0,2,0
1493,قِرْش,shark,known,auto_intro,textbook_scan,True,1346,29197,29197,1346,28384,1059,4960,,4,0,0,0,23,0,0,0,0,0
1494,فُرْشاة,brush,known,textbook_scan,textbook_scan,True,2417,27461,27461,2417,45015,,12832,,0,0,0,0,19,2,0,0,2,0
1495,شُرْطِيّ,policeman,known,textbook_scan,textbook_scan,True,1332,15319,15319,1332,22200,1557,3138,,3,2,11,0,17,0,0,0,0,0
1496,مُشْط,comb,known,textbook_scan,textbook_scan,True,2415,70906,70906,2415,70746,,10544,,0,0,0,0,9,0,0,0,0,0
1497,شِواء,"grilling, barbecue",known,textbook_scan,textbook_scan,True,1550,54148,54148,1550,42971,1346,15105,,2,0,0,1,26,0,0,0,0,0
1498,شُورْت,shorts,known,textbook_scan,textbook_scan,True,,58006,58006,58006,,,,,0,0,0,0,15,0,0,0,0,0
1499,بَاص,bus,known,textbook_scan,textbook_scan,True,2393,16909,16909,2393,27094,,13010,,0,0,2,0,29,0,0,0,0,0
1500,صَدِيق,friend,known,textbook_scan,textbook_scan,True,183,3634,3634,183,4140,128,237,604,58,4,48,0,258,0,0,0,0,0
1501,مِصْبَاح,"lamp, lantern",known,textbook_scan,textbook_scan,True,561,14686,14686,561,29640,504,1770,842,15,0,1,0,20,0,0,0,0,0
1502,صُدَاع,headache,known,textbook_scan,textbook_scan,True,2314,35329,35329,2314,15303,,6684,,0,0,0,0,13,0,0,0,0,0
1503,صِرَاع,"conflict, struggle",known,textbook_scan,textbook_scan,True,1083,5037,5037,1083,2285,1348,1099,,2,0,4,0,27,0,0,0,0,0
1504,مِقَصّ,scissors,known,textbook_scan,textbook_scan,True,2424,46731,46731,2424,60001,,11017,,0,0,1,0,18,1,0,0,1,0
1505,ضِرْس,molar,known,textbook_scan,textbook_scan,True,4455,87216,87216,4455,87314,,15841,,0,0,0,0,19,0,0,0,0,0
1506,ضَابِط,officer,known,textbook_scan,textbook_scan,True,1104,5681,5681,1104,10248,1349,902,,2,0,0,0,25,0,0,0,0,0
1507,ضَعِيف,weak,known,textbook_scan,textbook_scan,True,462,8484,8484,462,13152,529,1165,533,14,0,3,0,20,0,0,0,0,0
1508,مَرَض,disease,known,textbook_scan,textbook_scan,True,322,1526,1526,322,2440,643,700,378,11,0,4,0,58,0,0,0,0,0
1509,مُضْحِك,funny,known,textbook_scan,textbook_scan,True,1200,19545,19545,1200,46172,732,5443,,9,0,3,1,28,0,0,0,0,0
1510,ضُفْر,"braid, plait",known,textbook_scan,textbook_scan,True,3908,200153,200153,3908,,,11306,,0,0,0,2,15,1,0,1,0,1
1511,رَضِيَ,to be satisfied,known,textbook_scan,textbook_scan,True,257,1223,1223,257,56896,336,1142,206,24,0,3,0,23,1,0,0,1,0
1512,وُضُوح,clarity,known,textbook_scan,textbook_scan,True,1206,8017,8017,1206,14914,1246,2634,,3,0,11,0,30,0,0,0,0,0
1513,مِضْرَب,racket,known,auto_intro,textbook_scan,True,1381,42588,42588,1381,15264,1406,5136,,2,0,0,0,22,0,0,0,0,0
1514,طَمَاطِم,tomato,known,textbook_scan,textbook_scan,True,2394,42166,42166,2394,15548,,13832,,0,0,0,0,7,0,0,0,0,0
1516,طِفْل,child,known,textbook_scan,textbook_scan,True,159,3125,3125,159,623,133,222,816,54,2,61,0,357,0,0,0,0,0
1517,طُيُور,birds,known,auto_intro,textbook_scan,True,1795,1830,1830,1795,2146,875,,,6,0,2,0,40,0,0,0,0,0
1518,سُطُور,lines,known,textbook_scan,textbook_scan,True,,23621,23621,23621,14206,,,,0,0,0,0,17,0,0,0,0,0
1519,بِطِّيخ,watermelon,known,textbook_scan,textbook_scan,True,2419,69579,69579,2419,29140,,12657,,0,0,0,0,23,0,0,0,0,0
1520,طَائِرَة,airplane,known,textbook_scan,textbook_scan,True,1047,2780,2780,1047,2361,1200,883,,3,0,1,0,25,0,0,0,0,0
1521,بَطّ,ducks,known,auto_intro,textbook_scan,True,1249,70192,70192,1249,44906,578,9058,,12,0,0,0,22,0,0,0,0,0
1522,شُبَاط,February,known,textbook_scan,textbook_scan,True,2359,3299,3299,2359,,,28714,,0,0,0,0,16,0,0,0,0,0
1527,إِلْزامِيّ,mandatory,known,textbook_scan,textbook_scan,True,2431,562580,562580,2431,42553,,14020,,0,0,0,0,11,0,0,0,0,0
1529,حَدِيثٌ,modern,known,textbook_scan,textbook_scan,True,120,1014,1014,120,395,175,168,294,44,1,17,0,42,0,0,0,0,0
1530,إِنْتَرْنِت,internet,known,textbook_scan,textbook_scan,True,1163,4514,4514,1163,298,1124,39450,,3,0,0,0,15,0,0,0,0,0
1534,تَّعْلِيمُ,education,known,textbook_scan,textbook_scan,True,882,834,834,834,202,1282,466,,2,0,3,0,38,0,0,0,0,0
1536,مَرْحَلَةِ,stage,known,collateral,textbook_scan,True,872,1061,1061,872,411,967,305,,5,0,0,0,26,1,0,1,0,0
1537,إِبْتِدَائِيَّةِ,primary,known,textbook_scan,textbook_scan,True,,15362,15362,15362,1382,,,,0,0,0,0,6,1,0,0,1,1
1539,إِعْدَادِيَّةِ,preparatory,known,collateral,textbook_scan,True,,27632,27632,27632,4023,,,,0,0,0,0,11,0,0,0,0,0
1540,ثَّانَوِيَّةُ,secondary,known,textbook_scan,textbook_scan,True,,4683,4683,4683,1067,,,,0,0,0,0,12,0,0,0,0,0
1543,مَعْلُومَات,information,known,textbook_scan,textbook_scan,True,1849,611,611,611,306,,,1073,0,0,0,0,23,0,0,0,0,0
1548,سِّبَاحَةَ,swimming,known,textbook_scan,textbook_scan,True,1309,11022,11022,1309,5403,1183,6836,,3,0,3,0,20,0,0,0,0,0
1549,أَنْتُنَّ,"you (plural, f.)",known,textbook_scan,textbook_scan,True,4777,100749,100749,4777,,,18716,,0,0,1,0,7,0,0,0,0,0
1559,مُقَابَلَة,interview,known,textbook_scan,textbook_scan,True,2031,3968,3968,2031,7645,,933,,0,0,0,0,37,5,1,0,5,0
1560,ثَّانِي,second,known,textbook_scan,textbook_scan,True,76,1682,1682,76,126,137,64,968,51,0,11,0,22,0,0,0,0,0
1563,مَرْكَز,center,known,textbook_scan,textbook_scan,True,1631,181,181,181,492,,224,,0,0,6,0,17,0,0,0,0,0
1564,صَارِمَة,strict,known,auto_intro,textbook_scan,True,2046,14214,14214,2046,26957,1566,,,1,0,0,0,18,0,0,0,0,0
1566,مَاهِرَة,skilled,known,textbook_scan,textbook_scan,True,1461,58058,58058,1461,48105,1070,10474,,4,0,2,0,7,1,1,1,0,1
1568,زُّمَلاء,colleagues,known,textbook_scan,textbook_scan,True,,19822,19822,19822,9499,,,,0,0,0,0,11,0,0,0,0,0
1572,صَحِيح,correct,known,textbook_scan,textbook_scan,True,905,919,919,905,2348,380,865,,22,1,31,0,42,0,0,0,0,0
1573,خَطَأ,mistake,known,textbook_scan,textbook_scan,True,983,2577,2577,983,3825,583,962,,12,0,5,0,47,1,0,0,1,0
1574,ثَلَاثَ,three,known,textbook_scan,textbook_scan,True,95,937,937,95,2992,87,146,338,69,2,40,0,27,0,0,0,0,0
1575,عَشْرَةَ,ten,known,textbook_scan,textbook_scan,True,366,1011,1011,366,8389,352,5631,420,23,0,20,0,15,0,0,0,0,0
1576,ثَّامِنِ,eighth,known,textbook_scan,textbook_scan,True,570,41436,41436,570,2843,915,1203,1154,5,0,1,0,9,0,0,0,0,0
1578,مُمْتِعَةٌ,enjoyable,known,textbook_scan,textbook_scan,True,1932,11274,11274,1932,28745,975,,,5,0,0,0,5,0,0,0,0,0
1579,نَشِيطُونَ,active ones,known,textbook_scan,textbook_scan,True,,366857,366857,366857,,,,,0,0,0,0,7,0,0,0,0,0
1580,لَطِيف,kind,known,textbook_scan,textbook_scan,True,542,10365,10365,542,6733,407,3908,660,21,1,8,0,52,1,1,0,1,0
1581,تَّاسِع,ninth,known,textbook_scan,textbook_scan,True,1106,57401,57401,1106,2944,1137,1454,,3,0,5,0,9,0,0,0,0,0
1588,كَنِيسَةُ,church,known,textbook_scan,textbook_scan,True,1016,3733,3733,1016,2141,1065,784,,4,0,1,0,13,0,0,0,0,0
1597,وَكَذَلِكَ,likewise,known,textbook_scan,textbook_scan,True,1699,489,489,489,,793,,,8,0,6,0,4,0,0,0,0,0
1603,مُفَضَّل,favorite,known,textbook_scan,textbook_scan,True,1263,49847,49847,1263,9366,973,6304,,5,0,0,0,22,1,0,1,0,0
1605,زَميل,colleague,known,textbook_scan,textbook_scan,True,1158,23626,23626,1158,9450,1335,1307,,2,0,2,0,35,0,0,0,0,0
1606,دِراسِيّ,academic,known,textbook_scan,textbook_scan,True,2129,19693,19693,2129,1670,,3544,,0,0,0,0,10,0,0,0,0,0
1608,أُعَرِّفُكُمْ,I introduce you,known,textbook_scan,textbook_scan,True,1128,121273,121273,1128,,1449,2744,,1,0,0,0,16,0,0,0,0,0
1610,عُشْب,"grass, herb",known,textbook_scan,textbook_scan,True,1188,43987,43987,1188,26149,950,3690,,5,0,3,0,20,1,0,0,1,0
1611,جَرَاج,garage,known,textbook_scan,textbook_scan,True,2443,38056,38056,2443,95417,,15545,,0,0,0,0,8,0,0,0,0,0
1619,مِصْعَدٌ,elevator,known,textbook_scan,textbook_scan,True,2384,27064,27064,2384,36826,,9444,,0,0,0,1,19,0,0,0,0,0
1620,عِمَارَةِ,building,known,textbook_scan,textbook_scan,True,702,6316,6316,702,8705,952,3241,1274,5,0,0,0,16,0,0,0,0,0
1621,هَادِئَةٌ,quiet,known,textbook_scan,textbook_scan,True,1268,9849,9849,1268,22228,694,9898,,10,0,2,0,21,0,0,0,0,0
1632,طَابِق,floor?,known,textbook_scan,textbook_scan,True,1308,25775,25775,1308,8508,1578,3376,,1,0,1,0,31,0,0,0,0,0
1640,صَاخِبَةٌ,noisy,known,auto_intro,textbook_scan,True,,36331,36331,36331,41975,,,,0,0,0,0,19,0,0,0,0,0
1644,مَبْسُوطَةٌ,happy,known,textbook_scan,textbook_scan,True,,88336,88336,88336,,,,,0,0,0,0,8,0,0,0,0,0
1649,سُرُورٍ,pleasure,known,textbook_scan,textbook_scan,True,454,12267,12267,454,27740,469,1091,894,17,1,14,0,8,0,0,0,0,0
1652,سَّلامَةِ,safety,known,textbook_scan,textbook_scan,True,1031,2377,2377,1031,4198,679,1431,,10,0,0,0,19,0,0,0,0,0
1653,لِّقَاءِ,meeting,known,textbook_scan,textbook_scan,True,260,783,783,260,794,821,290,333,8,1,6,0,30,0,0,0,0,0
1669,وَرْدِيٌّ,pink,known,auto_intro,textbook_scan,True,2258,27781,27781,2258,15344,,7818,,0,0,1,0,20,0,0,0,0,0
1671,جِدَارِ,wall,known,textbook_scan,textbook_scan,True,580,9003,9003,580,8012,921,991,970,5,0,2,0,45,0,0,0,0,0
1675,مُرِيح,comfortable,known,textbook_scan,textbook_scan,True,1326,15502,15502,1326,30532,1076,6073,,4,0,0,0,19,0,0,0,0,0
1676,لَوْن,color,known,textbook_scan,textbook_scan,True,339,3744,3744,339,2459,386,607,577,19,1,25,0,148,0,0,0,0,0
1677,مِخَدَّة,pillow,known,textbook_scan,textbook_scan,True,4246,106888,106888,4246,,,14160,,0,0,0,0,22,1,0,0,1,0
1678,أَضَعُ,I put,known,textbook_scan,textbook_scan,True,235,19899,19899,235,,346,476,854,24,1,32,0,19,0,0,0,0,0
1680,أَدْرُسُ,I study,known,textbook_scan,textbook_scan,True,2306,23011,23011,2306,,,8525,,0,0,0,0,29,0,0,0,0,0
1682,أَكْتُبُ,I write,known,textbook_scan,textbook_scan,True,1195,5322,5322,1195,,699,8090,,9,0,8,0,8,1,0,1,0,1
1694,ثَّالِث,third,known,textbook_scan,textbook_scan,True,180,3467,3467,180,368,157,300,967,49,1,11,0,8,0,0,0,0,0
1695,ثَّالِثَة,third (feminine),known,textbook_scan,textbook_scan,True,956,4673,4673,956,406,580,,1153,12,0,3,0,4,0,0,0,0,0
1696,رَّابِع,fourth,known,textbook_scan,textbook_scan,True,323,9858,9858,323,960,302,639,1002,28,1,2,0,6,0,0,0,0,0
1697,رَّابِعَة,fourth (feminine),known,textbook_scan,textbook_scan,True,1302,7900,7900,1302,808,1318,30310,,2,0,0,0,8,0,0,0,0,0
1698,خَامِس,fifth,known,textbook_scan,textbook_scan,True,922,12394,12394,922,1026,489,772,,15,0,3,0,6,0,0,0,0,0
1699,خَامِسَة,fifth (feminine),known,textbook_scan,textbook_scan,True,1090,29305,29305,1090,1352,1307,,987,2,0,0,0,7,1,0,1,0,1
1710,سَّادِس,sixth,known,textbook_scan,textbook_scan,True,434,14806,14806,434,1128,589,941,1013,14,2,5,0,9,0,0,0,0,0
1711,سَّادِسَة,sixth (feminine),known,textbook_scan,textbook_scan,True,1842,48373,48373,1842,2594,1025,,,4,0,0,0,11,1,0,0,1,1
1712,سَّابِع,seventh,known,textbook_scan,textbook_scan,True,1007,30390,30390,1007,1231,864,1157,,6,0,2,0,7,0,0,0,0,0
1713,سَّابِعَة,seventh (feminine),known,textbook_scan,textbook_scan,True,1929,65558,65558,1929,2997,1539,,,1,0,0,0,7,1,0,0,1,0
1714,ثَّامِنَة,eighth (feminine),known,collateral,textbook_scan,True,1886,92950,92950,1886,2660,1289,,,2,0,0,0,8,0,0,0,0,0
1715,تَّاسِعَة,ninth (feminine),known,textbook_scan,textbook_scan,True,1896,126775,126775,1896,3190,1275,,,2,0,0,0,6,0,0,0,0,0
1716,عَاشِر,tenth,known,textbook_scan,textbook_scan,True,681,53932,53932,681,3368,1585,1666,1267,2,1,2,0,6,0,0,0,0,0
1717,عَاشِرَة,tenth (feminine),known,textbook_scan,textbook_scan,True,1949,146074,146074,1949,3564,1586,,,1,0,0,0,5,0,0,0,0,0
1720,سِّرْدَاب,basement,known,textbook_scan,textbook_scan,True,3014,60723,60723,3014,67327,,5293,,0,0,0,0,25,0,0,0,0,0
1722,جُلُوس,sitting,known,textbook_scan,textbook_scan,True,1116,20842,20842,1116,6242,1010,1526,,4,0,2,0,14,0,0,0,0,0
1723,كَنَبَةُ,sofa,known,textbook_scan,textbook_scan,True,4948,107404,107404,4948,74935,,20511,,0,0,0,0,7,0,0,0,0,0
1724,تُّوَالِيتُ,toilet,known,textbook_scan,textbook_scan,True,,111184,111184,111184,,,,,0,0,0,0,6,0,0,0,0,0
1725,حَوْض,basin; pool; sink,known,textbook_scan,textbook_scan,True,1292,7404,7404,1292,11931,1507,3413,,1,0,7,0,15,0,0,0,0,0
1730,نِرْوَيج,Norway,known,textbook_scan,textbook_scan,True,2425,8341,8341,2425,8341,,31136,,0,0,0,0,5,0,0,0,0,0
1731,جَلَسَ,to sit,known,textbook_scan,textbook_scan,True,539,15657,15657,539,,65,334,,86,2,82,0,88,0,0,0,0,0
1738,طَبَّاعَة,printer,known,textbook_scan,textbook_scan,True,2288,6485,6485,2288,5957,,8424,,0,0,0,0,13,0,0,0,0,0
1739,سِتَارَة,curtain,known,textbook_scan,textbook_scan,True,2265,57961,57961,2265,58920,,4717,,0,0,0,0,28,0,0,0,0,0
1740,سَجَّادَة,carpet,known,textbook_scan,textbook_scan,True,1466,45801,45801,1466,30335,1542,18365,,1,0,0,0,7,0,0,0,0,0
1743,وَقَعَ,to fall; to be located,known,textbook_scan,textbook_scan,True,164,1450,1450,164,77095,209,221,336,57,2,33,0,46,3,2,1,2,1
1748,مَدْخَل,entrance,known,textbook_scan,textbook_scan,True,657,3829,3829,657,11322,1394,2188,839,2,0,1,0,18,0,0,0,0,0
1753,تَّحْرِيرِ,liberation,known,textbook_scan,textbook_scan,True,549,1345,1345,549,1244,1475,1333,725,1,0,1,0,17,0,0,0,0,0
1756,وَسَطِ,middle of,known,textbook_scan,textbook_scan,True,325,502,502,325,2078,695,432,773,11,1,29,0,20,0,0,0,0,0
1765,سَكَنَ,"to live, reside",known,textbook_scan,textbook_scan,True,456,7955,7955,456,6448,558,1986,327,14,1,14,0,114,0,0,0,0,0
1767,ثَلاثُونَ,thirty,known,textbook_scan,textbook_scan,True,1276,26010,26010,1276,31174,1290,2328,,2,0,0,0,8,0,0,0,0,0
1768,أَرْبَعُونَ,forty,known,textbook_scan,textbook_scan,True,2201,32814,32814,2201,41147,,2160,,0,0,0,0,8,0,0,0,0,0
1769,خَمْسُونَ,fifty,known,textbook_scan,textbook_scan,True,2196,30190,30190,2196,57064,,1676,,0,0,0,0,8,0,0,0,0,0
1770,سَبْعُونَ,seventy,known,textbook_scan,textbook_scan,True,1379,35236,35236,1379,46000,1541,3176,,1,0,0,0,21,0,0,0,0,0
1771,ثَمَانُونَ,eighty,known,textbook_scan,textbook_scan,True,1677,72779,72779,1677,52064,1490,4228,,1,0,0,0,5,0,0,0,0,0
1772,تِسْعُونَ,ninety,known,textbook_scan,textbook_scan,True,1490,77765,77765,1490,45914,1277,9229,,2,0,0,0,7,0,0,0,0,0
1773,مِائَة,one hundred,known,textbook_scan,textbook_scan,True,978,4612,4612,978,1912,687,,538,10,0,8,0,16,0,0,0,0,0
1774,أَلْف,one thousand,known,textbook_scan,textbook_scan,True,58,239,239,58,7904,64,148,269,85,1,39,0,25,0,0,0,0,0
1784,نَحِيف,thin,known,textbook_scan,textbook_scan,True,1679,60196,60196,1679,76965,1237,6118,,3,0,1,0,22,0,0,0,0,0
1785,حَزِين,sad,known,textbook_scan,textbook_scan,True,1079,13727,13727,1079,27976,414,2548,,19,0,4,0,14,0,0,0,0,0
1790,أَشْقَر,blonde,known,textbook_scan,textbook_scan,True,1201,42548,42548,1201,13984,609,5743,,11,0,0,0,3,0,0,0,0,0
1791,أَجْمَل,more beautiful,known,book,textbook_scan,True,1076,1372,1372,1076,30412,1102,1717,,3,0,4,0,15,0,0,0,0,0
1794,أَفْضَل,better; best,known,textbook_scan,textbook_scan,True,179,86,86,86,2027,235,528,948,35,2,22,0,41,0,0,0,0,0
1797,بِنْطَلُون,trousers,known,textbook_scan,textbook_scan,True,2405,36773,36773,2405,58369,,9968,,0,0,0,0,13,0,0,0,0,0
1804,تَعْمَل,she works,known,textbook_scan,textbook_scan,True,439,696,696,439,,1283,17429,132,2,0,2,0,24,0,0,0,0,0
1812,ذَهَبِيّ,golden,known,textbook_scan,textbook_scan,True,1056,24725,24725,1056,4071,672,1496,,11,1,21,0,78,0,0,0,0,0
1813,فَأْر,mouse,known,leech_reintro,textbook_scan,True,373,41429,41429,373,23619,141,5829,761,51,0,2,1,29,1,0,0,1,0
1814,نَمِر,tiger,known,auto_intro,textbook_scan,True,1251,11106,11106,1251,15550,897,4719,,6,0,0,0,16,1,1,1,0,1
1816,هَمْسْتَر,hamster,known,auto_intro,textbook_scan,True,,367785,367785,367785,,,,,0,0,0,0,14,0,0,0,0,0
1817,كَنَارِي,canary,known,auto_intro,textbook_scan,True,2361,37525,37525,2361,7972,,14436,,0,0,0,0,16,1,0,1,0,1
1818,أَسَد,lion,known,auto_intro,textbook_scan,True,848,11722,11722,848,1115,148,1299,,49,0,1,0,66,0,0,0,0,0
1825,كُرَة,ball,known,textbook_scan,textbook_scan,True,315,612,612,315,1018,731,344,706,10,1,8,0,39,0,0,0,0,0
1826,أَصْلاً,originally,known,textbook_scan,textbook_scan,True,1410,4486,4486,1410,,1445,14097,,1,0,0,0,9,1,0,0,1,0
1827,دِنْمَارْك,Denmark,known,textbook_scan,textbook_scan,True,2444,10442,10442,2444,10440,,36818,,0,0,0,0,7,0,0,0,0,0
1828,لَبِسَ,to wear,known,textbook_scan,textbook_scan,True,523,11131,11131,523,30307,1219,1629,468,7,1,2,0,26,0,0,0,0,0
1831,أَرْمَل,widower,known,textbook_scan,textbook_scan,True,1092,93056,93056,1092,,478,2626,,15,0,1,0,8,0,0,0,0,0
1832,حَفِيد,grandson,known,textbook_scan,textbook_scan,True,736,27035,27035,736,57714,848,3947,1171,6,0,0,0,30,1,0,1,0,0
1833,عَزْبَاء,single woman,known,textbook_scan,textbook_scan,True,,77083,77083,77083,85685,,,,0,0,0,0,11,0,0,0,0,0
1835,حَالِياً,currently,known,frequency_core,textbook_scan,True,1789,607,607,607,,1499,,,1,0,0,3,13,0,0,0,0,0
1837,سُوِيد,Sweden,known,textbook_scan,textbook_scan,True,2376,4085,4085,2376,4085,,29369,,0,0,0,0,14,0,0,0,0,0
1838,سُوِيدِيّ,Swedish,known,textbook_scan,textbook_scan,True,2421,42712,42712,2421,8145,,29367,,0,0,0,0,6,0,0,0,0,0
1839,بَقَّالَة,grocery store,known,textbook_scan,textbook_scan,True,2473,28540,28540,2473,39863,,37326,,0,0,0,0,16,0,0,0,0,0
1840,مُسْتَشْفَى,hospital,known,textbook_scan,textbook_scan,True,1003,729,729,729,2284,1654,753,,1,0,1,0,56,0,0,0,0,0
1841,مَسْرَح,theater,known,textbook_scan,textbook_scan,True,1131,4543,4543,1131,2978,1401,1684,,3,1,32,0,32,0,0,0,0,0
1844,وَرْشَة,workshop,known,textbook_scan,textbook_scan,True,1178,2266,2266,1178,10113,1430,2817,,2,0,1,0,26,1,1,0,1,0
1851,طَيَّار,pilot,known,textbook_scan,textbook_scan,True,1388,10514,10514,1388,9408,1583,5977,,1,0,0,0,30,0,0,0,0,0
1852,مُمَرِّض,nurse,known,textbook_scan,textbook_scan,True,1286,12153,12153,1286,67643,1084,4192,,4,0,2,0,16,0,0,0,0,0
1853,مُصَوِّر,photographer,known,textbook_scan,textbook_scan,True,725,10352,10352,725,9615,1405,4025,1309,2,0,0,0,58,1,0,0,1,0
1855,سَائِق,driver,known,textbook_scan,textbook_scan,True,564,4159,4159,564,7898,863,993,1223,7,1,8,0,44,0,0,0,0,0
1856,نَادِل,waiter,known,textbook_scan,textbook_scan,True,1740,63629,63629,1740,62115,1422,17936,,2,0,0,0,39,0,0,0,0,0
1858,سِكْرِتِير,secretary,known,textbook_scan,textbook_scan,True,1354,15237,15237,1354,20739,1549,3751,,1,0,1,0,7,0,0,0,0,0
1859,مُغَنِّي,singer,known,textbook_scan,textbook_scan,True,1503,60291,60291,1503,14808,,2728,1075,0,0,0,0,14,0,0,0,0,0
1860,رَسَّام,painter,known,textbook_scan,textbook_scan,True,1404,25347,25347,1404,19922,1325,6200,,2,0,0,0,21,0,0,0,0,0
1861,صَحَفِيّ,journalist,known,textbook_scan,textbook_scan,True,1190,3233,3233,1190,2739,1571,2577,,1,0,1,0,40,0,0,0,0,0
1863,مُوسِيقِيّ,musical,known,textbook_scan,textbook_scan,True,1202,17039,17039,1202,10507,1087,3259,,4,0,6,0,15,0,0,0,0,0
1864,طَبَّاخ,cook,known,textbook_scan,textbook_scan,True,1452,38686,38686,1452,49163,1042,10732,,4,0,0,0,60,0,0,0,0,0
1867,مَدَنِيَّةٌ,civil,known,textbook_scan,textbook_scan,True,,6912,6912,6912,1358,,,,0,0,0,0,5,0,0,0,0,0
1868,عَمَّةٌ,paternal aunt,known,textbook_scan,textbook_scan,True,608,57880,57880,608,77207,563,2947,760,13,0,1,0,7,0,0,0,0,0
1871,أَرْمَلَةٌ,widow,known,textbook_scan,textbook_scan,True,1287,20491,20491,1287,50332,1252,2713,,2,0,0,0,14,0,0,0,0,0
1872,إِمَارَات,the Emirates,known,textbook_scan,textbook_scan,True,4963,387,387,387,387,,,,0,0,0,0,16,0,0,0,0,0
1873,مُطَلَّقَةٌ,divorced,known,textbook_scan,textbook_scan,True,2146,10952,10952,2146,8405,,,1072,0,0,0,1,24,1,0,1,0,1
1882,أَطْفَال,children,known,textbook_scan,textbook_scan,True,1155,949,949,949,90,136,,,52,1,56,0,29,0,0,0,0,0
1887,مُتَقَاعِد,retired,known,textbook_scan,textbook_scan,True,2291,29550,29550,2291,21430,,5246,,0,0,0,0,28,2,0,0,2,0
1888,رَبَّةُ,mistress of,known,textbook_scan,textbook_scan,True,1164,16538,16538,1164,,673,2942,,10,0,0,0,6,1,1,0,1,1
1912,هَا,her,known,textbook_scan,textbook_scan,True,885,7121,7121,885,26561,177,1013,,45,2,4,0,4,0,0,0,0,0
1928,سُورِيّ,Syrian,known,auto_intro,textbook_scan,True,2206,6503,6503,2206,577,,29338,,0,0,0,0,19,0,0,0,0,0
1929,أُرْدُنِيّ,Jordanian,known,auto_intro,textbook_scan,True,2356,6644,6644,2356,2735,,39086,,0,0,0,0,13,1,1,0,1,1
1930,سُعُودِيّ,Saudi,known,textbook_scan,textbook_scan,True,2182,3941,3941,2182,470,,30047,,0,0,0,0,10,0,0,0,0,0
1931,بَحْرَيْنِيّ,Bahraini,known,auto_intro,textbook_scan,True,2423,9236,9236,2423,8065,,37892,,0,0,0,0,25,0,0,0,0,0
1932,قَطَرِيّ,Qatari,known,textbook_scan,textbook_scan,True,2343,7841,7841,2343,4342,,19523,,0,0,0,0,8,0,0,0,0,1
1933,إِمَارَاتِيّ,Emirati,known,textbook_scan,textbook_scan,True,2402,15530,15530,2402,4362,,39540,,0,0,0,0,11,0,0,0,0,0
1934,عُمَانِيّ,Omani,known,textbook_scan,textbook_scan,True,2435,7859,7859,2435,7612,,38361,,0,0,0,0,11,0,0,0,0,0
1935,كُوَيْتِيّ,Kuwaiti,known,textbook_scan,textbook_scan,True,2353,12618,12618,2353,2745,,34333,,0,0,0,0,4,0,0,0,0,0
1936,مِصْرِيّ,Egyptian,known,auto_intro,textbook_scan,True,1174,2946,2946,1174,444,1078,32600,,4,0,0,0,29,0,0,0,0,0
1937,لِيبِيّ,Libyan,known,textbook_scan,textbook_scan,True,2379,7733,7733,2379,3635,,33655,,0,0,0,0,3,0,0,0,0,0
1938,تُونِسِيّ,Tunisian,known,frequency_core,textbook_scan,True,2333,7561,7561,2333,2567,,27721,,0,0,0,0,8,0,0,0,0,0
1939,جَزَائِرِيّ,Algerian,known,textbook_scan,textbook_scan,True,2321,11118,11118,2321,1843,,35075,,0,0,0,0,11,1,0,0,1,0
1940,مَغْرِبِيّ,Moroccan,known,collateral,textbook_scan,True,2294,5055,5055,2294,1400,,33412,,0,0,0,0,9,0,0,0,0,0
1941,مُورِيتَانِيّ,Mauritanian,known,textbook_scan,textbook_scan,True,2432,57271,57271,2432,17586,,31697,,0,0,0,0,9,0,0,0,0,0
1942,سُودَانِيّ,Sudanese,known,textbook_scan,textbook_scan,True,2337,13310,13310,2337,2451,,29377,,0,0,0,0,7,0,0,0,0,0
1943,صُومَالِيّ,Somali,known,textbook_scan,textbook_scan,True,2433,10682,10682,2433,25894,,29100,,0,0,0,0,10,0,0,0,0,0
1944,فِلَسْطِينِيّ,Palestinian,known,textbook_scan,textbook_scan,True,2181,5168,5168,2181,700,,36070,,0,0,0,0,9,0,0,0,0,0
1945,جِيبُوتِيّ,Djiboutian,known,textbook_scan,textbook_scan,True,2407,5400,5400,2407,97989,,34969,,0,0,0,0,8,1,0,0,1,0
1946,قَمَرِيّ,Comorian,known,textbook_scan,textbook_scan,True,4268,91742,91742,4268,51802,,14350,,0,0,0,0,7,0,0,0,0,0
1947,دَّوْلَة,state,known,textbook_scan,textbook_scan,True,131,272,272,131,151,1523,41,1197,1,0,1,0,20,0,0,0,0,0
1948,سُورِيَا,Syria,known,textbook_scan,textbook_scan,True,2148,351,351,351,,,29340,,0,0,0,0,16,0,0,0,0,0
1949,لُبْنَان,Lebanon,known,textbook_scan,textbook_scan,True,2000,118,118,118,,,33632,,0,0,0,0,21,1,0,0,1,0
1950,أُرْدُن,Jordan,known,textbook_scan,textbook_scan,True,2236,748,748,748,748,,39088,,0,0,0,0,16,0,0,0,0,0
1951,سَعُودِيَّة,Saudi Arabia,known,textbook_scan,textbook_scan,True,1960,105,105,105,105,,30046,,0,0,0,0,23,0,0,0,0,0
1952,بَحْرَيْن,Bahrain,known,textbook_scan,textbook_scan,True,2234,730,730,730,730,,37894,,0,0,0,0,17,0,0,0,0,0
1953,يَمَن,Yemen,known,frequency_core,textbook_scan,True,654,525,525,525,525,1692,6134,937,1,0,0,0,7,0,0,0,0,0
1954,كُوَيْت,Kuwait,known,textbook_scan,textbook_scan,True,2168,391,391,391,391,,34335,,0,0,0,0,22,0,0,0,0,0
1955,لِيبِيَا,Libya,known,textbook_scan,textbook_scan,True,2254,928,928,928,,,33657,,0,0,0,0,9,0,0,0,0,0
1956,تُونِس,Tunisia,known,textbook_scan,textbook_scan,True,1315,911,911,911,,1488,22968,,1,0,0,0,20,0,0,0,0,0
1957,جَزَائِر,Algeria,known,textbook_scan,textbook_scan,True,1279,661,661,661,661,1292,35077,,2,0,0,0,6,0,0,0,0,0
1958,مَغْرِب,Morocco,known,textbook_scan,textbook_scan,True,614,487,487,487,487,1661,9950,542,1,0,0,0,17,0,0,0,0,0
1959,مُورِيتَانِيَا,Mauritania,known,textbook_scan,textbook_scan,True,2390,4564,4564,2390,,,31699,,0,0,0,0,6,0,0,0,0,0
1960,سُودَان,Sudan,known,textbook_scan,textbook_scan,True,2218,690,690,690,690,,29379,,0,0,0,0,9,0,0,0,0,0
1961,صُومَال,Somalia,known,textbook_scan,textbook_scan,True,2375,4093,4093,2375,4093,,29102,,0,0,0,0,6,0,0,0,0,0
1962,فِلَسْطِين,Palestine,known,textbook_scan,textbook_scan,True,2210,529,529,529,,,36072,,0,0,0,0,10,1,0,1,0,1
1981,نُرْويجي,Norwegian,known,textbook_scan,textbook_scan,True,2442,89864,89864,2442,39488,,31134,,0,0,0,0,4,0,0,0,0,0
1994,حَمْد,praise,known,textbook_scan,textbook_scan,True,415,2454,2454,415,2776,625,3830,203,11,0,0,0,11,0,0,0,0,0
1995,بَأْسٌ,harm / problem,learning,frequency_core,textbook_scan,True,433,7390,7390,433,40485,658,1263,305,10,0,0,2,17,0,0,0,0,0
1996,خَيْرٌ,goodness / well,known,textbook_scan,textbook_scan,True,81,1137,1137,81,1482,164,426,39,46,0,8,0,19,0,0,0,0,0
2005,بَا,the letter Ba,known,textbook_scan,textbook_scan,True,1160,11708,11708,1160,27122,481,7648,,15,0,0,0,7,0,0,0,0,0
2006,مُزْدَحِم,crowded,known,textbook_scan,story_import,True,4500,39033,39033,4500,80105,,6840,,0,0,1,0,12,0,0,0,0,0
2010,دِمْنَة,ruin remains,known,auto_intro,story_import,True,2426,155610,155610,2426,,1313,36685,,2,0,0,0,15,0,0,0,0,0
2015,مَرْجِع,reference,encountered,collateral,story_import,False,1475,19816,19816,1475,5676,,4029,427,0,0,1,0,0,0,0,0,0,0
2016,وَشَّم,tattoo,known,study,story_import,True,1977,50494,50494,1977,26563,830,8990,,7,0,0,0,12,0,0,0,0,0
2017,نَوَاشِرُ,forearm vein,,,story_import,False,,922239,922239,922239,,,,,0,0,0,,,0,0,0,0,0
2018,مِعْصَم,wrist,,,story_import,False,,132749,132749,132749,83042,,,,0,0,0,,,0,0,0,0,0
2019,اِعْتَزَل,to withdraw,suspended,textbook_scan,story_import,False,844,42172,42172,844,,1448,8048,621,1,0,0,2,7,0,0,0,0,0
2020,جانَب,to avoid,known,textbook_scan,story_import,True,169,484,484,169,1485,257,108,525,32,1,25,0,24,0,0,0,0,0
2021,هَزَل,to jest,,,story_import,False,1716,127823,127823,1716,76250,1689,9867,1343,1,0,0,,,0,0,0,0,0
2022,وَدَّع,to bid farewell,known,book,book,True,440,24420,24420,440,,358,1133,582,23,0,9,2,32,3,1,1,2,0
2023,ذَكَرِيّ,memory,learning,study,story_import,True,1938,33252,33252,1938,30310,1167,11305,,3,0,2,0,3,1,0,1,0,1
2024,صَب,youth,known,textbook_scan,story_import,True,560,17273,17273,560,53383,401,2931,409,14,1,10,0,17,0,0,0,0,0
2025,نَجْم,star,known,textbook_scan,story_import,True,513,2422,2422,513,3062,895,737,475,6,0,11,1,46,0,0,0,0,1
2026,أَفَل,to set,known,collateral,story_import,True,775,89797,89797,775,,838,4297,721,6,0,4,0,25,0,0,0,0,0
2027,جَاء,to come,known,textbook_scan,book,True,33,512,512,33,,70,91,21,80,1,17,0,41,0,0,0,0,0
2028,سَعِد,to be happy,known,textbook_scan,story_import,True,263,743,743,263,20643,117,638,1230,58,1,11,0,21,0,0,0,0,0
2056,سَـ,will,,,,False,,2854,2854,2854,17893,,,,0,0,0,,,0,0,0,0,0
2073,وَجَدَ,to find,known,textbook_scan,book,True,36,3174,3174,36,55420,28,76,67,136,5,54,2,184,0,0,0,0,0
2074,حَلَق,throat,known,book,book,True,499,20325,20325,499,19492,488,3892,1173,15,0,6,1,37,2,0,2,0,3
2075,عَمِيق,deep,known,book,book,True,1166,7888,7888,1166,8701,381,1451,1275,18,0,9,0,45,0,0,0,0,0
2076,اِلْتَمَع,to glisten,known,book,book,True,2316,429518,429518,2316,,1121,9406,,3,0,0,1,17,0,0,0,0,0
2078,نِهايَة,end,known,book,book,True,806,456,456,456,2339,187,388,,41,0,16,0,41,0,0,0,0,0
2079,اِسْتَيْقَظ,to wake up,known,book,book,True,1691,27053,27053,1691,,198,2540,,38,0,3,0,28,0,0,0,0,0
2080,لَحْظَة,moment,known,book,book,True,836,2302,2302,836,3879,113,575,,58,0,61,1,41,0,0,0,0,0
2081,اِرْتَعَش,to shake,known,book,book,True,2191,178824,178824,2191,,832,2606,,6,0,5,1,32,1,0,1,0,1
2082,فَرْوَة,fur,known,book,book,True,2087,17627,17627,2087,,1601,11302,,1,0,1,0,14,0,0,0,0,0
2083,مُبْتَلّ,soaked,known,book,book,True,1706,220089,220089,1706,,1632,11397,1067,1,0,0,0,25,1,0,0,1,0
2084,فَكَّر,to think,known,book,book,True,67,4922,4922,67,2152,21,485,402,146,4,106,0,29,0,0,0,0,0
2085,تَكَرَّر,to repeat,known,book,book,True,1923,16063,16063,1923,,1482,3313,,1,0,4,0,24,0,0,0,0,0
2086,مُرْعِب,terrifying,known,book,book,True,2058,35078,35078,2058,51159,1651,6268,,1,0,0,0,44,1,0,1,0,1
2087,مَكَّن,to enable,known,book,book,True,136,25776,25776,136,,43,2720,1318,107,7,82,0,21,0,0,0,0,0
2088,اِسْتَمَرّ,to continue,known,book,book,True,443,4432,4432,443,,411,635,943,23,4,48,0,40,0,0,0,0,0
2089,ضَاقَ,to become narrow,known,book,book,True,585,38435,38435,585,,497,2139,464,15,0,4,0,22,1,0,0,1,1
2090,قَرّ,to decide,known,book,book,True,272,71216,71216,272,,383,402,283,21,0,11,0,18,0,0,0,0,0
2091,مُساعَدَة,help,known,book,book,True,866,947,947,866,209,408,508,,21,1,18,1,49,0,0,0,0,0
2092,خَبِير,expert,known,book,book,True,493,5845,5845,493,6445,1508,1035,204,1,0,2,0,78,1,0,0,1,0
2093,اِسْتَطاع,to be able,known,book,book,True,41,4452,4452,41,,19,124,221,154,7,193,3,65,3,1,1,2,2
2094,ساعَد,to help,known,book,book,True,995,10317,10317,995,77957,377,920,,21,0,10,0,65,0,0,0,0,0
2095,خَوْف,fear,known,book,book,True,283,7960,7960,283,4238,221,529,278,39,4,22,0,80,0,0,0,0,0
2096,واضِح,clear,known,book,book,True,909,2277,2277,909,4888,429,377,,19,0,9,0,81,0,0,0,0,0
2097,مَأْلُوف,familiar,known,collateral,book,True,1944,25652,25652,1944,19026,960,5053,,5,0,0,0,33,1,1,1,0,1
2098,مُزْعِج,annoying,known,book,book,True,1942,30936,30936,1942,45655,1226,4703,,3,0,1,1,28,0,0,0,0,0
2100,رائِع,wonderful,known,textbook_scan,book,True,1647,2922,2922,1647,5234,159,2133,,47,0,9,0,53,0,0,0,0,0
2102,عِنايَة,care,known,book,book,True,1701,8583,8583,1701,1367,638,1497,,11,0,4,0,41,0,0,0,0,0
2104,تَمْرِين,exercise,known,collateral,book,True,1933,23559,23559,1933,17697,1285,4981,,2,0,1,0,61,0,0,0,0,0
2105,يَوْمِيّ,daily,known,book,book,True,1753,4165,4165,1753,5216,1433,1138,,2,0,8,0,30,0,0,0,0,0
2106,تَحَسُّن,improvement,known,book,book,True,1860,5823,5823,1860,22073,1138,2793,,3,0,3,0,28,0,0,0,0,0
2107,مُباشِر,direct,known,textbook_scan,story_import,True,1030,807,807,807,1711,642,1171,,11,0,3,0,34,0,0,0,0,0
2108,سَيِّدَة,lady,known,textbook_scan,story_import,True,497,3945,3945,497,2085,54,195,,93,1,22,0,43,0,0,0,0,0
2109,ناصِح,to advise,known,textbook_scan,story_import,True,802,55700,55700,802,67231,1234,5705,714,4,1,1,0,11,0,0,0,0,1
2110,غايَة,goal,known,book,book,True,721,3394,3394,721,8332,62,780,,87,0,18,0,30,1,1,0,1,0
2111,تَشْوِيق,suspense,known,book,book,True,,23329,23329,23329,36508,,,,0,0,0,1,16,0,0,0,0,0
2112,تَعامُل,dealing,lapsed,book,book,True,1708,6976,6976,1708,1178,912,1097,,5,0,2,0,37,1,1,0,1,1
2113,تَأْثِير,effect,known,book,book,True,1738,1787,1787,1738,4717,1274,895,,2,0,4,0,30,1,0,1,0,1
2114,مُهَدِّئ,calming,known,book,book,True,,91573,91573,91573,,,,,0,0,3,0,30,2,0,0,2,1
2115,دُفْعَة,push,known,book,book,True,1883,6392,6392,1883,9226,1020,3945,,4,0,3,0,18,0,0,0,0,0
2116,بَسِيط,simple,known,book,book,True,1752,4671,4671,1752,12099,702,1529,,9,0,6,0,38,0,0,0,0,0
2117,كَتِف,shoulder,known,book,book,True,1801,45080,45080,1801,22990,959,1130,,5,0,15,0,28,0,0,0,0,0
2118,كَيْفِيّ,method,known,book,book,True,1865,115939,115939,1865,,1218,9955,,3,0,3,0,16,0,0,0,0,0
2119,هُرُوب,escape,known,book,book,True,1967,15072,15072,1967,11938,1244,5647,,3,0,3,0,29,0,0,0,0,0
2120,حالَة,case,known,book,book,True,871,288,288,288,1627,622,286,,11,0,7,0,34,0,0,0,0,0
2121,طارِئَة,emergency,known,book,book,True,1902,14871,14871,1902,13299,1579,3293,,2,1,2,4,32,2,0,2,0,2
2122,فَتْرَة,period,known,book,book,True,348,625,625,348,555,354,386,1281,23,0,33,0,20,0,0,0,0,0
2123,أَخْيَر,finally,known,textbook_scan,story_import,True,540,29519,29519,540,853,108,169,,63,4,48,0,14,0,0,0,0,0
2124,نَفَّذ,to implement,known,frequency_core,story_import,True,460,10651,10651,460,,693,500,929,10,0,2,0,45,7,3,1,6,1
2125,رَكَّب,to ride,known,book,book,True,441,20318,20318,441,38136,251,2043,500,33,1,2,0,20,0,0,0,0,0
2126,تاكْسِيّ,taxi,,,story_import,False,4016,25096,25096,4016,25615,,5917,,0,0,0,,,0,0,0,0,0
2127,رَجا,to hope,known,frequency_core,story_import,True,369,44128,44128,369,,280,518,801,30,1,24,1,26,1,0,1,0,1
2128,مَيْدان,square,known,study,story_import,True,1802,3522,3522,1802,4821,1232,1650,,3,0,10,0,14,0,0,0,0,0
2129,أَقْصَى,maximum,known,textbook_scan,story_import,True,1154,3478,3478,1154,2585,461,1513,1111,17,1,7,1,20,1,0,1,0,2
2130,سَرَّع,speed,known,textbook_scan,book,True,273,84929,84929,273,,73,4984,502,79,1,52,0,24,0,0,0,0,0
2131,أَهَمِّيَّة,importance,known,frequency_core,story_import,True,1059,739,739,739,5158,1127,809,,3,0,1,0,15,0,0,0,0,0
2132,أَنْجَز,to accomplish,known,leech_reintro,story_import,True,1790,19339,19339,1790,,1458,1199,,1,0,2,2,26,3,0,0,3,1
2133,ضَيَّع,to waste,known,study,story_import,True,2011,47785,47785,2011,,1041,10447,,5,1,7,0,23,1,0,1,0,1
2134,اِنْتَظَر,to wait,known,textbook_scan,story_import,True,202,13091,13091,202,,100,304,439,65,3,39,0,65,0,0,0,0,0
2135,طابُور,queue,known,bookifier,story_import,True,4845,31348,31348,4845,40951,,9308,,1,1,14,0,11,0,0,0,0,1
2136,تَراجَع,to review,known,book,book,True,1176,2133,2133,1176,7200,706,1103,1141,9,0,3,0,16,1,0,1,0,1
2137,نَوَى,to intend,known,book,book,True,1264,33664,33664,1264,53662,792,1134,1339,9,1,5,0,30,0,0,0,0,1
2138,خَطْوَة,step,known,book,book,True,437,1847,1847,437,3264,551,480,739,14,1,22,0,27,1,0,1,0,2
2139,مُسْتَحِيل,impossible,known,textbook_scan,story_import,True,1888,15679,15679,1888,9579,1400,2182,,3,1,4,0,5,0,0,0,0,0
2140,أَفْشَل,to thwart,known,leech_reintro,story_import,True,2073,50143,50143,2073,,1452,9562,,1,0,0,2,17,1,0,1,0,1
2141,رَغْم,despite,known,textbook_scan,story_import,True,875,476,476,476,1363,554,255,,14,1,37,0,73,0,0,0,0,0
2142,خَفَّق,to throb,known,textbook_scan,story_import,True,1872,78923,78923,1872,91990,752,2792,,8,0,1,1,18,3,0,2,1,2
2143,وَصْل,to arrive,known,book,book,True,69,1312,1312,69,10329,34,136,450,119,2,50,0,34,0,0,0,0,0
2144,تَذْكَرَة,ticket,known,book,book,True,771,12692,12692,771,28422,1139,5680,553,3,0,1,1,32,0,0,0,0,0
2145,اِرْتَدَى,to wear,known,book,book,True,599,39625,39625,599,,443,1806,584,17,0,12,0,42,0,0,0,0,0
2146,اِنْطَلَق,to set off,known,book,book,True,426,8483,8483,426,,319,911,550,26,1,8,0,34,4,1,1,3,0
2147,تَعَوَّد,to get used to,suspended,textbook_scan,story_import,False,1773,2246,2246,1773,65913,663,3190,,11,1,9,5,9,2,1,1,1,2
2148,ظَلام,darkness,known,textbook_scan,story_import,True,635,28964,28964,635,9534,562,1522,757,14,1,18,0,19,0,0,0,0,0
2149,تَصَوَّر,to imagine,known,frequency_core,story_import,True,1868,6870,6870,1868,18145,1480,1919,,1,0,6,0,25,2,0,0,2,0
2150,حَصِر,limit,acquiring,study,story_import,True,810,8846,8846,810,16148,1503,4490,735,1,0,1,1,9,0,0,0,0,0
2151,أَحْدَق,to stare,known,study,story_import,True,2145,137092,137092,2145,,431,4721,,18,0,0,0,12,0,0,0,0,0
2152,مُدَبَّب,pointed,known,book,book,True,2409,100279,100279,2409,,1393,23518,,2,0,0,0,19,1,0,0,1,0
2153,مِخْلَب,claw,known,book,book,True,2296,96011,96011,2296,,1224,5730,,3,0,1,0,31,3,0,0,3,2
2154,تَخَدَّش,to scratch,known,book,book,True,,78938,78938,78938,,,,,0,0,0,0,28,0,0,0,0,0
2155,ضَخَّم,huge,known,book,book,True,1729,8379,8379,1729,12878,595,1328,,12,0,13,1,26,0,0,0,0,0
2156,زَمْجَر,to growl,known,book,book,True,2289,310668,310668,2289,,934,8740,,6,1,2,1,16,0,0,0,0,0
2157,قَفَز,to jump,known,book,book,True,1726,19171,19171,1726,16925,244,4008,,35,2,7,0,32,1,0,1,0,4
2158,عَرَبَة,cart,known,book,book,True,1700,3172,3172,1700,27706,419,1660,,19,0,2,0,51,0,0,0,0,0
2159,بارِع,skillful,known,book,book,True,1924,43307,43307,1924,66896,841,3779,,6,0,0,0,25,1,0,1,0,2
2160,تَمَكَّن,to manage,known,book,book,True,973,1744,1744,973,31734,435,617,,18,0,14,0,23,0,0,0,0,0
2161,شَلّ,paralysis,known,book,book,True,2062,20832,20832,2062,,1562,8557,,1,0,1,0,32,0,0,0,0,1
2162,أَبْشَع,ugliest,known,book,book,True,2016,24711,24711,2016,,1249,6811,,2,0,0,0,29,0,0,0,0,0
2163,أَعْدَى,to infect; to make contagious,suspended,book,book,False,1722,145763,145763,1722,,361,2726,,23,1,4,3,32,0,0,0,0,0
2164,شَرّ,evil,known,book,book,True,343,6266,6266,343,6184,592,805,255,12,0,1,0,33,5,1,3,2,5
2165,هَرَب,to escape,known,textbook_scan,story_import,True,1177,19388,19388,1177,19275,247,2492,1342,35,2,7,0,43,2,0,1,1,3
2166,صَرَخ,to scream,known,book,book,True,1710,44847,44847,1710,,293,1980,,30,2,17,0,21,0,0,0,0,0
2167,اِسْتَمْتَع,to enjoy,known,textbook_scan,story_import,True,675,13466,13466,675,,444,4748,673,17,0,0,2,46,4,0,1,3,4
2168,تَدْرِيجِيّ,gradually,known,collateral,story_import,True,3136,23111,23111,3136,24044,,4472,,0,0,0,0,14,1,0,0,1,0
2169,أَزْعَج,to disturb,known,leech_reintro,story_import,True,1830,71218,71218,1830,,573,3024,,12,0,4,1,20,0,0,0,0,0
2170,أَحْدَث,to happen,known,textbook_scan,book,True,387,419,419,387,12292,211,3105,719,36,0,27,0,26,2,0,0,2,1
2171,تَعالَى,to come,known,textbook_scan,story_import,True,304,403,403,304,,287,1590,289,29,1,5,1,19,0,0,0,0,0
2172,مَمْنُوع,forbidden,known,study,story_import,True,1571,8789,8789,1571,26909,1674,6343,1322,1,0,2,0,16,1,0,0,1,0
2173,مَدّ,for duration of,known,textbook_scan,book,True,363,7933,7933,363,15403,275,1502,425,31,1,22,0,11,0,0,0,0,0
2174,عَام,year,known,textbook_scan,story_import,True,54,56,56,54,29,242,40,569,33,0,9,0,36,0,0,0,0,0
2175,أَوِد,to want,known,frequency_core,story_import,True,105,8606,8606,105,,48,231,214,96,1,28,5,22,1,0,1,0,1
2176,رُؤْيَة,vision,known,textbook_scan,story_import,True,865,1397,1397,865,2295,144,761,,51,1,12,0,28,0,0,0,0,0
2177,سَوِيّ,except,acquiring,frequency_core,story_import,True,495,15484,15484,495,55581,365,7271,341,25,3,26,0,6,0,0,0,0,0
2178,تَفَاهَات,triviality,,,story_import,False,,158645,158645,158645,,,,,0,0,0,,,0,0,0,0,0
2179,تَوَجَّه,to head,known,textbook_scan,story_import,True,1220,3187,3187,1220,4146,797,1252,1152,7,0,2,0,22,1,0,1,0,1
2180,قَامَ,to perform,known,textbook_scan,story_import,True,99,508,508,99,,124,137,159,56,1,25,0,43,1,0,1,0,1
2181,مُكافاة,reward,known,study,story_import,True,1841,10671,10671,1841,28666,825,2688,,7,0,0,0,20,1,0,1,0,1
2182,مَذّاق,taste,known,study,story_import,True,2099,38595,38595,2099,42661,1648,9447,,1,0,2,0,18,1,0,0,1,0
2183,ياسْمِين,jasmine,known,study,story_import,True,2015,12570,12570,2015,16299,1248,9156,,3,0,0,0,14,0,0,0,0,0
2184,تَناوَل,to consume,known,book,book,True,930,1532,1532,930,34766,289,648,,29,1,10,0,41,0,0,0,0,0
2185,أَنْ,that; to,known,collateral,manual,True,,4,4,4,99,,,,395,38,0,0,74,0,0,0,0,0
2186,إِنْ,if,encountered,textbook_scan,manual,False,,4,4,4,99,,,,54,31,0,0,0,0,0,0,0,0
2187,أَنَّ,that,known,collateral,manual,True,,4,4,4,99,,,,87,2,0,0,46,1,0,0,1,0
2188,إِنَّ,"indeed, that",known,collateral,manual,True,,4,4,4,99,,,,37,1,0,0,5,1,0,1,0,0
2189,فَقْد,loss,known,book,manual,True,215,233,233,215,57309,88,1347,906,70,3,111,0,51,3,1,0,3,2
2190,وَضْع,"situation, state",known,textbook_scan,manual,True,193,430,430,193,810,154,167,1350,49,1,26,5,73,0,0,0,0,0
2191,لَمَعَ,"to glisten, to gleam",known,collateral,manual,True,1774,48614,48614,1774,86938,316,4653,,26,0,11,0,31,4,0,1,3,1
2192,اِحْتاج,to need,known,textbook_scan,book,True,926,16494,16494,926,,286,611,,30,2,17,3,107,0,0,0,0,0
2193,شُجاع,brave,known,textbook_scan,story_import,True,1709,24860,24860,1709,28342,281,2263,,29,0,12,0,25,0,0,0,0,0
2194,أَنار,to illuminate,known,textbook_scan,story_import,True,777,90735,90735,777,,1265,4045,674,2,0,1,0,24,1,0,1,0,1
2195,أَتَى,to come,known,textbook_scan,story_import,True,12,5389,5389,12,40325,78,157,5,74,3,69,0,38,5,1,4,1,2
2196,غَداً,tomorrow,known,textbook_scan,textbook_scan,True,291,3443,3443,291,4116,404,351,607,21,1,14,0,60,0,0,0,0,0
2197,بِبُطْء,slowly,known,textbook_scan,textbook_scan,True,1146,29072,29072,1146,54705,515,4031,,19,5,38,0,56,0,0,0,0,0
2198,سَمَحَ,to allow,suspended,textbook_scan,textbook_scan,False,913,8508,8508,913,67716,416,620,,21,2,15,3,31,0,0,0,0,1
2199,مَفْهُوم,"understood, concept",known,textbook_scan,textbook_scan,True,2127,3192,3192,2127,10178,,2226,,1,1,1,0,18,0,0,0,0,0
2200,أَعَادَ,to repeat,known,textbook_scan,textbook_scan,True,249,10957,10957,249,,433,535,383,18,0,9,2,32,2,1,1,1,1
2201,سَافَرَ,to travel,known,textbook_scan,textbook_scan,True,999,11607,11607,999,44299,400,1115,,20,0,3,0,61,0,0,0,0,0
2202,سَاقَ,to drive,known,textbook_scan,textbook_scan,True,474,23387,23387,474,21260,763,1967,399,8,0,2,0,23,1,0,1,0,1
2203,سَفِينَة,ship,known,textbook_scan,textbook_scan,True,382,6729,6729,382,6134,338,603,802,25,1,21,0,26,0,0,0,0,0
2204,شُكْر,to thank,known,textbook_scan,textbook_scan,True,269,4929,4929,269,4448,329,1168,165,25,0,5,0,22,0,0,0,0,0
2205,خَرَجَ,to exit,known,textbook_scan,textbook_scan,True,49,2924,2924,49,8930,68,128,48,83,1,20,0,39,0,0,0,0,0
2206,نَصّ,texts,known,textbook_scan,textbook_scan,True,1113,2220,2220,1113,1781,1683,1376,,1,0,2,0,13,0,0,0,0,0
2207,تَسْجِيل,registration,known,textbook_scan,textbook_scan,True,1891,1119,1119,1119,563,,1306,,0,0,2,0,27,0,0,0,0,0
2208,عَالٍ,loud,known,textbook_scan,textbook_scan,True,367,6554,6554,367,1517,596,666,697,12,0,21,0,18,0,0,0,0,0
2209,تَأْخِير,delay,known,textbook_scan,textbook_scan,True,2213,7502,7502,2213,12888,,3402,,0,0,0,0,46,3,0,2,1,2
2210,حَاضِر,present,known,textbook_scan,textbook_scan,True,354,15748,15748,354,5050,192,1647,626,40,1,24,0,31,0,0,0,0,0
2211,مُتَأَخِّر,late,known,textbook_scan,textbook_scan,True,1306,13827,13827,1306,36622,1387,3169,,2,0,4,0,21,0,0,0,0,0
2212,مِمْحاة,eraser,known,textbook_scan,textbook_scan,True,,136061,136061,136061,,,,,0,0,0,0,16,0,0,0,0,0
2213,سَبّورَة,blackboard,known,textbook_scan,textbook_scan,True,2436,95956,95956,2436,28751,,16009,,0,0,0,0,29,0,0,0,0,0
2214,مِقْلَمَة,pencil case,known,textbook_scan,textbook_scan,True,4998,135507,135507,4998,,,21188,,0,0,0,0,20,4,1,4,0,3
2215,حَقيبَة,bag,known,textbook_scan,textbook_scan,True,1139,5963,5963,1139,17803,926,2203,,5,0,8,0,56,0,0,0,0,0
2216,خارِطَة,map,known,textbook_scan,textbook_scan,True,1304,8229,8229,1304,25221,1304,4391,,2,0,0,0,21,0,0,0,0,0
2217,أَجَابَ,to answer,known,textbook_scan,textbook_scan,True,24,8447,8447,24,,9,175,940,212,14,87,3,25,0,0,0,0,0
2218,حِصَّة,class period,known,textbook_scan,textbook_scan,True,1371,4262,4262,1371,12885,,1879,1168,0,0,2,0,33,1,0,0,1,0
2219,ٱِسْتِراحَة,break or rest,known,textbook_scan,textbook_scan,True,1250,2479,2479,1250,13874,1440,5250,,1,0,0,0,19,1,0,0,1,0
2220,جَعَل,to make,known,story_import,book,True,38,1661,1661,38,,163,163,13,48,2,24,2,65,1,0,0,1,0
2221,فَراغ,emptiness,known,textbook_scan,textbook_scan,True,1205,12219,12219,1205,8193,1363,2075,,2,0,3,0,16,0,0,0,0,0
2222,نَشَاط,activities,known,textbook_scan,textbook_scan,True,984,3365,3365,984,2257,979,577,,5,0,4,0,34,0,0,0,0,0
2223,هِوَايَة,hobbies,known,textbook_scan,textbook_scan,True,2310,26161,26161,2310,44659,,7845,,0,0,1,0,38,2,0,0,2,1
2224,رِياضَة,sports,known,textbook_scan,textbook_scan,True,1912,2041,2041,1912,436,,1930,,0,0,1,0,28,0,0,0,0,0
2225,اِرْتاحَ,to relax,known,textbook_scan,textbook_scan,True,1114,55094,55094,1114,,512,2260,,14,0,0,0,33,3,0,1,2,1
2226,جَاز,jazz,known,textbook_scan,textbook_scan,True,663,11294,11294,663,33170,1492,2159,1156,2,1,8,0,16,0,0,0,0,0
2227,عَزَفَ,to play music,known,textbook_scan,textbook_scan,True,1297,18452,18452,1297,23135,877,5457,,6,0,1,0,25,0,0,0,0,0
2228,بِيانُو,piano,known,textbook_scan,textbook_scan,True,1329,46032,46032,1329,27567,1134,5188,,3,0,10,0,14,0,0,0,0,0
2229,شَرْقِيّ,oriental,known,textbook_scan,textbook_scan,True,760,6287,6287,760,3590,1558,28915,1023,1,0,1,0,15,0,0,0,0,0
2230,سَبَحَ,to swim,known,leech_reintro,textbook_scan,True,391,58400,58400,391,,557,5092,98,13,0,0,2,40,1,0,1,0,1
2231,جَرَى,to run,known,frequency_core,textbook_scan,True,149,2491,2491,149,,158,328,163,47,0,17,7,29,1,0,1,0,1
2232,غابَة,forest,known,leech_reintro,textbook_scan,True,859,18882,18882,859,14955,94,1994,,64,0,2,2,44,0,0,0,0,0
2233,غَنَّى,to sing,known,textbook_scan,textbook_scan,True,345,10123,10123,345,18594,382,1260,240,21,0,13,0,14,0,0,0,0,0
2234,تَسَلَّقَ,to climb,known,textbook_scan,textbook_scan,True,1216,32318,32318,1216,65002,548,5635,,13,0,4,0,36,1,0,0,1,0
2235,تَصَفَّحَ,to browse,known,leech_reintro,textbook_scan,True,1340,4568,4568,1340,15207,1278,9083,,2,0,0,2,22,0,0,0,0,0
2236,طَبَخَ,to cook,known,textbook_scan,textbook_scan,True,2216,4202,4202,2216,1746,,9708,,0,0,0,0,65,0,0,0,0,0
2237,اِهْتَمَّ,"to care, to be interested",known,textbook_scan,textbook_scan,True,873,15023,15023,873,,250,637,,32,0,14,0,44,1,0,1,0,1
2238,فَنّ,art,known,textbook_scan,textbook_scan,True,1009,1690,1690,1009,950,1057,1094,,4,0,2,0,25,0,0,0,0,0
2239,دَرْدَشَ,to chat,known,textbook_scan,textbook_scan,True,2295,112567,112567,2295,,,12012,,0,0,0,0,18,2,0,1,1,1
2240,تَصْوِير,photography,known,textbook_scan,textbook_scan,True,2113,2438,2438,2113,2076,,2367,,0,0,0,0,29,2,0,0,2,1
2241,إِضافَة,addition,known,textbook_scan,textbook_scan,True,892,358,358,358,14921,903,468,,5,0,0,0,15,1,0,0,1,0
2242,نَاي,flute,known,textbook_scan,textbook_scan,True,1390,30289,30289,1390,35711,828,13319,,7,0,0,0,15,2,1,2,0,2
2243,بَرْنَامَج,program,known,textbook_scan,textbook_scan,True,821,188,188,188,694,1466,321,,1,0,1,0,33,0,0,0,0,0
2244,اسْتَحَمَّ,to bathe,known,textbook_scan,textbook_scan,True,1495,179124,179124,1495,,1437,12176,,1,0,3,0,23,2,0,1,1,1
2245,رَجَعَ,to return,known,textbook_scan,textbook_scan,True,208,13392,13392,208,,291,717,107,29,1,14,0,31,0,0,0,0,0
2246,تَعَشَّى,to eat dinner,known,textbook_scan,textbook_scan,True,1686,253916,253916,1686,,1281,7519,,2,0,0,0,14,1,1,0,1,0
2248,طَقْس,weather,known,textbook_scan,textbook_scan,True,1181,7347,7347,1181,2095,1043,4848,,4,0,0,0,83,0,0,0,0,0
2249,قَوِيَّةٌ,strong,known,textbook_scan,textbook_scan,True,365,3068,3068,365,5202,305,691,1293,28,1,2,0,84,0,0,0,0,0
2250,اعْتَقَدَ,to believe / think,known,textbook_scan,textbook_scan,True,791,2461,2461,791,,149,451,,49,0,21,0,57,2,1,0,2,0
2251,عَاصِفَة,storm,known,leech_reintro,textbook_scan,True,692,10260,10260,692,11988,1044,2509,1035,4,0,13,1,32,0,0,0,0,0
2252,دافِئ,warm,known,textbook_scan,textbook_scan,True,1341,23967,23967,1341,20838,857,8029,,6,0,4,0,43,0,0,0,0,0
2253,عاصِف,windy,known,textbook_scan,textbook_scan,True,1621,72675,72675,1621,61003,,9552,1034,0,0,0,0,14,0,0,0,0,0
2254,مُثْلِج,snowy,known,textbook_scan,textbook_scan,True,4110,131977,131977,4110,81813,,12939,,0,0,0,0,14,0,0,0,0,0
2255,خَرِيف,autumn,known,textbook_scan,textbook_scan,True,1223,18393,18393,1223,9750,853,4449,,6,0,1,0,28,0,0,0,0,0
2256,رَبِيع,spring,known,textbook_scan,textbook_scan,True,1088,2315,2315,1088,2927,757,2435,,8,0,1,0,40,0,0,0,0,0
2257,فَبْرَايِر,February,known,textbook_scan,textbook_scan,True,2232,747,747,747,,,36082,,0,0,0,0,14,0,0,0,0,0
2258,يَنَايِر,January,known,textbook_scan,textbook_scan,True,2203,588,588,588,,,27133,,0,0,0,0,9,0,0,0,0,0
2259,أُكْتُوبَر,October,known,textbook_scan,textbook_scan,True,2180,398,398,398,,,39113,,0,0,0,0,14,0,0,0,0,0
2260,يُولِيُو,July,known,textbook_scan,textbook_scan,True,2214,679,679,679,,,27047,,0,0,0,0,8,0,0,0,0,0
2261,يُونِيُو,June,known,textbook_scan,textbook_scan,True,1310,642,642,642,,1694,27033,,1,0,0,0,11,0,0,0,0,0
2262,أَغُسْطُس,August,known,textbook_scan,textbook_scan,True,2250,799,799,799,,,40472,,0,0,0,0,19,0,0,0,0,0
2263,سِبْتَمْبِر,September,known,textbook_scan,textbook_scan,True,2207,576,576,576,,,29672,,0,0,0,0,17,0,0,0,0,0
2264,نُوفَمْبِر,November,known,textbook_scan,textbook_scan,True,2106,200,200,200,,,31099,,0,0,0,0,13,0,0,0,0,0
2265,مَايُو,May,known,textbook_scan,textbook_scan,True,1336,744,744,744,,1631,32795,,1,0,0,0,9,1,0,1,0,1
2266,بِطاقَة,card,known,textbook_scan,textbook_scan,True,1077,1986,1986,1077,6756,1001,1581,,4,0,7,0,33,0,0,0,0,0
2267,بَريدِيَّة,postal,lapsed,leech_reintro,textbook_scan,True,2360,25448,25448,2360,23007,,11312,,0,0,0,1,28,2,2,0,2,0
2268,عاصِمَة,capital,known,textbook_scan,textbook_scan,True,942,2874,2874,942,699,1206,464,,3,0,0,0,26,0,0,0,0,0
2269,دَرَجَة,degree,known,textbook_scan,textbook_scan,True,355,915,915,355,2140,754,777,396,8,0,14,0,24,0,0,0,0,0
2270,عِشْرُون,twenty,known,textbook_scan,textbook_scan,True,557,19008,19008,557,22320,721,1194,1272,9,0,11,0,22,0,0,0,0,0
2271,سِياحِيّ,tourist,known,textbook_scan,textbook_scan,True,2089,8382,8382,2089,4764,,1939,,1,1,15,0,19,0,0,0,0,0
2272,سَبْع,seven,known,textbook_scan,textbook_scan,True,403,4440,4440,403,4874,764,1033,297,8,0,5,0,19,0,0,0,0,0
2273,هَدِيَّة,gift,known,textbook_scan,textbook_scan,True,581,6101,6101,581,21045,604,1763,1085,12,0,1,0,29,0,0,0,0,0
2274,تِذْكارِيَّة,souvenir,known,textbook_scan,textbook_scan,True,2349,60401,60401,2349,17041,,8613,,0,0,2,0,12,0,0,0,0,0
2275,اشْتاق,to miss,known,textbook_scan,textbook_scan,True,1334,53420,53420,1334,,741,7699,,8,0,5,1,23,1,0,1,0,1
2276,تَحِيَّة,greetings,known,frequency_core,textbook_scan,True,553,8215,8215,553,11430,747,1338,682,8,0,0,4,27,1,0,0,1,1
2277,حُرِّيَّة,freedom,known,textbook_scan,textbook_scan,True,1017,2382,2382,1017,1666,1502,642,,1,0,2,0,57,0,0,0,0,0
2278,أَرْسَلَ,to send,known,textbook_scan,textbook_scan,True,112,2257,2257,112,,299,399,45,27,0,9,0,44,0,0,0,0,0
2279,سُور,wall,known,textbook_scan,textbook_scan,True,537,9927,9927,537,12194,1555,1508,485,1,0,13,0,39,6,0,1,5,0
2280,عَظِيم,great,known,textbook_scan,textbook_scan,True,148,4819,4819,148,2034,353,373,71,24,1,12,0,38,0,0,0,0,0
2281,تِمْثَال,statue,known,textbook_scan,textbook_scan,True,625,14890,14890,625,25108,664,1947,963,10,0,3,1,24,0,0,0,0,0
2282,مَسِيح,Christ,known,textbook_scan,textbook_scan,True,1453,77264,77264,1453,2480,,19064,516,0,0,0,0,17,0,0,0,0,0
2283,مُدَرَّج,amphitheater,known,textbook_scan,textbook_scan,True,2315,26675,26675,2315,24655,,8254,,0,0,0,0,23,0,0,0,0,0
2284,ضَرِيح,mausoleum,known,leech_reintro,textbook_scan,True,2323,19818,19818,2323,41567,,6155,,0,0,0,1,26,0,0,0,0,0
2285,أَثَر,monuments,known,textbook_scan,textbook_scan,True,189,840,840,189,6203,172,546,312,44,1,6,0,37,0,0,0,0,0
2286,مُعْتَدِل,moderate,known,textbook_scan,textbook_scan,True,1342,22601,22601,1342,23488,1409,3877,,2,0,1,0,20,1,0,0,1,0
2301,صَّائِمَاتِ,fasting women,known,textbook_scan,story_import,True,734,,,734,,870,10509,389,6,0,0,0,9,0,0,0,0,0
2302,حَافِظِينَ,guarding men,known,study,story_import,True,1807,7298275,7298275,1807,,1498,1890,,1,0,1,0,10,0,0,0,0,0
2303,حَافِظَاتِ,guarding women,,,story_import,False,3038,7298276,7298276,3038,,,,979,0,0,0,,,0,0,0,0,0
2304,ذَكَرِين,the males,,,story_import,False,2546,1273155,1273155,2546,,1529,,,1,0,0,,,0,0,0,0,0
2305,ذَكَرَت,the females,,,story_import,False,1779,2794939,2794939,1779,,1021,,1200,4,0,0,,,0,0,0,0,0
2306,مَغْفِرَة,forgiveness,known,story_import,story_import,True,1590,36972,36972,1590,30945,,9349,303,0,0,1,0,21,0,0,0,0,0
2308,سَقْف,ceiling,known,textbook_scan,textbook_scan,True,617,6279,6279,617,14116,1547,1068,803,1,0,3,0,23,0,0,0,0,0
2309,سَيِّد,Mr.,known,textbook_scan,textbook_scan,True,60,2149,2149,60,389,13,18061,900,171,3,69,0,17,0,0,0,0,0
2310,شَنْطَة,bag,known,textbook_scan,textbook_scan,True,2420,36895,36895,2420,80531,,18871,,0,0,0,0,22,0,0,0,0,0
2311,صِحَّة,health,known,textbook_scan,textbook_scan,True,937,842,842,842,354,1195,688,,3,0,2,0,45,0,0,0,0,0
2312,فَتاة,girl,known,textbook_scan,textbook_scan,True,122,3655,3655,122,4088,55,197,1049,94,2,54,0,132,0,0,0,0,0
2313,مُكَالَمَة,phone call,known,textbook_scan,textbook_scan,True,2268,17701,17701,2268,27134,,4390,,0,0,0,0,18,0,0,0,0,0
2314,لَوْح,to wave,lapsed,frequency_core,textbook_scan,True,351,19243,19243,351,29001,274,2368,709,30,0,24,6,15,0,0,0,0,0
2315,نَظِيف,clean,known,textbook_scan,textbook_scan,True,1173,7206,7206,1173,28931,1241,2011,,3,0,1,0,44,1,0,0,1,0
2316,هَالُو,hello,known,textbook_scan,textbook_scan,True,,126718,126718,126718,,,,,0,0,0,0,9,0,0,0,0,0
2317,هَات,give,known,textbook_scan,textbook_scan,True,705,29734,29734,705,,898,5453,771,6,0,0,0,27,1,1,1,0,1
2318,وَرَق,paper,known,textbook_scan,textbook_scan,True,469,5716,5716,469,8345,1431,295,933,2,0,12,0,42,0,0,0,0,0
2319,يَابَانِيّ,Japanese,known,textbook_scan,textbook_scan,True,1478,8968,8968,1478,4231,1691,27103,,1,0,0,0,9,0,0,0,0,0
2320,عَطْشان,thirsty,known,textbook_scan,textbook_scan,True,1703,81742,81742,1703,,1209,13020,,3,0,0,0,13,0,0,0,0,0
2321,جِوار,neighborhood,known,textbook_scan,textbook_scan,True,453,16547,16547,453,9098,310,1428,872,26,0,14,0,50,0,0,0,0,0
2322,زُجاجَة,bottle,known,textbook_scan,textbook_scan,True,678,19457,19457,678,30189,713,2839,1010,9,0,3,0,23,0,0,0,0,0
2323,خُضار,vegetables,known,textbook_scan,textbook_scan,True,2364,36958,36958,2364,11894,,11840,,0,0,0,0,34,1,0,0,1,0
2324,سَنْدَوِيتْش,sandwich,known,textbook_scan,textbook_scan,True,,37063,37063,37063,,,,,0,0,0,0,12,0,0,0,0,0
2325,زُبْدَة,butter,lapsed,textbook_scan,textbook_scan,True,783,28757,28757,783,25046,1331,7083,892,2,0,4,0,25,5,2,0,5,0
2326,مُرَبَّى,jam,known,textbook_scan,textbook_scan,True,1393,61151,61151,1393,57173,1396,4520,,2,0,1,0,18,0,0,0,0,0
2327,سَلَطَة,salad,known,textbook_scan,textbook_scan,True,898,2757,2757,898,668,1552,247,,1,0,4,0,33,0,0,0,0,0
2328,حُمُّص,hummus,known,textbook_scan,textbook_scan,True,2385,6062,6062,2385,37862,,24021,,0,0,0,0,19,0,0,0,0,0
2329,سَمْبُوسَة,samosa,known,textbook_scan,textbook_scan,True,,350063,350063,350063,,,,,0,0,0,0,13,0,0,0,0,0
2330,زَيْتُون,olives,known,textbook_scan,textbook_scan,True,556,15355,15355,556,3776,556,3375,689,13,0,0,0,18,1,0,1,0,0
2331,خَلِيط,mixture,known,textbook_scan,textbook_scan,True,2327,15783,15783,2327,13230,,7797,,0,0,0,0,22,0,0,0,0,0
2332,زَبَادِي,yogurt,known,textbook_scan,textbook_scan,True,,399144,399144,399144,29058,,,,0,0,0,3,12,0,0,0,0,0
2333,فُول,fava beans,known,textbook_scan,textbook_scan,True,1443,14293,14293,1443,19156,1606,7504,,1,0,0,0,10,0,0,0,0,0
2334,هَمْبَرْجَر,hamburger,known,textbook_scan,textbook_scan,True,,273033,273033,273033,,,,,0,0,0,0,15,0,0,0,0,0
2335,كَرُوَاسُون,croissant,known,textbook_scan,textbook_scan,True,,235962,235962,235962,,,,,0,0,0,0,15,0,0,0,0,0
2336,مَقْلِيّ,fried,known,textbook_scan,textbook_scan,True,2391,113565,113565,2391,57175,,8113,,0,0,0,0,10,0,0,0,0,0
2337,مَشْوِيّ,grilled,known,textbook_scan,textbook_scan,True,3635,262425,262425,3635,45391,,9432,,0,0,0,0,10,0,0,0,0,0
2338,مِلْح,salty,known,textbook_scan,textbook_scan,True,735,12715,12715,735,9553,1230,3719,1077,3,0,0,0,13,0,0,0,0,0
2339,كُسْكُس,to prepare couscous,known,textbook_scan,textbook_scan,True,,130868,130868,130868,91202,,,,0,0,0,0,8,0,0,0,0,0
2340,شِيش,skewer,known,textbook_scan,textbook_scan,True,2406,106780,106780,2406,87048,,15100,,0,0,0,0,19,1,0,0,1,0
2341,طَاوُوق,Tawook (chicken),known,textbook_scan,textbook_scan,True,,167854,167854,167854,,,,,0,0,0,0,7,0,0,0,0,0
2342,مَنْدِي,Mandi (style),known,textbook_scan,textbook_scan,True,809,36317,36317,809,,1417,5905,1078,2,0,0,0,5,0,0,0,0,0
2343,صَيّادِيَة,Sayadieh (dish),known,textbook_scan,textbook_scan,True,,360972,360972,360972,,,,,0,0,0,1,10,0,0,0,0,0
2344,مَحْشِيَّة,stuffed,known,textbook_scan,textbook_scan,True,4875,97134,97134,4875,,,19725,,0,0,0,2,25,0,0,0,0,0
2345,شَوارْمَة,Shawarma,known,textbook_scan,textbook_scan,True,,8049155,8049155,8049155,,,,,0,0,0,0,9,0,0,0,0,0
2346,فَاكِهَة,fruits,known,textbook_scan,textbook_scan,True,623,21980,21980,623,12010,956,4156,412,5,0,1,0,42,1,0,0,1,0
2347,كَعْكَة,cake,known,textbook_scan,textbook_scan,True,1316,59674,59674,1316,43124,641,9123,,11,0,0,0,13,0,0,0,0,0
2348,شوكولاتَه,chocolate,known,textbook_scan,textbook_scan,True,2408,229556,229556,2408,,,10862,,0,0,6,0,6,0,0,0,0,0
2349,خَمْسَة,five,known,textbook_scan,textbook_scan,True,299,1952,1952,299,5539,438,369,687,18,0,13,0,18,1,0,0,1,0
2351,رَخِيص,cheap,known,textbook_scan,textbook_scan,True,2260,22887,22887,2260,46286,,6838,,0,0,1,0,20,0,0,0,0,0
2352,بَسْبُوسَة,basbousa,known,textbook_scan,textbook_scan,True,2468,93504,93504,2468,44804,,26106,,0,0,0,0,17,0,0,0,0,0
2353,مُقَبِّلَات,appetizers,known,textbook_scan,textbook_scan,True,,15565,15565,15565,14081,,,,0,0,0,0,16,1,0,0,1,1
2354,طَبَق,plate; dish,known,textbook_scan,textbook_scan,True,591,6904,6904,591,21267,636,3016,814,11,0,13,1,25,0,0,0,0,0
2356,آيِس,ice,known,textbook_scan,textbook_scan,True,1457,20663,20663,1457,24469,1463,9480,,1,0,0,0,9,0,0,0,0,0
2357,مَشْرُوب,drinks,known,textbook_scan,textbook_scan,True,2270,23027,23027,2270,28172,,6847,,0,0,6,0,18,2,0,0,2,0
2358,شَوْكَة,fork,known,textbook_scan,textbook_scan,True,839,33244,33244,839,58790,1564,8160,1244,1,0,2,0,20,1,1,0,1,0
2359,مِلْعَقَة,spoon,known,textbook_scan,textbook_scan,True,2320,6430,6430,2320,84494,,11401,,0,0,1,2,24,0,0,0,0,0
2360,سِكِّينَة,knife,known,textbook_scan,textbook_scan,True,691,26148,26148,691,29095,1339,2056,691,2,0,0,0,21,0,0,0,0,0
2361,صَحْن,plate,known,textbook_scan,textbook_scan,True,1427,28246,28246,1427,42874,1572,5073,,1,0,0,0,40,2,0,0,2,0
2362,كَأْس,glass,known,textbook_scan,textbook_scan,True,321,528,528,321,7901,454,702,704,17,0,0,0,14,0,0,0,0,0
2363,مِنْدِيل,napkin,known,textbook_scan,textbook_scan,True,1642,55894,55894,1642,60385,893,2522,,6,0,2,0,25,0,0,0,0,0
2364,عَمّ,paternal uncle,known,textbook_scan,textbook_scan,True,270,5541,5541,270,15427,217,881,509,40,4,26,0,39,0,0,0,0,0
2365,سِكِّين,knife,known,textbook_scan,textbook_scan,True,753,26359,26359,753,36674,936,4247,1232,5,0,4,0,21,0,0,0,0,0
2366,مُرّ,bitter,known,textbook_scan,textbook_scan,True,187,3267,3267,187,11004,110,493,416,60,1,20,0,23,0,0,0,0,0
2367,ساخِن,hot,known,textbook_scan,textbook_scan,True,1233,11662,11662,1233,7483,1024,4047,,4,0,0,0,28,0,0,0,0,0
2368,حامِض,sour,known,textbook_scan,textbook_scan,True,2438,36781,36781,2438,34903,,14986,,0,0,0,0,14,0,0,0,0,0
2369,مالِح,salty,known,textbook_scan,textbook_scan,True,2357,71417,71417,2357,43764,,14639,,0,0,0,0,12,0,0,0,0,0
2370,شَبْعان,full,known,leech_reintro,textbook_scan,True,4547,140206,140206,4547,,,16660,,0,0,1,1,18,0,0,0,0,0
2371,نَباتِيّ,vegetarian,known,textbook_scan,textbook_scan,True,613,10054,10054,613,8112,790,4049,579,8,0,4,0,20,0,0,0,0,0
2372,طَازَج,fresh,known,textbook_scan,textbook_scan,True,1472,55443,55443,1472,24958,1350,12523,,2,0,0,0,100,0,0,0,0,0
2373,رُبْع,quarter,lapsed,textbook_scan,textbook_scan,True,483,3669,3669,483,3103,861,1504,499,6,0,8,0,18,1,1,1,0,1
2374,عُلْبَة,can or box,known,textbook_scan,textbook_scan,True,1212,11878,11878,1212,33668,951,3116,,5,0,6,0,21,1,0,0,1,0
2375,سَبْعُمِائَة,seven hundred,known,textbook_scan,textbook_scan,True,4089,55305,55305,4089,,,12748,,0,0,2,0,13,0,0,0,0,0
2376,دَفَع,payment,known,textbook_scan,textbook_scan,True,267,1330,1330,267,2848,347,366,594,23,0,18,0,22,0,0,0,0,0
2377,فَراوِلَة,strawberry,known,textbook_scan,textbook_scan,True,1569,95171,95171,1569,30066,1364,23873,,2,0,0,0,17,1,0,1,0,1
2378,شَمّام,cantaloupe,lapsed,textbook_scan,textbook_scan,True,4476,60632,60632,4476,88063,,15995,,0,0,0,0,26,1,1,0,1,0
2379,إِجّاص,pears,lapsed,textbook_scan,textbook_scan,True,,452435,452435,452435,,,,,0,0,0,0,17,0,0,0,0,0
2380,مانْجو,mango,known,textbook_scan,textbook_scan,True,2453,84445,84445,2453,46696,,19054,,0,0,0,0,16,0,0,0,0,0
2381,بَابَايَا,papaya,known,textbook_scan,textbook_scan,True,,319960,319960,319960,,,,,0,0,0,0,8,0,0,0,0,0
2382,لَوْز,almonds,known,textbook_scan,textbook_scan,True,1318,53140,53140,1318,16318,785,8581,,8,0,0,0,21,0,0,0,0,0
2383,ثُوم,garlic,known,textbook_scan,textbook_scan,True,1470,34129,34129,1470,13692,1144,18266,,3,0,0,0,15,0,0,0,0,0
2384,خَسّ,lettuce,known,textbook_scan,textbook_scan,True,828,99606,99606,828,32519,1309,13953,990,2,0,0,4,17,0,0,0,0,0
2385,لَيْمُون,lemon,known,textbook_scan,textbook_scan,True,1424,42832,42832,1424,10595,1382,9608,,2,0,0,0,15,0,0,0,0,0
2386,بَقْدُونِس,parsley,known,textbook_scan,textbook_scan,True,2476,61384,61384,2476,33190,,37719,,0,0,0,1,21,0,0,0,0,0
2387,كُوسَة,zucchini,known,textbook_scan,textbook_scan,True,4945,96518,96518,4945,,,20496,,0,0,0,0,16,0,0,0,0,0
2388,باذِنْجان,eggplant,known,textbook_scan,textbook_scan,True,2462,78440,78440,2462,42794,,23970,,0,0,0,0,22,0,0,0,0,0
2389,مَلْفوف,wrapped,known,textbook_scan,textbook_scan,True,1704,79216,79216,1704,53033,1414,9675,,2,0,0,0,19,0,0,0,0,0
2390,بامْيا,okra,known,textbook_scan,textbook_scan,True,,276586,276586,276586,,,,,0,0,0,0,11,0,0,0,0,0
2391,كَرْتُون,carton or cardboard,known,textbook_scan,textbook_scan,True,2302,5003,5003,2302,4599,,11992,,0,0,3,0,22,0,0,0,0,0
2392,مَعْجُون,paste,known,textbook_scan,textbook_scan,True,2429,31181,31181,2429,70539,,14655,,0,0,0,0,14,0,0,0,0,0
2393,نَاسَبَ,to suit,known,textbook_scan,textbook_scan,True,943,162860,162860,943,,507,907,,15,0,20,0,38,0,0,0,0,0
2394,الْتَقَى,to meet,known,textbook_scan,textbook_scan,True,281,3809,3809,281,,654,552,453,10,0,12,0,34,1,0,0,1,0
2395,جِينْز,jeans,known,textbook_scan,textbook_scan,True,,33748,33748,33748,33606,,,,0,0,0,0,14,0,0,0,0,0
2396,مَقاس,size,known,textbook_scan,textbook_scan,True,1528,22076,22076,1528,33693,1662,11543,,1,0,0,0,33,0,0,0,0,0
2397,قِياس,measurement,known,textbook_scan,textbook_scan,True,1269,4310,4310,1269,9922,1618,3634,,1,0,0,0,17,1,0,0,1,0
2398,أَسْفَل,bottom,known,textbook_scan,textbook_scan,True,496,3792,3792,496,9912,390,3502,619,21,1,34,0,19,0,0,0,0,0
2399,غامِق,dark,known,textbook_scan,textbook_scan,True,4881,58577,58577,4881,58137,,19814,,0,0,0,0,14,0,0,0,0,0
2400,نَا,us,known,textbook_scan,textbook_scan,True,2441,19332,19332,2441,60111,,21107,,0,0,1,0,7,0,0,0,0,0
2401,نِي,me,known,frequency_core,textbook_scan,True,1053,29580,29580,1053,65005,1688,671,,1,0,4,0,2,1,0,1,0,2
2402,جَوْرَب,socks,known,leech_reintro,textbook_scan,True,2416,145683,145683,2416,,,9863,,0,0,1,6,21,0,0,0,0,0
2403,بِلُوفَر,pullover,known,textbook_scan,textbook_scan,True,2454,86993,86993,2454,82206,,21497,,0,0,0,0,11,0,0,0,0,0
2404,جَاكِت,jacket,known,textbook_scan,textbook_scan,True,4341,94543,94543,4341,79249,,14946,,0,0,0,0,16,0,0,0,0,0
2405,صُدَيْرِيَّة,vest,known,textbook_scan,textbook_scan,True,1745,512367,512367,1745,,1573,16336,,3,2,7,0,12,0,0,0,0,0
2406,قُفَّاز,gloves,known,textbook_scan,textbook_scan,True,1707,122130,122130,1707,,1615,8168,,1,0,0,0,14,0,0,0,0,0
2407,عِقْد,necklace,known,textbook_scan,textbook_scan,True,392,763,763,392,2801,1360,428,648,2,0,5,0,21,0,0,0,0,0
2408,مُجْتَهِدَة,diligent,known,textbook_scan,textbook_scan,True,1548,38921,38921,1548,,1640,10775,,1,0,0,0,17,0,0,0,0,0
2409,إِمَارَة,emirate,known,textbook_scan,textbook_scan,True,1492,6132,6132,1492,9165,,3651,1116,0,0,0,0,14,0,0,0,0,0
2410,بَرَّادَة,refrigerator,known,textbook_scan,textbook_scan,True,2387,27758,27758,2387,,,9545,,0,0,0,0,15,2,1,0,2,0
2411,مَحَطَّة,station,known,textbook_scan,textbook_scan,True,940,1141,1141,940,5142,568,757,,13,0,3,0,39,0,0,0,0,0
2412,مَخْبَز,bakery,known,textbook_scan,textbook_scan,True,1514,35087,35087,1514,64873,1645,9852,,1,0,0,0,21,0,0,0,0,0
2413,خَضْرَاوَات,vegetables,known,textbook_scan,textbook_scan,True,,113238,113238,113238,23321,,,,0,0,0,0,18,0,0,0,0,0
2414,دُكَّان,shop,known,textbook_scan,textbook_scan,True,1255,31631,31631,1255,63346,858,3426,,6,0,0,0,74,1,0,0,1,0
2416,مَبْرُوك,congratulations,known,textbook_scan,textbook_scan,True,2303,5633,5633,2303,81493,,10433,,0,0,0,0,12,0,0,0,0,0
2417,يُبَارِك,to bless,known,textbook_scan,textbook_scan,True,541,4776,4776,541,,842,2567,405,6,0,4,0,10,0,0,0,0,1
2418,جِلْد,to whip,known,textbook_scan,textbook_scan,True,582,11877,11877,582,3344,847,2086,789,6,0,0,0,20,0,0,0,0,0
2419,حِبْر,ink,known,textbook_scan,textbook_scan,True,768,26049,26049,768,14030,1298,5997,980,2,0,0,0,30,0,0,0,0,0
2420,مِسْطَرَة,ruler,known,textbook_scan,textbook_scan,True,2475,44518,44518,2475,37367,,32610,,0,0,0,0,13,0,0,0,0,0
2421,شَاطِر,to share,known,textbook_scan,textbook_scan,True,2278,5125,5125,2278,24267,,8492,,0,0,0,0,16,0,0,0,0,0
2422,عَدَد,count,known,textbook_scan,textbook_scan,True,90,83,83,83,1283,597,49,646,12,0,22,0,40,0,0,0,0,0
2423,تَقْرِيبًا,approximately,known,textbook_scan,textbook_scan,True,992,22267,22267,992,27997,485,1834,,15,0,4,0,23,0,0,0,0,0
2424,مَكْتُوب,written,known,textbook_scan,textbook_scan,True,689,6840,6840,689,13990,891,2847,1317,6,0,2,0,19,0,0,0,0,0
2425,نَشَأَ,to grow up,known,textbook_scan,textbook_scan,True,444,12530,12530,444,53237,1239,2244,335,3,0,10,0,13,0,0,0,0,0
2426,مِيلاد,birth,known,textbook_scan,textbook_scan,True,1021,5423,5423,1021,4048,571,1322,,13,0,0,0,11,0,0,0,0,0
2427,اِنْتَقَلَ,to move,known,textbook_scan,textbook_scan,True,931,428,428,428,,612,1187,,11,0,3,0,13,1,0,0,1,0
2428,عَاشَ,to live,known,textbook_scan,textbook_scan,True,146,7281,7281,146,,69,429,448,82,0,17,0,51,1,0,0,1,0
2429,عَدِيد,many,known,textbook_scan,textbook_scan,True,880,11064,11064,880,324,637,572,,11,0,5,0,16,1,0,0,1,0
2430,كِيمِياء,chemistry,known,textbook_scan,textbook_scan,True,2244,8821,8821,2244,4249,,7197,,0,0,0,0,15,1,0,1,0,1
2431,رَدَّ,to reply; to return,known,frequency_core,textbook_scan,True,132,482,482,132,2137,116,482,216,59,2,17,5,18,0,0,0,0,0
2432,ثَمَانِي,eight,known,textbook_scan,textbook_scan,True,552,9972,9972,552,19219,917,1159,787,5,0,6,0,13,0,0,0,0,0
2433,بِتْرُول,petroleum,known,textbook_scan,textbook_scan,True,2124,23312,23312,2124,4528,,1783,,0,0,0,0,11,0,0,0,0,0
2434,أَعْزَب,single,known,textbook_scan,textbook_scan,True,1450,44219,44219,1450,,1261,8735,,2,0,0,0,18,0,0,0,0,0
2435,رِياضِيّ,mathematics,known,textbook_scan,textbook_scan,True,1057,5128,5128,1057,952,1535,1549,,1,0,0,0,21,0,0,0,0,0
2436,مُسْتَقْبَل,future,known,textbook_scan,textbook_scan,True,517,2652,2652,517,974,1655,601,1305,4,3,20,0,27,0,0,0,0,0
2437,مُتَنَوِّعَة,diverse / various,known,textbook_scan,textbook_scan,True,1199,20062,20062,1199,15412,1637,3906,,1,0,0,0,29,0,0,0,0,0
2438,الْتَحَقَ,to join / enroll,known,textbook_scan,textbook_scan,True,1323,14411,14411,1323,,1264,4733,,2,0,1,6,20,2,1,0,2,0
2439,جَيْش,army,known,textbook_scan,textbook_scan,True,835,2709,2709,835,275,1151,208,,4,1,6,0,31,0,0,0,0,0
2440,قَرَّرَ,to decide,known,textbook_scan,textbook_scan,True,976,2492,2492,976,,640,804,,11,0,3,0,25,0,0,0,0,0
2441,شَاءَ,to want,known,frequency_core,textbook_scan,True,83,1953,1953,83,,238,365,31,33,0,0,4,32,0,0,0,0,0
2442,مُعَيَّنَة,specific,known,book,textbook_scan,True,1234,2219,2219,1234,20030,,1876,843,0,0,3,3,29,0,0,0,0,0
2443,تَحْقيق,achievement,known,textbook_scan,textbook_scan,True,825,505,505,505,1401,616,230,,12,1,2,0,32,0,0,0,0,0
2444,ماضِي,past,known,textbook_scan,textbook_scan,True,583,12467,12467,583,190,306,144,,28,1,11,0,43,0,0,0,0,0
2445,اِسْتَمَعَ,to listen,known,textbook_scan,textbook_scan,True,521,12386,12386,521,,608,2397,394,11,0,26,0,34,0,0,0,0,0
2446,مِكْنَسَة,broom,known,textbook_scan,textbook_scan,True,1723,80229,80229,1723,63806,1412,14901,,2,0,1,0,15,0,0,0,0,0
2447,كَهْرُبائِيَّة,electric,known,textbook_scan,textbook_scan,True,2121,12703,12703,2121,6974,,2750,,0,0,0,0,15,0,0,0,0,0
2448,غَسَلَ,washing,known,textbook_scan,textbook_scan,True,704,5934,5934,704,28375,954,4460,1045,5,0,1,0,21,0,0,0,0,0
2449,دَهَنَ,painting,known,textbook_scan,textbook_scan,True,776,32656,32656,776,41474,1314,8898,1195,2,0,1,1,15,0,0,0,0,0
2450,قَضَى,to spend time,known,textbook_scan,textbook_scan,True,153,6812,6812,153,,208,349,153,37,0,4,0,29,2,1,1,1,1
2451,عاطِفيّ,emotional,known,textbook_scan,textbook_scan,True,1387,36677,36677,1387,15905,1353,8264,,2,0,0,0,22,0,0,0,0,0
2452,طَبِيعَة,nature,known,textbook_scan,textbook_scan,True,994,2918,2918,994,2186,772,848,,8,0,2,0,17,0,0,0,0,0
2453,طَبيعيَّة,natural,known,textbook_scan,textbook_scan,True,1050,3943,3943,1050,1788,1582,946,,1,0,1,0,18,0,0,0,0,0
2454,حَفْلَة,party,known,textbook_scan,textbook_scan,True,1130,9814,9814,1130,22697,925,1735,,5,0,1,0,58,1,0,0,1,0
2455,حَضَرَ,to attend,known,textbook_scan,textbook_scan,True,320,3780,3780,320,37247,268,602,630,30,0,5,0,27,0,0,0,0,0
2456,لَدَى,at / with,known,textbook_scan,textbook_scan,True,651,270,270,270,,357,147,,24,1,6,0,52,0,0,0,0,0
2457,اِخْتِبَار,test,known,textbook_scan,textbook_scan,True,1135,2453,2453,1135,7050,1250,2552,,2,0,0,0,66,1,0,0,1,1
2458,تَأَخَّرَ,to be late,known,textbook_scan,textbook_scan,True,601,5165,5165,601,22050,704,2491,864,9,0,5,0,28,0,0,0,0,0
2459,كُوخ,huts,known,textbook_scan,textbook_scan,True,1152,46114,46114,1152,73312,473,3275,,16,0,1,0,13,0,0,0,0,0
2460,نَاجِح,successful,known,textbook_scan,textbook_scan,True,1299,13267,13267,1299,16681,1421,3859,,2,0,0,0,22,1,0,0,1,0
2461,طَائِر,bird,known,flag_autocreate,flag_autocreate,True,407,5030,5030,407,14568,270,1470,329,33,3,10,0,30,0,0,0,0,0
2462,آنِسَة,"Miss, young woman",known,flag_autocreate,flag_autocreate,True,108,88304,88304,108,36489,142,225,130,52,2,24,0,16,0,0,0,0,0
2463,حُضُور,"attendance, presence",known,flag_autocreate,flag_autocreate,True,1041,1945,1945,1041,3375,749,651,,8,0,7,0,27,0,0,0,0,0
2464,أَلَم,pain,known,flag_autocreate,flag_autocreate,True,337,3215,3215,337,5374,173,631,780,47,4,25,0,70,1,0,0,1,0
2467,مَكْياج,makeup,known,textbook_scan,textbook_scan,True,2297,26265,26265,2297,26564,,13934,,0,0,0,0,10,1,0,0,1,0
2468,مُمِلّة,boring,known,textbook_scan,textbook_scan,True,1221,66512,66512,1221,45714,427,9186,,19,0,4,0,12,0,0,0,0,0
2469,قارِب,boat,known,textbook_scan,textbook_scan,True,1117,15667,15667,1117,19521,725,2321,,9,0,0,0,31,2,0,0,2,0
2470,وَعْد,to promise,known,textbook_scan,textbook_scan,True,52,4906,4906,52,14864,47,668,52,98,2,83,0,38,1,0,0,1,0
2471,خَيْل,horses,known,textbook_scan,textbook_scan,True,446,33820,33820,446,9316,492,1193,460,15,0,3,0,17,0,0,0,0,0
2472,مُثِيرَة,exciting,known,textbook_scan,textbook_scan,True,1148,10363,10363,1148,7884,888,2364,,6,0,2,0,18,0,0,0,0,0
2473,مِينَاء,port,known,textbook_scan,textbook_scan,True,1022,3971,3971,1022,9532,572,1341,,13,0,3,0,22,0,0,0,0,0
2474,رَقَبَة,neck,known,textbook_scan,textbook_scan,True,682,25309,25309,682,10297,1326,3462,562,2,0,4,0,20,0,0,0,0,0
2475,مُؤَخَّرَة,rear or backside,known,textbook_scan,textbook_scan,True,2097,71368,71368,2097,36966,,2407,,0,0,1,0,20,1,0,0,1,0
2476,عَضَلَة,muscle,known,textbook_scan,textbook_scan,True,1380,26480,26480,1380,29540,1589,5696,,1,0,0,0,19,1,0,0,1,0
2477,نَبْضَة,heartbeats,known,textbook_scan,textbook_scan,True,1530,85752,85752,1530,,1680,11795,,1,0,0,0,13,0,0,0,0,0
2478,أَغْزَر,more abundant,known,textbook_scan,textbook_scan,True,,143201,143201,143201,,,,,0,0,0,0,17,1,1,0,1,0
2479,أَسْمَر,brunette,known,textbook_scan,textbook_scan,True,747,37009,37009,747,15585,1114,4035,1100,3,0,0,0,15,0,0,0,0,0
2480,وَصْف,description,known,flag_autocreate,flag_autocreate,True,576,2673,2673,576,10015,650,703,1349,11,0,2,0,24,0,0,0,0,0
2481,نَمَا,to grow,known,flag_autocreate,flag_autocreate,True,1754,32045,32045,1754,,1092,1149,,4,0,9,4,19,1,1,1,0,0
2482,مَوْعِد,appointment,known,textbook_scan,textbook_scan,True,362,1591,1591,362,7188,539,754,474,14,0,4,0,72,0,0,0,0,0
2483,مَوَاعِد,appointments,known,textbook_scan,textbook_scan,True,,263417,263417,263417,,,,,0,0,0,0,14,0,0,0,0,0
2484,عِيَادَة,clinics,known,textbook_scan,textbook_scan,True,2178,2279,2279,2178,9892,,5038,,0,0,0,0,28,0,0,0,0,0
2485,حُمَّى,fever,known,textbook_scan,textbook_scan,True,622,18983,18983,622,20967,927,2303,877,5,0,4,0,26,1,0,0,1,0
2486,عَرَض,symptoms,known,textbook_scan,textbook_scan,True,184,362,362,184,1484,340,618,166,24,0,16,0,24,0,0,0,0,0
2487,اِلْتِهَاب,inflammation,known,textbook_scan,textbook_scan,True,1337,4268,4268,1337,17790,1453,7456,,1,0,0,0,21,0,0,0,0,0
2488,حَنْجَرَة,throat,known,textbook_scan,textbook_scan,True,1623,570611,570611,1623,40752,,7969,984,0,0,0,0,23,2,0,0,2,0
2489,غَثَيَان,nausea,known,textbook_scan,textbook_scan,True,2448,80052,80052,2448,34981,,19816,,1,1,2,0,21,0,0,0,0,0
2490,مُرْهَق,exhausted,known,textbook_scan,textbook_scan,True,1721,69212,69212,1721,,1398,14614,,2,0,0,0,16,0,0,0,0,0
2491,صَيْدَلِيَّة,pharmacy,known,textbook_scan,textbook_scan,True,2274,10628,10628,2274,26844,,5356,,0,0,0,0,11,0,0,0,0,0
2492,اِسْتَرَاحَ,to rest,known,textbook_scan,textbook_scan,True,1149,97724,97724,1149,,607,2242,,11,0,2,0,18,0,0,0,0,0
2493,أَرْهَق,to exhaust,known,textbook_scan,textbook_scan,True,741,112908,112908,741,,1107,7753,585,3,0,5,1,25,2,0,2,0,2
2494,صِحِّيّ,healthy,known,textbook_scan,textbook_scan,True,972,6244,6244,972,1658,770,1050,,8,0,0,0,22,0,0,0,0,0
2495,نَجَاح,success,known,textbook_scan,textbook_scan,True,1036,1960,1960,1036,1864,1424,723,,2,0,3,0,69,0,0,0,0,0
2496,تَوْفِيق,success,known,textbook_scan,textbook_scan,True,1367,4688,4688,1367,5625,,2185,965,0,0,2,0,19,3,1,0,3,0
2497,حَظّ,luck,known,textbook_scan,textbook_scan,True,328,14721,14721,328,5919,188,1153,631,36,0,9,0,22,0,0,0,0,0
2498,فَحَصَ,examination,known,textbook_scan,textbook_scan,True,1172,3611,3611,1172,4796,1213,2557,,4,1,4,0,44,1,1,0,1,0
2499,اِتَّصَلَ,to contact,lapsed,textbook_scan,textbook_scan,True,881,246,246,246,,987,486,,4,0,0,1,40,3,2,2,1,0
2501,أَمْر,matter/affair,known,mapping_correction,mapping_correction,True,535,601,601,535,192,655,,38,17,7,105,0,36,0,0,0,0,0
2502,تَصْنِيف,classification,known,textbook_scan,textbook_scan,True,2183,3236,3236,2183,5333,,4100,,0,0,0,0,38,1,0,0,1,0
2503,حَاسَّة,senses,known,textbook_scan,textbook_scan,True,2263,31454,31454,2263,89999,,3246,,0,0,0,0,16,0,0,0,0,0
2504,خُصُوصِيَّة,characteristic; particularity,known,textbook_scan,textbook_scan,True,1252,45827,45827,1252,2441,1510,4968,,1,0,2,0,11,1,1,0,1,0
2505,بَصَر,sight,known,frequency_core,textbook_scan,True,218,40902,40902,218,539,484,1365,106,15,0,11,2,31,1,0,1,0,1
2506,ذَوْق,taste,known,leech_reintro,textbook_scan,True,1356,23776,23776,1356,19042,1530,3492,,1,0,0,1,17,0,0,0,0,0
2507,بُكاء,crying,known,textbook_scan,textbook_scan,True,1015,20623,20623,1015,13898,516,916,,14,0,1,0,23,0,0,0,0,0
2508,شَكْل,shapes,known,textbook_scan,textbook_scan,True,197,839,839,197,2986,417,242,1243,20,1,73,0,28,0,0,0,0,0
2509,ضَوْء,lights,known,textbook_scan,textbook_scan,True,1000,2346,2346,1000,2030,681,1087,,10,0,19,0,51,1,0,0,1,0
2510,بِيئَة,environment,known,textbook_scan,textbook_scan,True,2024,3521,3521,2024,1241,,1634,,0,0,0,0,24,0,0,0,0,0
2511,ذَاقَ,to taste (present),known,textbook_scan,textbook_scan,True,545,55137,55137,545,,1526,3296,155,1,0,6,0,35,0,0,0,0,0
2512,أَحَسَّ,to feel,known,textbook_scan,textbook_scan,True,399,547437,547437,399,,521,760,395,14,0,38,0,16,0,0,0,0,0
2513,نَاعِم,smooth,known,textbook_scan,textbook_scan,True,766,17682,17682,766,20979,1235,4067,1331,3,0,1,0,15,0,0,0,0,0
2514,خَشِن,to be rough,known,textbook_scan,textbook_scan,True,1392,52193,52193,1392,45987,1310,5296,,2,0,2,0,17,0,0,0,0,0
2515,وَجَع,pain,suspended,textbook_scan,textbook_scan,False,1350,26466,26466,1350,33953,983,5975,,5,0,0,1,30,0,0,0,0,0
2516,حَاجِب,eyebrow,known,leech_reintro,textbook_scan,True,1238,140498,140498,1238,26514,1434,1829,,1,0,3,2,26,0,0,0,0,0
2517,خَدّ,cheeks,known,textbook_scan,textbook_scan,True,1524,40941,40941,1524,68883,,1985,1181,0,0,1,0,25,1,0,1,0,1
2518,قِرْد,monkey,known,textbook_scan,textbook_scan,True,626,46425,46425,626,35879,314,6958,909,26,0,1,0,24,0,0,0,0,0
2519,أَكَلَ,to eat,known,mapping_correction,mapping_correction,True,411,6159,6159,411,5222,464,8491,90,40,0,6,0,74,0,0,0,0,0
2520,مَطْلُوب,required,known,mapping_correction,mapping_correction,True,1328,3588,3588,1328,2509,1407,1436,1310,2,0,0,0,34,2,0,0,2,0
2521,أَعْجَبَ,"to please, to impress",known,mapping_correction,mapping_correction,True,578,25391,25391,578,,514,1266,496,14,0,8,0,34,0,0,0,0,0
2522,عَالٍ,high,known,mapping_correction,mapping_correction,True,228,7987,7987,228,16469,129,677,419,55,1,37,0,46,1,0,0,1,0
2523,شَمّ,smelling/smell,known,mapping_correction,mapping_correction,True,1986,33645,33645,1986,57032,1033,5752,,4,0,0,1,16,1,0,1,0,0
2524,اِرْتِدَاء,wearing,known,mapping_correction,mapping_correction,True,1907,7321,7321,1907,92039,900,6391,,5,0,0,0,6,0,0,0,0,0
2526,طَوَال,"during, throughout",known,mapping_correction,mapping_correction,True,1673,2147,2147,1673,42608,261,2267,,32,1,14,0,33,0,0,0,0,0
2528,نَصَحَ,to advise,known,mapping_correction,mapping_correction,True,618,25986,25986,618,22819,540,2479,715,14,0,4,0,26,0,0,0,0,0
2530,فَرَدَ,to spread/unfold,known,mapping_correction,mapping_correction,True,435,4419,4419,435,3932,405,740,762,25,5,68,3,18,0,0,0,0,0
2531,مَدَنِيّ,civil,known,mapping_correction,mapping_correction,True,2500,5491,5491,2500,1147,,930,,0,0,0,0,12,0,0,0,0,0
2533,أَعَدَّ,to prepare,acquiring,mapping_correction,mapping_correction,True,494,9114,9114,494,,698,683,359,9,0,4,1,35,3,2,3,0,2
2534,رَاجَعَ,to review,known,mapping_correction,mapping_correction,True,1815,9996,9996,1815,,1319,2366,,2,0,0,2,28,0,0,0,0,0
2535,اِبْتَسَمَ,to smile,known,mapping_correction,mapping_correction,True,971,25856,25856,971,,256,587,,32,1,34,0,37,0,0,0,0,0
2536,تَحَدَّثَ,to talk,known,mapping_correction,mapping_correction,True,174,1570,1570,174,8594,61,397,866,93,6,42,0,38,3,1,1,2,0
2537,زِيَارَة,visit,known,mapping_correction,mapping_correction,True,858,776,776,776,2553,350,248,,23,0,3,0,47,1,1,0,1,0
2538,فَشَل,failure,known,mapping_correction,mapping_correction,True,696,2516,2516,696,6942,1602,1274,828,1,0,1,0,28,1,0,1,0,0
2539,أَرُزّ,rice,known,mapping_correction,mapping_correction,True,,13193,13193,13193,6249,,,,0,0,0,0,14,0,0,0,0,0
2540,مُؤْمِن,believer,known,story_import,manual_fix,True,203,9395,9395,203,6041,1626,819,32,1,0,0,0,28,0,0,0,0,0
2541,قَانِت,devout; obedient one,known,story_import,manual_fix,True,2655,202112,202112,2655,,,,513,0,0,0,0,24,2,1,0,2,0
2542,صَادِق,truthful one; sincere person,known,story_import,manual_fix,True,319,5607,5607,319,4148,241,1741,161,33,0,1,0,31,0,0,0,0,1
2543,صَابِر,patient one; steadfast person,known,story_import,manual_fix,True,1533,13414,13414,1533,61422,,5658,342,0,0,0,0,22,0,0,0,0,0
2544,خَاشِع,humble one; reverent person,known,story_import,manual_fix,True,1620,95133,95133,1620,,,8638,445,0,0,0,1,27,1,0,1,0,1
2545,مُتَصَدِّق,charitable one; alms-giver,known,story_import,manual_fix,True,2032,295675,295675,2032,,,20297,919,0,0,0,0,18,5,0,2,3,0
2546,صَائِم,fasting one; person who fasts,known,story_import,manual_fix,True,2185,29293,29293,2185,20034,,14108,1246,0,0,0,0,17,0,0,0,0,0
2547,حَافِظ,guardian; protector; one who preserves,known,collateral,manual_fix,True,1651,4811,4811,1651,7256,1297,,457,2,0,0,0,14,1,0,0,1,0
2548,ذَاكِر,mindful one; one who remembers God,known,story_import,manual_fix,True,822,64110,64110,822,,1164,7850,999,4,1,5,0,12,0,0,0,0,0
2549,جِدّ,"seriousness, earnestness, diligence",known,collateral,manual_fix,True,2171,7053,7053,2171,11354,920,,1159,5,0,0,0,20,1,0,0,1,0
2550,شِفاء,recovery,known,textbook_scan,textbook_scan,True,668,13239,13239,668,6469,1191,2482,808,3,0,1,0,20,0,0,0,0,0
2551,حَدَثَ,to happen,known,textbook_scan,textbook_scan,True,361,1017,1017,361,2974,42,274,,105,3,59,0,26,0,0,0,0,0
2552,لَزْقَة,plaster,known,textbook_scan,textbook_scan,True,4430,180444,180444,4430,,,15651,,0,0,0,0,13,0,0,0,0,0
2553,بَخَّاخ,spray,known,textbook_scan,textbook_scan,True,2434,15569,15569,2434,99870,,22601,,0,0,0,0,8,0,0,0,0,0
2554,سَعَلَ,to cough,known,textbook_scan,textbook_scan,True,1473,307104,307104,1473,,1337,9096,,2,0,0,1,31,1,0,1,0,1
2555,عَطَسَ,to sneeze,known,textbook_scan,textbook_scan,True,4282,89971,89971,4282,89327,,14478,,0,0,1,0,26,0,0,0,0,0
2556,صَلِيب,the cross,known,textbook_scan,textbook_scan,True,1189,41929,41929,1189,8861,1040,2469,,4,0,0,0,16,0,0,0,0,0
2557,هِلال,the crescent,known,textbook_scan,textbook_scan,True,683,5318,5318,683,2054,1095,3560,1345,4,0,0,0,19,2,0,0,2,0
2558,قَعَدَ,to sit,known,textbook_scan,textbook_scan,True,656,49077,49077,656,,1614,2615,348,1,0,0,0,20,0,0,0,0,0
2559,رَكَّزَ,to focus,known,frequency_core,textbook_scan,True,699,15513,15513,699,,1534,2373,1210,1,0,1,6,18,0,0,0,0,0
2560,مُدَرِّب,coach,known,textbook_scan,textbook_scan,True,2004,2753,2753,2004,2487,,1039,,0,0,0,0,25,0,0,0,0,0
2561,كَثْرَة,abundance,known,textbook_scan,textbook_scan,True,634,4864,4864,634,45102,1063,1612,1057,4,0,1,0,12,0,0,0,0,0
2562,دَخَّنَ,to smoke,known,textbook_scan,textbook_scan,True,1278,135853,135853,1278,,1516,3904,,1,0,4,3,17,1,0,1,0,1
2563,زَادَ,to increase,known,textbook_scan,textbook_scan,True,135,3625,3625,135,45132,194,269,181,40,1,24,1,41,1,0,0,1,0
2564,سَهِرَ,to stay up,known,textbook_scan,textbook_scan,True,732,31084,31084,732,24384,865,4852,1235,6,0,1,0,19,0,0,0,0,0
2565,حَسَاسِيَّة,allergy,known,textbook_scan,textbook_scan,True,2332,615245,615245,2332,6257,,13015,,0,0,0,0,14,0,0,0,0,0
2566,إِسْعَاف,first aid,known,textbook_scan,textbook_scan,True,2164,9482,9482,2164,9044,,2116,,0,0,0,0,16,0,0,0,0,0
2567,اِشْتَغَلَ,to work,known,textbook_scan,textbook_scan,True,1236,26270,26270,1236,,1256,1887,,2,0,1,0,28,1,0,1,0,1
2568,خَفَّفَ,to reduce,known,textbook_scan,textbook_scan,True,616,33577,33577,616,,1158,2276,558,3,0,0,0,18,0,0,0,0,0
2569,أَصَابَ,to hit,known,textbook_scan,textbook_scan,True,143,9515,9515,143,,249,314,100,32,0,21,1,55,5,2,2,3,2
2570,رِبْطَة,tie,known,textbook_scan,textbook_scan,True,605,5021,5021,605,,805,2033,886,7,0,2,0,14,0,0,0,0,0
2571,مَمَرّ,corridor,known,textbook_scan,textbook_scan,True,1385,19932,19932,1385,19899,1672,3806,,1,0,13,0,19,2,0,0,2,0
2572,طَقْم,set,known,textbook_scan,textbook_scan,True,1257,23806,23806,1257,81460,1203,3980,,3,0,2,0,20,1,0,0,1,0
2573,تَأْكِيد,confirmation,known,textbook_scan,textbook_scan,True,944,3836,3836,944,5473,301,1127,,27,0,12,0,36,0,0,0,0,0
2574,مُفِيد,useful,known,textbook_scan,textbook_scan,True,1203,7516,7516,1203,12843,1411,2561,,3,1,3,0,31,0,0,0,0,0
2575,اِسْتَخْدَمَ,to use,known,textbook_scan,textbook_scan,True,864,4777,4777,864,,410,747,,19,0,3,0,63,0,0,0,0,0
2576,زَالَ,to cease,known,frequency_core,textbook_scan,True,126,3311,3311,126,,139,112,447,55,4,40,8,37,1,0,1,0,0
2577,جَمِيع,all,known,textbook_scan,textbook_scan,True,43,79,79,43,674,74,88,183,79,2,93,0,42,0,0,0,0,0
2580,حَيّ,alive,known,textbook_scan,story_import,True,103,1291,1291,103,3077,123,541,44,55,0,41,1,18,0,0,0,0,0
2581,مِفْتاح,key,known,book,book,True,1771,4166,4166,1771,14296,691,1962,,10,0,0,0,26,0,0,0,0,0
2582,غَلَب,to defeat,learning,frequency_core,book,True,448,27519,27519,448,,531,1301,281,15,1,15,2,26,1,1,0,1,0
2583,حِينَذاك,at that time,known,book,book,True,4328,29573,29573,4328,,,6938,,0,0,0,0,12,0,0,0,0,0
2584,نَقْرَؤُه,we read it,,,story_import,False,,171919,171919,171919,,,,,0,0,0,,,0,0,0,0,0
2585,خاطِئ,wrong,known,book,book,True,795,15509,15509,795,22996,1305,3819,985,2,0,1,0,15,0,0,0,0,0
2586,إِجْراء,procedure,known,book,book,True,1864,894,894,894,6147,,382,,0,0,1,2,37,1,0,0,1,0
2587,تَجْرِبَة,experiment,known,book,book,True,1054,1341,1341,1054,3056,746,868,,8,0,0,0,47,4,0,1,3,0
2588,تَأَكُّد,verification,known,book,book,True,1761,4898,4898,1761,3060,547,2976,,14,1,4,0,19,0,0,0,0,0
2589,قارُورَة,bottle,known,book,book,True,4502,37096,37096,4502,93427,,6993,,0,0,0,0,16,0,0,0,0,0
2590,أَداة,tool,known,textbook_scan,story_import,True,1781,4718,4718,1781,15658,1105,1896,,3,0,1,2,34,2,0,0,2,0
2591,تَجْرِبَه,experiment,,,story_import,False,,31284,31284,31284,84285,,,,0,0,0,,,0,0,0,0,0
2592,تَفاعُل,interaction,known,book,book,True,3067,11540,11540,3067,7048,,4229,,0,0,0,0,20,0,0,0,0,0
2593,مُغِمّ,distressing,known,book,book,True,,277212,277212,277212,,,,,0,0,0,3,15,0,0,0,0,0
2594,إِنْقاذ,rescue,known,book,book,True,1124,5095,5095,1124,4853,795,878,,7,0,2,0,25,0,0,0,0,0
2595,عالَج,to treat,known,book,book,True,1820,40463,40463,1820,,1045,2384,,4,0,0,0,19,0,0,0,0,0
2596,صَنَّع,to manufacture,known,book,book,True,296,3159,3159,296,9605,160,827,390,47,0,5,0,28,0,0,0,0,0
2597,مَطْحُونَة,ground,known,book,book,True,,403699,403699,403699,87571,,,,0,0,0,0,10,0,0,0,0,0
2598,مَغْلِيّ,boiled,known,book,book,True,,38327,38327,38327,38706,,,,0,0,0,0,10,0,0,0,0,0
2599,شَفَى,to heal,known,book,book,True,757,107708,107708,757,,815,2515,901,7,0,0,0,25,0,0,0,0,0
2600,حِذْر,caution,known,book,book,True,551,5952,5952,551,8217,799,1095,369,8,1,8,1,46,0,0,0,0,0
2601,مُقْبِلَة,next,known,book,book,True,,132994,132994,132994,1090,,,,0,0,0,0,6,0,0,0,0,0
2602,وَحَّد,to unify,known,book,book,True,376,28552,28552,376,,389,496,717,23,2,13,0,24,0,0,0,0,0
2603,صِناعَة,industry,known,book,book,True,1696,1273,1273,1273,2771,1197,632,,3,0,0,0,22,0,0,0,0,0
2604,واظَب,to persevere,known,book,book,True,,110360,110360,110360,,,,,0,0,0,0,41,0,0,0,0,0
2605,مُلاحَظَة,note,known,book,book,True,1848,4204,4204,1848,17417,1229,2666,,3,0,3,0,27,1,1,0,1,0
2606,قارَن,to compare,lapsed,book,book,True,1783,27979,27979,1783,,1368,1675,,2,0,1,0,25,0,0,0,0,0
2607,سَرِيرِيَّة,clinical,known,book,book,True,,382823,382823,382823,22640,,,,0,0,0,0,11,0,0,0,0,0
2608,مُتَشابِه,similar,known,book,book,True,853,74686,74686,853,66074,1636,7181,711,1,0,1,0,22,0,0,0,0,0
2609,سَجَّل,to record,known,book,book,True,1193,1472,1472,1193,12262,1543,649,1227,1,0,4,0,25,1,0,0,1,0
2610,فِرْقَة,group,known,textbook_scan,story_import,True,402,3231,3231,402,3083,600,869,267,12,0,2,0,20,0,0,0,0,0
2611,جُدَرِيّ,smallpox,known,book,book,True,,74192,74192,74192,74270,,,,0,0,0,0,12,0,0,0,0,0
2612,حصبه,measles,acquiring,book,book,True,,890250,890250,890250,,,,,0,0,0,2,13,5,1,0,5,0
2613,اِنْبَغَى,to befit,known,book,book,True,1684,569368,569368,1684,,575,1012,,14,2,14,0,15,0,0,0,0,0
2614,اِكْتِشاف,discovery,known,book,book,True,1840,3525,3525,1840,21962,1263,2485,,2,0,0,0,24,0,0,0,0,0
2615,ذَاعَ,to spread,lapsed,book,book,True,2050,50946,50946,2050,,1315,8451,,2,0,1,7,22,3,2,0,3,0
2617,آنَذاك,at that time,known,book,book,True,1874,4225,4225,1874,,994,4778,,4,0,5,0,11,0,0,0,0,0
2618,بِناء,building,known,book,book,True,393,448,448,393,1536,745,385,861,8,0,13,0,65,0,0,0,0,0
2619,مُتَطَوِّر,advanced,known,book,book,True,3154,13929,13929,3154,31530,,4753,,0,0,0,1,23,0,0,0,0,0
2620,اِسْتِدْعاء,summoning,known,book,book,True,1925,9967,9967,1925,45822,1110,4451,,3,0,0,4,17,0,0,0,0,0
2621,أَنْسَب,most suitable,known,book,book,True,2030,32003,32003,2030,17169,1460,7857,,1,0,2,0,16,0,0,0,0,0
2623,مُعَرَّض,exposed,known,book,book,True,538,849,849,538,2829,1410,1278,392,2,0,0,0,16,1,0,1,0,1
2624,أَشَعّ,to radiate,known,study,story_import,True,1935,301161,301161,1935,,794,9883,,7,0,5,0,14,0,0,0,0,0
2625,هَواء,air,known,book,book,True,519,14825,14825,519,2260,605,1189,520,13,1,11,0,28,0,0,0,0,0
2626,نَقِيّ,pure,known,leech_reintro,story_import,True,1957,21877,21877,1957,21884,1243,3939,,3,0,1,1,19,0,0,0,0,0
2628,خَطَر,to occur,lapsed,book,book,True,879,2032,2032,879,4618,215,418,,37,1,21,0,22,1,1,1,0,1
2629,صَمَد,to withstand,known,book,book,True,1523,51187,51187,1523,9911,1196,5796,1254,3,0,1,1,22,0,0,0,0,0
2630,مَقْسَم,switchboard,known,book,book,True,1610,27018,27018,1610,78611,1664,9435,1316,1,0,0,2,14,1,0,0,1,2
2631,جَناح,wing,known,book,book,True,471,5274,5274,471,7609,520,1349,270,14,0,0,0,18,0,0,0,0,0
2632,مُنْفَصِل,separate,known,book,book,True,1969,14076,14076,1969,81146,1419,4562,,2,0,0,1,14,0,0,0,0,0
2633,صالَة,hall,known,book,book,True,2936,5600,5600,2936,18197,,3875,,0,0,0,0,24,0,0,0,0,0
2634,مَزارِع,farms,known,book,book,True,1711,8392,8392,1711,11418,226,5247,,35,0,0,1,20,0,0,0,0,0
2635,زِراعَة,agriculture,known,book,book,True,2589,1256,1256,1256,2195,,2088,,0,0,0,0,19,0,0,0,0,0
2636,تَحْضِير,preparation,known,book,book,True,2747,2319,2319,2319,5394,,3282,,0,0,0,0,18,3,2,0,3,0
2637,صَرْح,edifice,known,book,book,True,1320,2972,2972,1320,15101,,904,811,0,0,3,0,27,2,0,1,1,0
2638,بَشَرِيَّة,humanity,known,book,book,True,1917,6046,6046,1917,1088,1468,13202,,1,0,4,0,14,0,0,0,0,0
2639,راوِي,narrator,known,collateral,story_import,True,1972,79312,79312,1972,14003,1172,5986,,3,0,0,0,8,0,0,0,0,0
2640,رَوَى,to narrate,known,book,book,True,1724,6901,6901,1724,,629,1494,,11,0,1,0,17,1,0,1,0,1
2641,قَصَص,stories,known,book,book,True,653,688,688,653,751,729,7235,702,9,0,3,0,10,0,0,0,0,0
2642,قاعَة,hall,known,book,book,True,1075,1710,1710,1075,8349,880,764,,8,2,25,0,44,1,0,0,1,0
2643,زَرَع,to plant,known,book,book,True,596,2537,2537,596,25994,555,3847,461,13,0,0,0,22,1,0,0,1,0
2644,حَثّ,to urge,suspended,book,book,False,1921,12918,12918,1921,46758,1299,3058,,2,0,0,3,15,1,1,0,1,0
2645,مُعالَجَة,treatment,known,book,book,True,2615,2115,2115,2115,8081,,1858,,0,0,1,0,19,0,0,0,0,0
2646,فَقِير,poor person,known,book,book,True,563,20739,20739,563,14430,451,1970,492,18,1,6,0,28,0,0,0,0,0
2647,مَجَّانًا,free of charge,known,book,book,True,,1467,1467,1467,,,,,0,0,0,0,16,0,0,0,0,0
2648,اِبْتِعاد,avoidance,known,textbook_scan,story_import,True,1884,27724,27724,1884,10412,1099,3757,,3,0,0,1,13,2,1,2,0,0
2649,غُرُور,vanity,known,book,book,True,794,49548,49548,794,28970,1595,3778,490,1,0,0,0,16,0,0,0,0,0
2650,رِقَّة,delicacy,suspended,book,book,False,1895,41310,41310,1895,8435,1174,3252,,3,0,0,3,14,0,0,0,0,0
2653,أَجْرَب,mangy,known,textbook_scan,story_import,True,2029,63314,63314,2029,,899,16256,,5,0,0,1,12,1,0,0,1,1
2654,أُسْلُوب,style,known,book,book,True,1744,3853,3853,1744,7071,834,1090,,6,0,0,0,28,0,0,0,0,0
2656,عَذَّب,to torture,known,book,book,True,514,5908,5908,514,31702,720,2474,192,9,0,0,0,5,0,0,0,0,0
2657,تارَك,to abandon,known,book,book,True,834,52672,52672,834,,1474,4130,865,1,0,0,0,8,1,1,1,0,0
2658,صَيَّح,to shout,known,textbook_scan,story_import,True,386,287347,287347,386,,145,2052,463,51,1,12,0,18,1,0,0,1,0
2659,غَيَّظ,to anger,known,book,book,True,907,101114,101114,907,56632,1053,1734,535,4,0,1,0,11,2,1,2,0,1
2660,راوَد,to entice,acquiring,frequency_core,book,True,1001,124214,124214,1001,,1320,8228,595,2,0,0,4,13,1,1,1,0,1
2661,راقَب,to monitor,known,book,book,True,1665,56730,56730,1665,,223,1503,,36,1,14,5,21,2,1,0,2,0
2663,تَحَرَّى,to investigate,acquiring,leech_reintro,story_import,True,1162,103831,103831,1162,,434,1283,1138,19,1,16,2,18,2,1,1,1,1
2664,خُفّ,slipper,known,textbook_scan,story_import,True,786,51603,51603,786,91464,1157,3037,797,3,0,6,0,15,0,0,0,0,0
2665,ذَابَ,to melt,known,book,book,True,833,80969,80969,833,,1525,4992,635,1,0,1,3,13,0,0,0,0,0
2666,ضَرَر,harm,known,book,book,True,1196,10476,10476,1196,7300,1577,2044,1258,1,0,5,0,34,3,0,1,2,0
2667,مِعاء,intestine,,,story_import,False,2172,360801,360801,2172,,,13927,1311,0,0,0,,,0,0,0,0,0
2668,كَنِز,treasure,known,book,book,True,637,13195,13195,637,27085,455,2944,575,17,0,1,0,19,0,0,0,0,0
2669,طالَما,as long as,known,book,book,True,1765,4319,4319,1765,,717,1755,,9,0,2,0,11,2,1,2,0,2
2670,عانَى,to suffer,lapsed,book,book,True,1714,15851,15851,1714,,718,1020,,9,0,2,0,17,2,2,0,2,0
2671,أَغْلَق,to close,known,book,book,True,1683,13132,13132,1683,,307,1499,,29,3,5,0,37,1,0,0,1,0
2672,جُرْح,wound,known,book,book,True,593,11108,11108,593,13217,667,858,972,10,0,0,2,30,1,0,0,1,0
2673,خَيْط,thread,known,frequency_core,book,True,798,28542,28542,798,21652,1019,3230,993,4,0,3,0,25,0,0,0,0,0
2674,جِرَاحَة,surgery,known,book,book,True,3224,,3631,3224,5772,,8187,,0,0,0,0,20,0,0,0,0,0
2675,سابِق,previous,known,book,book,True,239,1778,1778,239,382,495,180,563,15,0,10,0,24,1,0,0,1,0
2676,عُضْو,organ,acquiring,frequency_core,book,True,890,672,672,672,641,1590,261,,1,0,7,1,20,0,0,0,0,0
2677,إِيقاف,stopping,known,book,book,True,1890,4295,4295,1890,23671,1464,3033,,1,0,5,0,12,0,0,0,0,0
2678,نَزِيف,bleeding,encountered,book,book,False,3890,9843,9843,3890,26328,,8565,,0,0,0,0,0,0,0,0,0,0
2679,إِغْلاق,closing,known,book,book,True,2682,2585,2585,2585,10827,,2270,,0,0,1,0,18,0,0,0,0,0
2680,جَمَّع,to collect,known,book,book,True,219,1651,1651,219,6912,278,824,141,29,0,5,0,32,0,0,0,0,0
2681,ضارّ,harmful,known,study,story_import,True,720,30432,30432,720,36036,946,6544,343,6,1,6,0,12,1,0,0,1,0
2682,نَتِيجَة,result,known,book,book,True,920,524,524,524,3014,977,263,,5,0,4,0,38,0,0,0,0,0
2683,حَمَّل,to load,known,book,book,True,102,2790,2790,102,1435,91,234,171,65,1,17,0,17,0,0,0,0,0
2684,مَصْنُوع,made,known,book,book,True,3187,21887,21887,3187,28428,,4028,,0,0,9,0,20,2,1,1,1,0
2685,شَرْح,explanation,known,book,book,True,631,1206,1206,631,9608,767,2708,751,9,1,5,3,22,1,0,0,1,0
2686,مَفْصِل,joint,,,story_import,False,2126,11652,11652,2126,26824,,7243,1076,0,0,0,,,0,0,0,0,0
2687,دَلِيل,guide,known,book,book,True,452,831,831,452,5745,397,794,1193,20,0,3,0,18,4,0,0,4,0
2691,بَقّ,bug,known,textbook_scan,story_import,True,589,28194,28194,589,19920,266,9459,723,30,0,18,0,11,0,0,0,0,0
2693,اِسْتَفاد,to benefit,known,leech_reintro,story_import,True,1805,15375,15375,1805,,1254,2072,,2,0,1,2,16,0,0,0,0,0
2694,حاوِي,container,encountered,book,book,False,4418,46431,46431,4418,59817,,8202,,0,0,0,0,0,0,0,0,0,0
2695,مِئَة,hundred,known,book,book,True,1658,5182,5182,1658,1219,1221,226,,3,0,1,0,9,0,0,0,0,0
2697,ضَاعَ,to be lost,suspended,book,book,False,1791,24392,24392,1791,,716,2251,,10,1,7,4,47,0,0,0,0,0
2699,دَمَّر,to destroy,known,book,book,True,711,18190,18190,711,,1162,2671,527,3,0,1,0,19,0,0,0,0,0
2700,أَضاء,to illuminate,known,book,book,True,726,42336,42336,726,,652,3399,853,10,0,13,0,46,3,1,0,3,0
2701,عِبَارَه,phrase,encountered,collateral,story_import,False,2465,,29149,2465,,1208,,,3,0,1,0,0,0,0,0,0,0
2702,اِرْتَبَط,to be connected,suspended,frequency_core,book,False,1798,18975,18975,1798,,1436,2167,,2,1,9,2,16,0,0,0,0,0
2705,أَساس,basis,known,book,book,True,577,1366,1366,577,2702,1108,795,851,3,0,2,0,20,0,0,0,0,0
2706,اِعْتَمَد,to rely,known,book,book,True,1730,8624,8624,1730,,836,1063,,6,0,3,4,18,4,1,3,1,0
2707,إِيَاب,return,known,textbook_scan,textbook_scan,True,1539,17148,17148,1539,16465,,3153,1121,0,0,0,0,11,0,0,0,0,0
2708,جُنَيْه,pound,known,textbook_scan,textbook_scan,True,903,583,583,583,2439,621,595,,11,0,5,0,9,0,0,0,0,0
2709,رَصِيف,platform,known,textbook_scan,textbook_scan,True,2243,14515,14515,2243,23129,,3656,,0,0,0,0,18,0,0,0,0,0
2710,عَفْو,you're welcome,known,textbook_scan,textbook_scan,True,569,23810,23810,569,6018,1047,1336,647,4,0,1,0,8,1,1,0,1,0
2711,تَأْشِيرَة,visa,known,textbook_scan,textbook_scan,True,2221,153276,153276,2221,22433,,4576,,0,0,0,0,30,0,0,0,0,0
2712,سِفَارَة,embassy,known,textbook_scan,textbook_scan,True,1133,8557,8557,1133,2659,1546,1616,,1,0,0,0,55,0,0,0,0,0
2713,مَقْعَد,seat,known,textbook_scan,textbook_scan,True,468,7916,7916,468,16816,537,778,844,14,0,7,0,31,0,0,0,0,0
2714,شَرْق,the East,known,textbook_scan,textbook_scan,True,837,971,971,837,518,1190,154,,3,0,0,0,10,0,0,0,0,0
2715,إِمْكَانِيَّة,possibility,known,textbook_scan,textbook_scan,True,1108,1766,1766,1108,49363,1457,1439,,2,1,8,0,20,0,0,0,0,0
2716,مُتَاح,available,suspended,textbook_scan,textbook_scan,False,2165,5841,5841,2165,25114,,3110,,0,0,2,1,27,0,0,0,0,0
2717,غَادَرَ,to leave,known,textbook_scan,textbook_scan,True,509,7454,7454,509,60406,450,1245,1041,17,0,3,0,26,1,0,0,1,0
2718,حَجَزَ,booking,known,textbook_scan,textbook_scan,True,1258,4027,4027,1258,2643,1500,5139,,1,0,1,0,28,0,0,0,0,0
2719,جَوَاز,passport,known,textbook_scan,textbook_scan,True,1296,6813,6813,1296,28399,1497,3743,,1,0,0,0,22,0,0,0,0,0
2720,دِينَار,dinar,known,textbook_scan,textbook_scan,True,389,909,909,389,3370,326,1183,1199,25,0,0,0,23,0,0,0,0,0
2721,شَكَّ,doubt,known,textbook_scan,textbook_scan,True,190,2261,2261,190,9304,127,436,434,55,1,6,0,32,0,0,0,0,0
2722,اِئْتِمَان,credit,known,textbook_scan,textbook_scan,True,2290,30612,30612,2290,11215,,6058,,0,0,0,0,18,1,0,0,1,0
2723,جَزِيل,abundant,lapsed,textbook_scan,textbook_scan,True,1420,124690,124690,1420,30101,1293,6896,,2,0,3,0,17,1,1,0,1,0
2724,اِسْتَعَدَّ,to prepare,known,textbook_scan,textbook_scan,True,1078,31898,31898,1078,,574,1780,,12,0,3,0,36,1,0,0,1,0
2725,هَنْدَسَة,engineering,known,textbook_scan,textbook_scan,True,2130,2835,2835,2130,1377,,4135,,0,0,0,0,17,0,0,0,0,0
2726,نَادِي,club,known,textbook_scan,textbook_scan,True,201,462,462,201,1022,603,292,201,12,0,0,0,20,0,0,0,0,0
2727,لَاجِئ,refugee,known,textbook_scan,textbook_scan,True,2107,12896,12896,2107,38337,,1991,,0,0,0,0,24,0,0,0,0,0
2728,سِيَاسِيّ,political,known,textbook_scan,textbook_scan,True,813,1950,1950,813,457,1342,158,,2,0,0,0,46,0,0,0,0,0
2729,مُفْرَدَة,single,known,textbook_scan,textbook_scan,True,1191,44085,44085,1191,39662,536,5928,,14,0,0,1,12,0,0,0,0,0
2730,شَمِلَ,to include,known,textbook_scan,textbook_scan,True,1975,10182,10182,1975,23900,,926,,0,0,0,0,23,0,0,0,0,0
2731,كَلَّفَ,to cost,known,textbook_scan,textbook_scan,True,458,10945,10945,458,64537,885,1381,659,6,0,7,0,17,0,0,0,0,0
2732,إِقَامَة,stay,known,textbook_scan,textbook_scan,True,986,1165,1165,986,2375,1262,633,,2,0,2,0,26,1,0,0,1,0
2733,زَبْدِيَّة,bowl,known,leech_reintro,story_import,True,,221177,221177,221177,,,,,0,0,0,2,17,0,0,0,0,0
2734,أَلْقَى,to throw,known,textbook_scan,story_import,True,94,5398,5398,94,,102,152,80,62,1,24,0,49,2,1,0,2,0
2735,ياتُرَى,I wonder,known,textbook_scan,story_import,True,1670,76359,76359,1670,,264,2518,,33,2,37,0,10,0,0,0,0,0
2736,سَحَب,to pull,known,study,story_import,True,1256,3341,3341,1256,5965,765,2029,1015,9,1,12,0,14,0,0,0,0,0
2737,مائِدَة,table,known,textbook_scan,story_import,True,1229,11380,11380,1229,8816,688,1160,1065,13,3,16,0,9,0,0,0,0,0
2738,خَدَم,to serve,known,frequency_core,story_import,True,724,22217,22217,724,21986,186,238,,41,0,6,0,19,0,0,0,0,0
2739,مَلِيء,full,known,textbook_scan,story_import,True,1866,20401,20401,1866,48564,789,3885,,8,0,7,0,19,0,0,0,0,0
2740,اِسْتَحَقّ,to deserve,known,frequency_core,story_import,True,597,29651,29651,597,,513,1254,942,14,0,1,0,18,0,0,0,0,0
2741,صَفَق,to clap,known,leech_reintro,story_import,True,1797,73781,73781,1797,,943,2109,,6,1,10,2,16,0,0,0,0,0
2742,بِطالَة,unemployment,known,textbook_scan,textbook_scan,True,2175,37792,37792,2175,4852,,3083,,0,0,0,0,15,0,0,0,0,0
2743,أَطْعَمَ,to feed,known,textbook_scan,textbook_scan,True,598,12425,12425,598,24458,874,4480,352,6,0,3,0,17,1,0,0,1,0
2744,حَطَب,firewood,known,textbook_scan,textbook_scan,True,1607,40460,40460,1607,32095,,6859,982,0,0,0,0,16,1,0,1,0,0
2745,ثَوْب,garment,known,textbook_scan,textbook_scan,True,349,15044,15044,349,15607,362,437,555,22,0,0,0,13,0,0,0,0,0
2746,مَرْء,person,known,textbook_scan,textbook_scan,True,478,362921,362921,478,5789,317,1998,840,27,1,49,0,14,1,1,0,1,1
2747,مُنْتَصَف,middle,known,textbook_scan,textbook_scan,True,980,2393,2393,980,45521,457,1356,,17,0,3,0,29,1,0,1,0,1
2748,صَادَفَ,to encounter,known,leech_reintro,textbook_scan,True,1213,35532,35532,1213,,769,3368,,8,0,1,1,23,1,0,0,1,0
2749,فَتَّشَ,to search,known,textbook_scan,textbook_scan,True,1324,82869,82869,1324,,1212,2886,,3,0,0,0,25,0,0,0,0,0
2750,حَانُوت,shop,known,textbook_scan,textbook_scan,True,3063,136777,136777,3063,,,5630,,0,0,0,0,19,0,0,0,0,0
2751,نَاوَلَ,to hand over,known,textbook_scan,textbook_scan,True,1667,227898,227898,1667,,1423,2993,,2,0,1,2,25,0,0,0,0,0
2752,خَفِيف,light,known,textbook_scan,textbook_scan,True,602,11046,11046,602,16420,802,1591,991,7,0,11,0,12,0,0,0,0,0
2753,ثَمَن,price,known,textbook_scan,textbook_scan,True,487,4291,4291,487,5954,918,1140,442,6,1,7,0,40,3,1,0,3,0
2754,لِصّ,thief,known,textbook_scan,textbook_scan,True,1013,37793,37793,1013,32311,424,1394,,22,3,20,0,30,0,0,0,0,0
2755,اخْتَبَأَ,to hide,known,textbook_scan,textbook_scan,True,1629,95644,95644,1629,,510,4592,,14,0,5,0,28,1,0,0,1,0
2756,سَرَقَ,to steal,known,textbook_scan,textbook_scan,True,531,22745,22745,531,,677,1872,598,12,2,12,0,26,0,0,0,0,0
2757,تَشَجَّعَ,to take courage,known,textbook_scan,textbook_scan,True,1359,19209,19209,1359,,911,9408,,5,0,2,1,19,0,0,0,0,0
2758,مُتَأَسِّفٌ,sorry,known,textbook_scan,textbook_scan,True,4368,192931,192931,4368,,,15165,,0,0,0,0,16,0,0,0,0,0
2759,اسْتَحْيَا,to feel ashamed,known,textbook_scan,textbook_scan,True,989,186598,186598,989,,1438,10275,1098,1,0,0,6,15,0,0,0,0,0
2760,خَجَل,shame,known,textbook_scan,textbook_scan,True,1115,38123,38123,1115,32654,490,2162,,16,1,2,0,20,1,0,0,1,0
2761,بَوَّابَة,gate,known,textbook_scan,textbook_scan,True,1070,1424,1424,1070,5630,615,3843,,11,0,7,0,15,0,0,0,0,0
2762,اِسْتَغْرَقَ,to take,known,textbook_scan,textbook_scan,True,1010,20110,20110,1010,,333,1854,,24,0,5,0,23,0,0,0,0,0
2763,مِحْفَظَة,wallet,known,textbook_scan,textbook_scan,True,1333,20658,20658,1333,12893,1391,4011,,2,0,0,0,21,0,0,0,0,0
2764,مُبَكِّر,early,known,textbook_scan,textbook_scan,True,1185,5348,5348,1185,4067,1633,1793,,1,0,1,0,10,0,0,0,0,0
2765,وَثِيقَة,document,known,textbook_scan,textbook_scan,True,2083,3996,3996,2083,6372,,1221,,0,0,0,0,33,0,0,0,0,0
2766,حُرّ,free,known,textbook_scan,textbook_scan,True,398,7090,7090,398,1469,437,960,732,18,0,4,0,8,0,0,0,0,0
2767,جُمْرُك,customs,known,textbook_scan,textbook_scan,True,2287,27333,27333,2287,63257,,7201,,0,0,0,0,15,0,0,0,0,0
2768,طَبْع,nature,known,frequency_core,textbook_scan,True,234,7494,7494,234,15634,107,1024,505,60,0,44,6,19,0,0,0,0,0
2769,غَرَض,purpose,known,textbook_scan,textbook_scan,True,1065,25040,25040,1065,5668,1051,836,,4,0,3,0,26,0,0,0,0,0
2770,سِياحَة,tourism,known,textbook_scan,textbook_scan,True,1051,4326,4326,1051,602,1556,1603,,1,0,0,0,11,0,0,0,0,0
2771,حَوالَيْ,around,known,textbook_scan,textbook_scan,True,1275,98622,98622,1275,97075,1016,26140,,4,0,1,0,10,0,0,0,0,0
2772,حَاوَلَ,to try,known,textbook_scan,textbook_scan,True,695,2625,2625,695,,130,327,,53,0,21,0,47,1,0,0,1,0
2773,فَضاء,space,known,textbook_scan,textbook_scan,True,1126,4370,4370,1126,2651,1604,1402,,1,0,3,0,12,0,0,0,0,0
2774,أَمْرِيكِيّ,American,known,textbook_scan,textbook_scan,True,1226,3577,3577,1226,818,1456,40282,,1,0,1,0,8,0,0,0,0,0
2775,إِطْلَاق,giving (a name),known,textbook_scan,textbook_scan,True,860,860,860,860,3197,360,461,,22,0,47,2,22,0,0,0,0,0
2776,فَوَّهَة,crater,known,textbook_scan,textbook_scan,True,2414,44091,44091,2414,,,10157,,0,0,1,0,20,1,0,0,1,0
2777,تَفْصِيل,detail,known,textbook_scan,textbook_scan,True,482,15006,15006,482,14439,1006,1077,726,4,0,5,0,19,0,0,0,0,0
2778,أَطَلَّ,to overlook,known,textbook_scan,textbook_scan,True,1156,32911,32911,1156,,1117,1575,,3,0,2,0,9,0,0,0,0,0
2779,مَبْلَغ,amount,known,textbook_scan,textbook_scan,True,572,3028,3028,572,1391,1634,850,1299,1,0,2,0,23,0,0,0,0,0
2780,إِضَافِي,additional,known,textbook_scan,textbook_scan,True,1151,8793,8793,1151,20215,1446,1860,,1,0,2,0,6,0,0,0,0,0
2781,قَدَّرَ,to appreciate,known,textbook_scan,textbook_scan,True,172,2073,2073,172,4901,165,606,147,48,2,31,0,32,0,0,0,0,0
2782,حَمّال,porter,known,textbook_scan,textbook_scan,True,824,60144,60144,824,,1506,7208,1174,1,0,0,0,16,3,0,0,3,0
2783,جَلْب,bringing,known,textbook_scan,textbook_scan,True,647,1726,1726,647,27034,846,4155,1160,6,0,9,0,19,0,0,0,0,0
2784,غَرْب,west,known,textbook_scan,textbook_scan,True,432,1328,1328,432,2073,776,644,905,8,0,0,0,12,0,0,0,0,0
2785,مَنْدُوب,representative,known,textbook_scan,textbook_scan,True,2179,5662,5662,2179,20975,,2923,,0,0,0,0,16,0,0,0,0,0
2786,مُرْشِد,guide,known,textbook_scan,textbook_scan,True,774,15194,15194,774,8514,1650,3876,1304,2,1,12,0,27,0,0,0,0,0
2787,مُتَحَمِّس,excited,known,textbook_scan,textbook_scan,True,1355,52404,52404,1355,87291,786,7678,,8,0,1,0,24,0,0,0,0,0
2788,مَلْعَب,playground,known,textbook_scan,textbook_scan,True,1988,1988,1988,1988,3864,,1056,,0,0,1,0,9,0,0,0,0,0
2789,نَشِيط,active,known,textbook_scan,textbook_scan,True,745,43503,43503,745,66366,1240,5500,1337,3,0,0,0,13,0,0,0,0,0
2790,مَمْلَكَة,kingdom,known,textbook_scan,textbook_scan,True,932,1020,1020,932,249,1231,826,,3,0,4,0,9,0,0,0,0,0
2791,مِلْيُون,million,known,textbook_scan,textbook_scan,True,849,232,232,232,8340,1669,201,,1,0,8,0,13,0,0,0,0,0
2792,مَتْحَف,museum,known,textbook_scan,textbook_scan,True,2160,5624,5624,2160,7032,,2502,,0,0,0,0,26,0,0,0,0,0
2793,جَذَّابَة,attractive,known,textbook_scan,textbook_scan,True,1441,21953,21953,1441,35137,1495,7150,,1,0,1,0,18,0,0,0,0,0
2794,دُسْتُورِيّ,constitutional,known,textbook_scan,textbook_scan,True,2080,22446,22446,2080,7065,,1384,,0,0,0,0,11,0,0,0,0,0
2795,مُسْتَعْمَل,used,known,textbook_scan,textbook_scan,True,2277,5349,5349,2277,4655,,9434,,0,0,0,0,15,0,0,0,0,0
2796,بَاكِر,early,known,textbook_scan,textbook_scan,True,1358,59055,59055,1358,20676,1128,5421,,3,0,0,0,30,0,0,0,0,0
2797,جَوْلَة,tour,known,textbook_scan,textbook_scan,True,1028,3110,3110,1028,1802,922,1093,,5,0,0,0,21,0,0,0,0,0
2798,رُومَانِيّ,Roman,known,textbook_scan,textbook_scan,True,1480,10485,10485,1480,11080,1176,30092,,3,0,0,0,6,0,0,0,0,0
2799,بِيزَنْطِيّ,Byzantine,known,textbook_scan,textbook_scan,True,2480,140744,140744,2480,48265,,37213,,0,0,0,0,13,1,0,1,0,1
2800,مَعْبَد,temple,known,textbook_scan,textbook_scan,True,1343,13571,13571,1343,21039,1658,3355,,1,0,2,0,47,2,0,1,1,0
2801,قَصْر,palace,known,textbook_scan,textbook_scan,True,225,1796,1796,225,4338,272,207,656,30,0,9,0,25,1,0,1,0,0
2802,زُجَاجِيّ,glass,known,textbook_scan,textbook_scan,True,1429,52446,52446,1429,9432,1537,8808,,1,0,6,0,11,0,0,0,0,0
2803,جِصّ,plaster,known,textbook_scan,textbook_scan,True,4571,111378,111378,4571,70240,,16824,,0,0,0,0,15,0,0,0,0,0
2804,أَقَامَ,to hold,known,textbook_scan,textbook_scan,True,157,7257,7257,157,,318,281,103,25,0,18,0,18,0,0,0,0,0
2805,مِهْرَجَان,festival,known,textbook_scan,textbook_scan,True,1027,1290,1290,1027,2914,976,1223,,5,0,0,0,23,0,0,0,0,0
2806,ثَقَافِيّ,cultural,known,textbook_scan,textbook_scan,True,1952,10047,10047,1952,1456,,1076,,0,0,0,0,16,0,0,0,0,0
2807,فُلْكُلُورِيّ,folkloric,known,textbook_scan,textbook_scan,True,4609,247311,247311,4609,,,17220,,0,0,0,0,6,0,0,0,0,0
2808,مَلْبَس,garment,known,textbook_scan,textbook_scan,True,977,110691,110691,977,74129,387,855,,21,0,0,0,13,0,0,0,0,0
2809,مُخَيَّم,camp,known,textbook_scan,textbook_scan,True,1179,3770,3770,1179,7477,1225,2581,,3,0,0,0,17,0,0,0,0,0
2810,مُؤْلِم,painful,known,textbook_scan,textbook_scan,True,1280,26146,26146,1280,36868,1069,3526,,4,0,0,1,32,0,0,0,0,0
2811,بَائِس,miserable,known,textbook_scan,textbook_scan,True,793,76791,76791,793,36995,1268,4917,1124,2,0,1,0,13,1,0,1,0,0
2812,كَارِيكَاتُورِيّ,caricature,known,textbook_scan,textbook_scan,True,2348,72921,72921,2348,,,15241,,0,0,0,0,6,0,0,0,0,0
2813,مُبارَأَة,match,known,textbook_scan,textbook_scan,True,900,515,515,515,812,1385,303,,2,0,0,1,22,0,0,0,0,0
2814,مَنْسَف,mansaf,known,textbook_scan,textbook_scan,True,,262365,262365,262365,,,,,0,0,0,0,6,0,0,0,0,0
2815,رَحِيم,"merciful, compassionate",encountered,study,quran,False,1064,11945,11945,1064,3096,,8301,74,0,0,0,0,0,0,0,0,0,0
2817,اِسْتَعَانَ,to seek help,known,frequency_core,quran,True,755,32062,32062,755,,1442,2551,672,1,0,0,0,21,1,0,1,0,0
2819,صِرَاط,"path, way",encountered,study,quran,False,1512,29050,29050,1512,20940,,12551,207,0,0,0,0,0,0,0,0,0,0
2820,مُسْتَقِيم,"straight, upright",encountered,study,quran,False,1463,16655,16655,1463,14990,,6371,247,0,0,2,0,0,0,0,0,0,0
2822,مَغْضُوب,"resented, object of anger",encountered,study,quran,False,2499,184235,184235,2499,53726,,19082,1314,0,0,0,0,0,0,0,0,0,0
2823,رَيْب,"doubt, suspicion",known,study,quran,True,612,14759,14759,612,95401,761,1532,386,8,0,2,0,17,0,0,0,0,0
2826,رَزَقَ,"to provide, to sustain",known,frequency_core,quran,True,397,7242,7242,397,13082,807,3323,75,7,0,0,2,10,0,0,0,0,0
2827,أَنْفَقَ,"to spend, to expend",lapsed,textbook_scan,quran,True,504,27347,27347,504,,1461,2050,136,1,0,3,1,26,1,1,0,1,0
2830,أَيْقَنَ,to be certain,lapsed,textbook_scan,quran,True,632,68666,68666,632,,657,2125,454,10,0,1,0,15,2,2,0,2,0
2832,مُفْلِح,"successful, prosperous",encountered,study,quran,False,1639,41973,41973,1639,,,11268,470,0,0,0,0,0,0,0,0,0,0
2833,كَفَرَ,"to disbelieve, to deny",known,frequency_core,quran,True,114,1464,1464,114,10485,1621,5098,12,1,0,0,0,18,1,0,1,0,1
2834,سَوَاء,"equal, same",known,frequency_core,quran,True,414,511,511,414,20045,1027,921,307,4,0,0,0,8,1,1,1,0,1
2835,أَنْذَرَ,"to warn, to caution",known,frequency_core,quran,True,558,53632,53632,558,,1126,3211,149,3,0,1,0,32,1,0,1,0,0
2836,خَتَمَ,"to seal, to finish",known,textbook_scan,quran,True,690,13464,13464,690,31392,852,2396,632,6,0,3,0,6,0,0,0,0,0
2837,غِشَاوَة,"covering, veil",encountered,study,quran,False,2472,96545,96545,2472,,,12827,1046,0,0,0,0,0,0,0,0,0,0
2838,آمَنَ,"to believe, to trust",known,quran,quran,True,15,902,902,15,213,465,210,4,16,0,1,0,20,0,0,0,0,0
2839,خَادَعَ,"to deceive, to trick",known,frequency_core,quran,True,767,102763,102763,767,,710,3942,879,9,0,0,2,13,1,0,0,1,0
2841,خَدَعَ,"to deceive, to trick",known,textbook_scan,quran,True,743,19380,19380,743,52620,751,2178,988,8,0,1,0,5,0,0,0,0,0
2842,كَذَبَ,to lie,known,textbook_scan,quran,True,199,11625,11625,199,8526,566,2786,28,15,2,6,2,14,0,0,0,0,0
2843,رَحْمَن,"merciful, compassionate",known,frequency_core,quran,True,2996,42281,42281,2996,1032,,17071,,0,0,0,0,9,1,0,0,1,0
2844,مَالِك,"owner, possessor",known,textbook_scan,quran,True,733,2379,2379,733,8205,1628,1898,918,1,0,0,0,19,0,0,0,0,0
2845,أَنْعَمَ,to bestow favor,known,frequency_core,quran,True,729,21641,21641,729,,906,7984,404,5,0,0,0,14,0,0,0,0,0
2846,أَلِيم,"painful, aching",known,frequency_core,quran,True,524,16008,16008,524,24663,1455,3390,111,1,0,1,0,15,1,0,0,1,0
2848,ءَامَنَّا,we believed,encountered,quran,quran,False,,250741,250741,250741,,,,,0,0,0,0,0,0,0,0,0,0
2851,إِنَّمَا,"only, just",known,frequency_core,quran,True,912,1254,1254,912,,613,256,,12,1,0,0,11,2,0,1,1,1
2852,مُستَهزِءُونَ,mockers,encountered,quran,quran,False,,749000,749000,749000,,,,,0,0,0,0,0,0,0,0,0,0
2860,استَوقَدَ,kindled,encountered,quran,quran,False,2458,230990,230990,2458,,,8701,1099,0,0,0,0,0,0,0,0,0,0
2870,أَظلَمَ,became dark,known,frequency_core,quran,True,712,42911,42911,712,,905,3488,382,6,1,14,0,14,0,0,0,0,0
2871,قَدِيرٞ,"capable, powerful",known,frequency_core,quran,True,713,14739,14739,713,10959,1610,6994,208,1,0,0,0,12,0,0,0,0,0
2872,يَأَيُّهَا,O you,suspended,quran,quran,False,,86317,86317,86317,,,,,0,0,0,0,0,0,0,0,0,0
2877,أَندَادٗا,"equals, rivals",encountered,quran,quran,False,1668,106358,106358,1668,,1459,,675,1,0,0,0,0,0,0,0,0,0
2887,خَالِد,eternal; everlasting; one who abides forever,lapsed,frequency_core,quran,True,445,12041,12041,445,17079,1306,5340,124,2,0,0,0,11,1,1,1,0,0
2890,بَعُوضَةٗ,mosquito,known,quran,quran,True,1605,78492,78492,1605,,1469,12019,1131,1,0,0,4,17,5,1,2,3,2
2893,عَهدَ,covenant,known,quran,quran,True,278,1925,1925,278,1385,422,361,257,19,0,5,1,25,2,0,0,2,0
2897,مَيِّت,dead; deceased,encountered,quran,quran,False,1147,929270,929270,1147,7790,,1293,197,0,0,3,0,0,0,0,0,0,0
2898,خَلَقَ,created,known,quran,quran,True,155,1887,1887,155,5219,552,1536,27,13,0,0,5,17,0,0,0,0,0
2899,استَوَى,leveled,known,quran,quran,True,300,45848,45848,300,,1443,336,252,1,0,2,0,21,0,0,0,0,0
2900,عَلِيمٞ,knowledgeable,known,frequency_core,quran,True,241,16233,16233,241,15180,420,8135,46,19,0,1,0,11,0,0,0,0,0
2903,أَتَجعَلُ,do you make,encountered,quran,quran,False,,131612,131612,131612,,,,,0,0,0,0,0,0,0,0,0,0
2912,أَنۢبَأَهُم,informed them,encountered,quran,quran,False,3593,219306,219306,3593,,,20743,,0,0,0,0,0,0,0,0,0,0
2913,تُرَاث,heritage,known,textbook_scan,textbook_scan,True,1399,,6100,1399,2083,,3580,1140,0,0,0,0,22,0,0,0,0,0
2914,مَنْحُوت,carved,known,textbook_scan,textbook_scan,True,,,,,,,,,0,0,0,1,17,0,0,0,0,0
2915,مُوَاصَلَة,transportation,known,textbook_scan,textbook_scan,True,1159,,4100,1159,69342,1677,1456,,1,0,2,0,21,3,1,0,3,0
2916,مُجَفَّف,dried,known,textbook_scan,textbook_scan,True,2428,,26119,2428,34672,,16080,,0,0,0,0,13,0,0,0,0,0
2917,رَبَابَة,rababa,known,textbook_scan,textbook_scan,True,1689,,,1689,,756,25016,,8,0,0,0,6,0,0,0,0,0
2918,قِرْفَة,cinnamon,known,textbook_scan,textbook_scan,True,1562,,67266,1562,27786,1612,15734,,1,0,0,0,11,1,0,0,1,0
2919,مَاعِز,goats,known,textbook_scan,textbook_scan,True,1483,,70095,1483,34104,1222,10900,,3,0,0,0,14,1,0,0,1,0
2920,حَضَارِيّ,civilized,known,textbook_scan,textbook_scan,True,2224,,23084,2224,8265,,3864,,0,0,0,0,9,0,0,0,0,0
2921,خَلَعَ,removal,known,textbook_scan,textbook_scan,True,694,,17578,694,40327,753,2819,1188,9,1,4,0,19,0,0,0,0,0
2922,مُحَاضَرَة,lecture,known,textbook_scan,textbook_scan,True,2188,,5563,2188,13955,,4528,,0,0,0,0,31,0,0,0,0,0
2923,اِسْتَقْبَلَ,to receive,known,textbook_scan,textbook_scan,True,1055,,2535,1055,,1112,992,,3,0,1,0,17,1,0,0,1,0
2924,عَلاقَة,relationship,known,textbook_scan,textbook_scan,True,901,,1161,901,1441,1591,249,,1,0,3,0,23,3,1,0,3,0
2925,تَمَيَّزَ,to be distinguished,known,textbook_scan,textbook_scan,True,611,,7004,611,3602,1142,2404,1148,3,0,0,0,25,1,0,1,0,0
2926,مُحَاصَر,besieged,known,textbook_scan,textbook_scan,True,1423,,74672,1423,35518,1390,6657,,3,1,2,0,15,0,0,0,0,0
2927,اِعْتَبَرَ,to consider,known,textbook_scan,textbook_scan,True,388,,3161,388,,1259,267,1105,2,0,13,0,24,0,0,0,0,0
2928,صَخْر,rock,known,textbook_scan,textbook_scan,True,723,,28093,723,19641,1347,1720,1249,2,0,2,0,26,0,0,0,0,0
2929,سائِح,tourist,known,textbook_scan,textbook_scan,True,1373,,16908,1373,23816,,2101,1012,0,0,4,0,39,0,0,0,0,0
2930,مُنَسَّق,coordinator,known,textbook_scan,textbook_scan,True,2240,,6518,2240,14452,,5259,,0,0,0,1,33,1,0,0,1,0
2931,شِرَاء,buying,known,textbook_scan,textbook_scan,True,1037,,1069,1037,3543,1187,1186,,3,0,0,0,39,4,0,0,4,0
2932,سَمَاع,hearing,known,textbook_scan,textbook_scan,True,520,,9178,520,27723,470,1554,805,17,1,7,0,11,0,0,0,0,0
2933,تَانْغُو,tango,known,textbook_scan,textbook_scan,True,,,94039,94039,72773,,,,0,0,0,0,10,0,0,0,0,0
2934,يونانِيَّة,Greek,known,textbook_scan,textbook_scan,True,1547,,49387,1547,12539,1693,27044,,1,0,0,0,6,0,0,0,0,0
2935,تَذَمَّرَ,to complain,known,textbook_scan,textbook_scan,True,1446,,52975,1446,48024,1005,10104,,4,0,0,7,13,0,0,0,0,0
2936,مِئَوِيّ,centigrade,known,textbook_scan,textbook_scan,True,2286,,,2286,,,6692,,0,0,0,0,7,0,0,0,0,0
2937,طَفَا,to float,known,textbook_scan,textbook_scan,True,638,,,638,,1202,2748,353,3,0,4,5,18,0,0,0,0,0
2938,سَطْح,surface,known,textbook_scan,textbook_scan,True,571,,2718,571,10455,678,1733,1229,11,1,13,0,33,0,0,0,0,0
2939,انْبَسَطَ,to enjoy,known,textbook_scan,textbook_scan,True,1674,,,1674,,1123,5812,,3,0,0,0,13,0,0,0,0,0
2940,طِين,mud,known,textbook_scan,textbook_scan,True,722,,33550,722,13037,1584,5678,488,1,0,0,0,19,1,0,0,1,0
2941,أَخْفَض,to lower,known,textbook_scan,textbook_scan,True,646,,3934,646,46890,1511,1544,884,1,0,3,0,20,0,0,0,0,0
2942,جَادَلَ,to argue,known,textbook_scan,textbook_scan,True,717,,,717,,1491,8188,321,1,0,0,0,21,1,0,1,0,0
2943,سِعْر,price,known,textbook_scan,textbook_scan,True,364,,614,364,2139,1545,323,895,1,0,0,0,42,0,0,0,0,0
2944,مُمْتَلِئ,full,known,textbook_scan,textbook_scan,True,1458,,60635,1458,80521,1415,6144,,2,0,0,0,11,0,0,0,0,0
2945,مَضْغُوط,compressed,known,textbook_scan,textbook_scan,True,,,44459,44459,46134,,,,0,0,0,0,13,0,0,0,0,0
2946,مَشْهُور,famous,known,textbook_scan,textbook_scan,True,1239,,14743,1239,14602,1403,2943,,3,1,10,0,26,0,0,0,0,0
2947,اِشْتَهَرَ,to be famous,known,textbook_scan,textbook_scan,True,1283,,13993,1283,,1115,3735,,3,0,1,0,11,0,0,0,0,0
2948,فُسَيْفِساء,mosaic,known,textbook_scan,textbook_scan,True,4034,,68815,4034,52915,,12303,,0,0,0,0,12,0,0,0,0,0
2949,مُذْهِل,amazing,known,textbook_scan,textbook_scan,True,1418,,20247,1418,31982,1395,8770,,2,0,2,0,18,1,0,0,1,0
2950,شَهِير,famous,known,textbook_scan,textbook_scan,True,1170,,21244,1170,3898,1345,2117,,2,0,0,0,25,1,0,0,1,0
2951,عَشِيرَة,tribe,known,textbook_scan,textbook_scan,True,2217,,9728,2217,32196,,3233,,0,0,0,0,19,0,0,0,0,0
2952,هَامّ,important,known,textbook_scan,textbook_scan,True,404,,3678,404,7868,735,2297,667,9,0,6,0,23,0,0,0,0,0
2953,خَلاب,charming,known,textbook_scan,textbook_scan,True,1491,,91004,1491,65312,1512,12294,,1,0,0,0,11,0,0,0,0,0
2954,رُكُوب,riding,known,textbook_scan,textbook_scan,True,752,,13081,752,43978,1175,3989,1211,3,0,0,0,12,0,0,0,0,0
2955,اِسْتَرْخَى,to relax,known,textbook_scan,textbook_scan,True,1502,,,1502,,1441,13027,,1,0,1,0,16,0,0,0,0,0
2956,صَافٍ,clear,known,textbook_scan,textbook_scan,True,1208,,10353,1208,15711,1035,3284,,4,0,0,0,11,1,0,0,1,0
2957,فايكِنْج,Viking,known,textbook_scan,textbook_scan,True,,,,,,,,,0,0,0,0,6,0,0,0,0,0
2958,أَديب,writer,known,textbook_scan,textbook_scan,True,2194,,10142,2194,10969,,2477,,0,0,0,0,22,0,0,0,0,0
2959,مُمَثِّل,actor,known,textbook_scan,textbook_scan,True,1091,,3005,1091,5269,1671,829,,1,0,0,0,29,0,0,0,0,0
2960,طَاهٍ,cook,known,textbook_scan,textbook_scan,True,1451,,99688,1451,99688,1580,7762,,1,0,0,0,22,0,0,0,0,0
2961,كاتِدْرائِيّ,cathedral,known,textbook_scan,textbook_scan,True,,,,,,,,,0,0,0,0,4,0,0,0,0,0
2962,شِرّير,villain,known,textbook_scan,textbook_scan,True,1288,,53198,1288,35586,940,3761,,5,0,2,0,27,0,0,0,0,0
2963,خَطير,dangerous,known,textbook_scan,textbook_scan,True,1072,,6551,1072,14486,928,1269,,5,0,2,0,35,0,0,0,0,0
2964,لُؤْلُؤ,pearl,known,textbook_scan,textbook_scan,True,1516,,56887,1516,22026,,4402,707,0,0,0,0,18,0,0,0,0,0
2965,مَيْل,inclination,lapsed,textbook_scan,textbook_scan,True,492,,7072,492,23242,476,1514,713,16,0,0,0,15,1,1,1,0,1
2966,بُرْغُل,bulgur,known,textbook_scan,textbook_scan,True,,,83788,83788,83788,,,,0,0,0,0,14,0,0,0,0,0
2967,أَثْناء,during,known,textbook_scan,textbook_scan,True,784,,44733,784,68412,203,566,,38,0,41,0,61,0,0,0,0,0
2968,كاتِدرائِيَّة,cathedral,known,textbook_scan,textbook_scan,True,2401,,32229,2401,30825,,10252,,0,0,0,0,14,0,0,0,0,0
2969,دِيمُوقراطِيّ,democracy,known,textbook_scan,textbook_scan,True,2161,,26636,2161,5169,,6414,,0,0,0,0,23,0,0,0,0,0
2970,مُخَلِّص,sincere,known,textbook_scan,textbook_scan,True,648,,18792,648,21493,1074,4193,377,4,0,1,5,12,0,0,0,0,0
2971,مِقْدَار,amount,known,textbook_scan,textbook_scan,True,594,,9879,594,39239,733,1711,925,9,0,5,0,24,0,0,0,0,0
2972,بِدَايَة,the beginning,known,textbook_scan,textbook_scan,True,895,,495,495,1226,577,676,,13,1,12,0,17,0,0,0,0,0
2973,عَسْكَرِيّ,military,known,textbook_scan,textbook_scan,True,1695,,3227,1695,1280,,289,,0,0,0,0,15,0,0,0,0,0
2974,إِحْرَاق,burning,known,textbook_scan,textbook_scan,True,2345,,27218,2345,,,6420,,0,0,0,0,12,1,0,0,1,0
2975,أَدَّى,to lead to,known,textbook_scan,textbook_scan,True,163,,1388,163,,121,357,368,55,0,10,0,49,1,0,0,1,1
2976,احْتِجَاج,protest,known,textbook_scan,textbook_scan,True,1182,,15901,1182,11539,1435,1892,,1,0,0,0,19,1,1,1,0,0
2977,تَطَوَّرَ,to develop,known,textbook_scan,textbook_scan,True,1086,,2824,1086,3698,1279,1096,,2,0,1,0,14,0,0,0,0,0
2978,أَطَاحَ,to overthrow,known,textbook_scan,textbook_scan,True,772,,29917,772,,1447,4710,1103,1,0,2,0,20,1,0,1,0,0
2979,وَرَّثَ,to bequeath,known,textbook_scan,textbook_scan,True,603,,25801,603,,1097,3956,274,4,0,0,0,5,0,0,0,0,0
2980,قَاوَمَ,to resist,known,textbook_scan,textbook_scan,True,993,,45870,993,,881,969,,6,0,2,0,28,0,0,0,0,0
2981,تَدَهْوُر,deterioration,known,textbook_scan,textbook_scan,True,1261,,8073,1261,21383,1276,3457,,2,0,0,0,24,0,0,0,0,0
2982,مَعِيشَة,living,known,textbook_scan,textbook_scan,True,1436,,18315,1436,9651,,3305,770,0,0,2,0,19,0,0,0,0,0
2983,ظِلّ,shadow,known,textbook_scan,textbook_scan,True,121,,655,121,13033,80,456,291,71,1,41,0,28,0,0,0,0,0
2984,رَافَقَ,to accompany,known,textbook_scan,textbook_scan,True,666,,22163,666,,1171,1874,1203,3,0,0,0,14,0,0,0,0,0
2985,ارْتِفَاع,rise,known,textbook_scan,textbook_scan,True,985,,925,925,6874,1106,812,,3,0,3,0,26,0,0,0,0,0
2986,مُعَدَّل,rate,known,textbook_scan,textbook_scan,True,2059,,2827,2059,9190,,1238,,0,0,0,0,28,2,0,0,2,0
2987,قَمْع,repression,known,textbook_scan,textbook_scan,True,2257,,12296,2257,11552,,4387,,0,0,0,0,22,0,0,0,0,0
2988,إِرْهاب,terrorism,known,textbook_scan,textbook_scan,True,1832,,10516,1832,855,,705,,0,0,0,0,27,0,0,0,0,0
2989,ثَارَ,to revolt,known,textbook_scan,textbook_scan,True,1265,,22301,1265,26218,1489,2648,,1,0,1,0,13,0,0,0,0,0
2990,ثَائِر,revolutionary,known,textbook_scan,textbook_scan,True,1407,,35056,1407,37472,1288,5287,,2,0,0,0,32,0,0,0,0,0
2991,أَجْل,sake,known,textbook_scan,textbook_scan,True,77,,165,77,9412,101,220,182,63,2,31,0,17,1,0,0,1,0
2992,عَدالَة,justice,known,textbook_scan,textbook_scan,True,2114,,14716,2114,2359,,2241,,0,0,0,0,34,0,0,0,0,0
2993,ٱِجْتِماعِيّ,social,known,textbook_scan,textbook_scan,True,1725,,6752,1725,483,,511,,0,0,0,1,22,0,0,0,0,0
2994,أَهْلِيَّة,civil,known,textbook_scan,textbook_scan,True,1020,,12019,1020,1027,1267,996,,2,0,0,0,9,0,0,0,0,0
2995,إِصْلَاح,reform,known,frequency_core,textbook_scan,True,1103,,2267,1103,2524,,749,620,0,0,0,3,23,0,0,0,0,0
2996,ضَغْط,pressure,known,textbook_scan,textbook_scan,True,991,,1856,991,1266,947,873,,5,0,3,0,21,0,0,0,0,0
2997,تَغْيِير,change,known,textbook_scan,textbook_scan,True,960,,1070,960,2273,748,767,,8,0,5,0,29,0,0,0,0,0
2998,اشْتِبَاك,clash,known,textbook_scan,textbook_scan,True,2195,,25033,2195,19362,,2909,,0,0,0,0,15,0,0,0,0,0
2999,عَنِيف,violent,known,textbook_scan,textbook_scan,True,950,,14916,950,20553,775,536,,8,0,0,0,22,0,0,0,0,0
3000,قُوَّة,force,known,textbook_scan,textbook_scan,True,96,,930,96,1568,342,55,232,24,0,21,0,43,1,0,0,1,0
3001,دَمَار,destruction,known,textbook_scan,textbook_scan,True,1274,,19059,1274,8937,1520,2849,,1,0,0,0,15,0,0,0,0,0
3002,أَزْمَة,crisis,known,textbook_scan,textbook_scan,True,1757,,1346,1346,955,,392,,0,0,2,0,15,0,0,0,0,0
3003,صِدْق,"honesty, truthfulness",known,textbook_scan,scaffold,True,220,,5284,220,9567,151,613,157,49,0,5,0,21,0,0,0,0,0
3004,مُقْبِل,"next, upcoming",known,textbook_scan,scaffold,True,1756,,17401,1756,537,,266,,0,0,0,0,31,0,0,0,0,0
3005,مَزْرَعَة,farm,known,collateral,scaffold,True,2536,,8898,2536,12758,1399,,,2,0,0,0,17,2,0,0,2,0
3006,قِصّة,story,known,textbook_scan,textbook_scan,True,728,,1224,728,2101,98,720,,63,0,7,0,49,5,1,0,5,0
3007,مُعَقَّد,complex,known,textbook_scan,textbook_scan,True,2264,,25639,2264,43350,,4599,,0,0,2,0,28,4,1,2,2,2
3008,اسْتَعْمَلَ,to use,known,textbook_scan,textbook_scan,True,1259,,18196,1259,,1253,3103,,2,0,1,0,22,0,0,0,0,0
3009,رَمْز,symbol,known,textbook_scan,textbook_scan,True,1372,,2343,1372,12431,,2508,1213,0,0,1,0,18,0,0,0,0,0
3010,اسْتِعارة,metaphor,known,textbook_scan,textbook_scan,True,4017,,52544,4017,60471,,12178,,0,0,0,1,15,0,0,0,0,0
3011,وَظيفة,job,known,textbook_scan,textbook_scan,True,1034,,3214,1034,4013,1247,1249,,3,0,1,2,25,1,0,1,0,0
3012,اسْتَلَقَى,to lie down,learning,textbook_scan,textbook_scan,True,1652,,,1652,,651,5491,,10,0,0,5,9,0,0,0,0,0
3013,مُتْعِب,tired,known,textbook_scan,textbook_scan,True,1272,,10663,1272,10223,962,5316,,5,0,4,0,27,3,1,0,3,0
3014,حَكى,to tell,known,textbook_scan,textbook_scan,True,1066,,33045,1066,,334,3253,,32,8,36,0,15,0,0,0,0,0
3015,حِكاية,tale,known,textbook_scan,textbook_scan,True,1049,,6895,1049,11324,669,1161,,10,0,24,0,18,0,0,0,0,0
3016,زَعِلَ,to be upset,known,textbook_scan,textbook_scan,True,4780,,55502,4780,,,18744,,0,0,0,0,13,0,0,0,0,0
3017,صَارَ,to become,known,textbook_scan,textbook_scan,True,111,,3493,111,,191,501,50,40,0,5,0,65,0,0,0,0,0
3018,هَدَّدَ,to threaten,known,textbook_scan,textbook_scan,True,1105,,14905,1105,,1094,1125,,5,1,6,0,21,0,0,0,0,0
3019,مُتَسَائِل,questioning,known,textbook_scan,textbook_scan,True,1435,,,1435,,1388,7585,,2,0,2,0,25,0,0,0,0,0
3020,شَحَّاذَة,beggar,known,textbook_scan,textbook_scan,True,4149,,,4149,,,13295,,0,0,0,0,22,1,0,0,1,0
3021,رَفَضَ,to refuse,known,textbook_scan,textbook_scan,True,908,,1451,908,11723,449,562,,17,0,2,1,48,0,0,0,0,0
3022,اعْتَرَفَ,to confess,known,textbook_scan,textbook_scan,True,475,,6032,475,,653,1043,855,10,0,7,2,16,0,0,0,0,0
3023,وافَقَ,agreed,known,textbook_scan,textbook_scan,True,959,,4572,959,,430,1011,,20,1,10,0,14,0,0,0,0,0
3024,مُعْظَم,most,lapsed,textbook_scan,textbook_scan,True,974,,1031,974,21449,787,925,,8,0,4,0,18,0,0,0,0,0
3025,فَازَ,won,known,textbook_scan,textbook_scan,True,313,,2795,313,,778,363,356,10,2,39,0,27,2,0,0,2,0
3026,جائِزَة,prize,known,textbook_scan,textbook_scan,True,1026,,1910,1026,4648,1145,814,,3,0,0,0,25,0,0,0,0,0
3027,مَقْطَع,"section, passage",known,textbook_scan,textbook_scan,True,2211,,6125,2211,12775,,7186,,0,0,0,0,15,0,0,0,0,0
3028,غَارِقَة,"drowning, submerged",known,textbook_scan,textbook_scan,True,1383,,63819,1383,55218,1594,3020,,1,0,0,0,9,0,0,0,0,0
3029,دِقَّة,"precision, accuracy",known,textbook_scan,textbook_scan,True,1197,,6612,1197,6777,1161,2678,,3,0,2,0,30,0,0,0,0,0
3030,انْصَبَّ,"to pour, to be directed",known,textbook_scan,textbook_scan,True,2392,,68379,2392,,,10839,,0,0,0,0,32,0,0,0,0,0
3031,تَصْمِيم,design,known,textbook_scan,textbook_scan,True,1087,,509,509,659,1479,2929,,1,0,0,0,31,0,0,0,0,0
3032,عُدُول,deviation,known,textbook_scan,textbook_scan,True,2368,,77777,2368,38834,,6671,,0,0,0,1,19,0,0,0,0,0
3033,قَرَار,decision,known,textbook_scan,textbook_scan,True,302,,548,302,687,1216,253,574,3,0,8,0,38,0,0,0,0,0
3034,دُرْج,drawer,known,textbook_scan,textbook_scan,True,1169,,14177,1169,24865,671,4836,,10,0,23,0,12,0,0,0,0,0
3035,اسْتَقَرَّ,settled,known,frequency_core,textbook_scan,True,423,,13523,423,,833,811,438,6,0,0,3,25,3,0,1,2,0
3036,صَرْصَرَ,creaking sound,known,textbook_scan,textbook_scan,True,1856,,,1856,,,20172,902,0,0,1,0,12,0,0,0,0,0
3037,صَرِير,creaking,known,textbook_scan,textbook_scan,True,1718,,98951,1718,,1575,11106,,2,1,1,0,11,0,0,0,0,0
3038,اِرْتَجَى,to hope for,acquiring,textbook_scan,textbook_scan,True,3876,,,3876,,,11081,,0,0,0,6,15,3,0,1,2,1
3039,إِبْهام,thumb,known,textbook_scan,textbook_scan,True,3607,,99971,3607,50402,,9219,,0,0,0,0,13,0,0,0,0,0
3040,دَعَمَ,support,known,frequency_core,textbook_scan,True,906,,626,626,835,1519,422,,1,0,0,2,29,0,0,0,0,0
3041,سَبّابَة,index finger,known,textbook_scan,textbook_scan,True,3357,,71724,3357,71724,,7667,,0,0,0,0,16,0,0,0,0,0
3042,طَرَدَ,to expel,lapsed,textbook_scan,textbook_scan,True,526,,6608,526,19728,499,1927,755,15,0,4,7,22,1,1,1,0,1
3043,إِشَارَة,gesture,known,textbook_scan,textbook_scan,True,1008,,2779,1008,2700,991,681,,4,0,7,0,13,0,0,0,0,0
3044,تَنَهَّدَ,to sigh,known,textbook_scan,textbook_scan,True,1561,,,1561,,517,1703,,14,0,5,0,18,0,0,0,0,0
3045,هَاجَرَ,emigrated,known,textbook_scan,textbook_scan,True,543,,13012,543,,1093,2296,430,4,0,0,0,13,0,0,0,0,0
3046,تَوَفَّى,to die,known,textbook_scan,textbook_scan,True,488,,18411,488,,845,2094,320,7,1,1,0,13,0,0,0,0,0
3047,نَاشِط,active,known,textbook_scan,textbook_scan,True,2192,,22855,2192,12074,,2255,,0,0,0,0,8,0,0,0,0,0
3048,تَعْبِير,expression,suspended,frequency_core,textbook_scan,False,1046,,6068,1046,2666,844,1244,,6,0,2,10,13,0,0,0,0,0
3049,طُفُولَة,childhood,known,textbook_scan,textbook_scan,True,1217,,24411,1217,5008,1351,2881,,2,0,0,0,15,0,0,0,0,0
3050,إِكْمَال,completion,known,textbook_scan,textbook_scan,True,2307,,12006,2307,86640,,7077,,0,0,0,0,17,0,0,0,0,0
3051,اتِّحَاد,union,known,textbook_scan,textbook_scan,True,1614,,1210,1210,216,,176,,0,0,1,0,31,0,0,0,0,0
3052,تَنْظِيم,organization,known,textbook_scan,textbook_scan,True,1787,,704,704,2552,,576,,0,0,1,0,20,0,0,0,0,0
3053,اعْتَقَلَ,to arrest,known,textbook_scan,textbook_scan,True,2104,,12214,2104,,,1311,,0,0,0,0,18,0,0,0,0,0
3054,مَوْقِف,stance,known,frequency_core,textbook_scan,True,911,,1360,911,1905,827,330,,7,0,0,4,25,2,0,0,2,0
3055,مَنْفِيّ,exile,known,textbook_scan,textbook_scan,True,2280,,72476,2280,16590,,4544,,0,0,0,0,20,1,0,1,0,1
3056,مُقال,article,known,textbook_scan,textbook_scan,True,1097,,4445,1097,3047,1663,1440,,1,0,0,0,29,0,0,0,0,0
3057,مَدَار,orbit,known,textbook_scan,textbook_scan,True,1194,,1751,1194,35418,1647,3348,,1,0,0,0,16,1,0,0,1,0
3058,سِجْن,prison,known,textbook_scan,textbook_scan,True,357,,4218,357,2942,630,403,565,11,0,2,0,12,0,0,0,0,0
3059,حَصَلَ,to happen,known,frequency_core,textbook_scan,True,227,,1281,227,,214,441,1169,39,3,17,9,40,1,1,0,1,0
3060,اسْتَوْحَى,to be inspired,suspended,textbook_scan,textbook_scan,False,2411,,98753,2411,,,12038,,0,0,0,1,12,0,0,0,0,0
3061,قَضِيَّة,issue,known,textbook_scan,textbook_scan,True,893,,768,768,1056,1373,232,,2,0,0,0,35,0,0,0,0,0
3062,أَسْهَمَ,to contribute,suspended,frequency_core,textbook_scan,False,1006,,3762,1006,9730,1185,694,,3,0,0,6,12,0,0,0,0,0
3063,صَداقَة,friendship,known,textbook_scan,textbook_scan,True,1157,,12989,1157,6059,1036,2145,,4,0,3,0,14,0,0,0,0,0
3064,قِيمَة,"value, worth",known,textbook_scan,textbook_scan,True,240,,1044,240,2994,1375,435,115,2,0,9,0,24,0,0,0,0,0
3065,مُعَانَاة,suffering,known,textbook_scan,textbook_scan,True,1242,,5811,1242,9652,1408,3010,,2,0,1,0,15,0,0,0,0,0
3066,ٱِعْتِقال,"detention, arrest",known,textbook_scan,textbook_scan,True,2085,,3858,2085,9926,,1243,,0,0,0,1,30,0,0,0,0,0
3067,أَوْحَى,"to inspire, suggest",known,textbook_scan,textbook_scan,True,436,,33852,436,,1462,2376,128,1,0,0,1,30,0,0,0,0,0
3068,اطْمِئْنان,"reassurance, peace",known,textbook_scan,textbook_scan,True,1225,,57893,1225,23622,835,3278,,6,0,0,0,19,0,0,0,0,0
3069,انْدَلَعَ,"to break out, erupt",known,textbook_scan,textbook_scan,True,2222,,20964,2222,,,3787,,0,0,0,0,26,0,0,0,0,0
3070,مُشارِك,"participant, partner",known,textbook_scan,textbook_scan,True,1032,,14406,1032,11032,1077,2048,,4,0,7,0,33,0,0,0,0,0
3072,شَعْب,"people, nation",known,textbook_scan,textbook_scan,True,279,,3399,279,289,814,264,1024,7,0,5,0,62,0,0,0,0,0
3073,صَانَ,to preserve,known,textbook_scan,textbook_scan,True,1073,,74350,1073,,1568,3119,,1,0,0,0,21,1,1,1,0,0
3074,رُومَانْسِيَّة,romantic,known,textbook_scan,textbook_scan,True,2298,,16822,2298,32663,,8618,,0,0,0,0,6,0,0,0,0,0
3075,خَيَالِيّ,imaginary,known,textbook_scan,textbook_scan,True,1093,,20920,1093,52311,855,1253,,7,1,8,0,12,0,0,0,0,0
3076,بَطَل,hero,known,textbook_scan,textbook_scan,True,359,,3637,359,6105,1131,608,276,3,0,1,0,24,1,0,0,1,0
3077,مُؤَثِّرَة,moving,known,textbook_scan,textbook_scan,True,1327,,20272,1327,32322,1625,3199,,1,0,2,0,22,0,0,0,0,0
3078,مُقَابِل,opposite,known,textbook_scan,textbook_scan,True,924,,500,500,3129,1081,505,,4,0,7,0,19,0,0,0,0,0
3079,تَلَقَّطَ,"to pick up, gather",learning,textbook_scan,textbook_scan,True,,,,,,,,,0,0,0,2,15,1,1,0,1,0
3080,قَدِمَ,"to come, to arrive",known,leech_reintro,scaffold,True,3133,,989,989,408,440,,,18,0,0,2,14,1,0,0,1,0
3081,قَدَّمَ,"to submit, to present",known,textbook_scan,scaffold,True,1926,,989,989,408,,679,,0,0,5,0,20,0,0,0,0,0
3082,أَخْبَرَ,"to inform, to tell",known,textbook_scan,scaffold,True,1011,,10549,1011,,409,590,,19,0,4,0,21,0,0,0,0,0
3084,قِطّ,cat,known,collateral,scaffold,True,1509,,9285,1509,19988,565,21076,1289,13,0,1,0,8,0,0,0,0,0
3085,مُفَاجِئ,"surprising, sudden",known,textbook_scan,textbook_scan,True,2227,,13941,2227,16474,,3287,,0,0,1,0,24,1,0,0,1,0
3086,تَجْهِيز,preparation,known,textbook_scan,textbook_scan,True,2176,,6351,2176,17191,,2696,,0,0,0,0,8,0,0,0,0,0
3087,زِينَة,decoration; adornment,known,textbook_scan,textbook_scan,True,1232,,11707,1232,4833,,3148,387,0,0,0,0,15,0,0,0,0,0
3088,نَفَخَ,to blow,known,textbook_scan,textbook_scan,True,1428,,28250,1428,44553,,6201,379,0,0,2,0,8,0,0,0,0,0
3089,عَلَّقَ,to hang,known,textbook_scan,textbook_scan,True,1143,,6804,1143,52367,,1407,649,0,0,5,0,14,0,0,0,0,0
3090,غَلَّفَ,"wrapper, covering",lapsed,textbook_scan,textbook_scan,True,1558,,13168,1558,15277,,4551,1048,0,0,0,0,7,0,0,0,0,0
3091,مُتَأَكِّد,"sure, certain",known,textbook_scan,textbook_scan,True,2328,,16902,2328,,,6926,,0,0,4,0,10,0,0,0,0,0
3092,رَتَّبَ,"to arrange, organize",known,textbook_scan,textbook_scan,True,2007,,14152,2007,25594,,1108,,1,1,6,0,28,1,0,1,0,0
3093,صَامَ,to fast,known,textbook_scan,textbook_scan,True,1532,,30680,1532,,1567,11105,,2,1,12,0,11,0,0,0,0,0
3094,بَهْجَة,"joy, delight",known,textbook_scan,textbook_scan,True,1632,,29288,1632,20797,,12853,1132,0,0,6,0,12,0,0,0,0,0
3095,تَقَرُّب,to draw near,known,textbook_scan,textbook_scan,True,2312,,28732,2312,27279,,5008,,0,0,0,0,8,0,0,0,0,0
3096,اِخْتَلَفَ,"to differ, disagree",known,textbook_scan,textbook_scan,True,1052,,11880,1052,,,1432,220,0,0,4,0,19,0,0,0,0,0
3097,مُتَخَصِّص,"specialist, expert",known,textbook_scan,textbook_scan,True,2108,,5666,2108,11029,,2155,,0,0,0,0,15,0,0,0,0,0
3098,مُكَسَّرَة,"broken, crushed",known,textbook_scan,textbook_scan,True,2440,,64839,2440,,,16444,,0,0,0,0,13,0,0,0,0,0
3099,خَلَا,to be empty,known,textbook_scan,textbook_scan,True,484,,23805,484,,1311,1101,244,2,0,2,0,11,0,0,0,0,0
3100,مِدْفَع,cannon,known,textbook_scan,textbook_scan,True,2149,,45379,2149,48328,,1819,,0,0,4,0,9,0,0,0,0,0
3101,عِرْقسُوس,licorice,known,textbook_scan,textbook_scan,True,,,93265,93265,93265,,,,0,0,0,0,8,0,0,0,0,0
3102,قَطَائِف,pancakes,known,textbook_scan,textbook_scan,True,4801,,,4801,,,18934,,0,0,0,0,9,0,0,0,0,0
3103,تَبَادَلَ,exchange,known,frequency_core,textbook_scan,True,2053,,1944,1944,3628,,1465,,0,0,5,3,15,0,0,0,0,0
3104,اِسْتِضَافَة,hosting,known,textbook_scan,textbook_scan,True,2166,,2276,2166,12478,,4554,,0,0,0,0,19,0,0,0,0,0
3106,جَمَاعِيّ,collective,known,textbook_scan,textbook_scan,True,2155,,10922,2155,6244,,2453,,0,0,0,0,10,0,0,0,0,0
3107,مَجَّانِيّ,free,known,textbook_scan,textbook_scan,True,1831,,121,121,1448,,5295,,0,0,0,0,9,0,0,0,0,0
3108,مُتَطَوِّع,volunteer,known,textbook_scan,textbook_scan,True,2336,,45249,2336,77430,,7180,,0,0,0,0,82,2,0,0,2,0
3109,تَرْوِيحَة,night prayers,known,textbook_scan,textbook_scan,True,2446,,,2446,,,22994,,0,0,0,0,9,0,0,0,0,0
3110,كَثُرَ,to increase,known,textbook_scan,textbook_scan,True,1401,,6574,1401,74137,,3878,658,0,0,1,0,8,1,0,1,0,1
3111,مُفْعَم,filled with,known,textbook_scan,textbook_scan,True,2374,,54022,2374,84843,,7591,,0,0,1,0,25,2,1,0,2,0
3112,مَسْحَر,pre-dawn call,known,textbook_scan,textbook_scan,True,2608,,,2608,,,,1071,0,0,0,0,11,0,0,0,0,0
3113,أَيْقَظَ,to awaken,known,textbook_scan,textbook_scan,True,1742,,90596,1742,,,2974,1122,0,0,2,0,13,0,0,0,0,0
3114,طَرِبَ,"delight, joy",suspended,textbook_scan,textbook_scan,False,2228,,21186,2228,15522,,3208,,0,0,0,2,24,0,0,0,0,0
3115,صُوفِيّ,Sufi,known,textbook_scan,textbook_scan,True,2305,,29003,2305,20647,,7825,,0,0,0,0,12,0,0,0,0,0
3116,اِمْتَدَّ,to extend,known,textbook_scan,textbook_scan,True,2137,,19299,2137,,,1777,,0,0,9,0,22,0,0,0,0,0
3117,زَكَاة,"alms, zakat",known,textbook_scan,textbook_scan,True,1317,,15679,1317,6419,,10598,272,0,0,0,0,16,0,0,0,0,0
3118,مِسْكِين,poor person,known,textbook_scan,textbook_scan,True,1150,,27669,1150,22665,,1017,349,0,0,8,0,13,0,0,0,0,0
3119,اِحْتِفَال,celebration,known,textbook_scan,textbook_scan,True,2036,,4860,2036,2879,,1119,,0,0,5,0,30,0,0,0,0,0
3120,جُرَذ,rat,known,book,scaffold,True,,,,,,,,,0,0,0,0,21,0,0,0,0,0
3121,غُرَاب,"raven, crow",known,book,scaffold,True,2117,,36228,2117,32607,,4914,1043,0,0,6,0,8,0,0,0,0,0
3122,سُلَحْفَاة,turtle; tortoise,known,book,scaffold,True,,,73145,73145,65052,,,,7,7,61,0,12,0,0,0,0,0
3123,ظَبْي,"gazelle, deer",known,book,scaffold,True,3849,,6611,3849,97630,,10567,,0,0,0,0,17,1,0,0,1,0
3124,ضَيْف,guest,known,book,scaffold,True,1339,,6599,1339,13842,,800,754,0,0,0,0,86,0,0,0,0,0
3125,قَانِص,"hunter, one who catches",known,book,scaffold,True,,,,,,,,,0,0,0,0,22,0,0,0,0,0
3126,طَوَّقَ,"collared, wearing a necklace",known,book,scaffold,True,2128,,18946,2128,39531,,4646,1264,0,0,0,1,15,0,0,0,0,0
3127,صَيَّاد,hunter,known,book,scaffold,True,3898,,34389,3898,19793,,7040,,0,0,0,0,85,1,0,0,1,0
3128,عَاقِل,"intelligent, wise, one with reason",known,book,scaffold,True,3089,,23216,3089,28150,,2588,,0,0,1,0,18,0,0,0,0,0
3129,مَوَدَّة,"affection, love, friendliness",known,book,scaffold,True,1601,,29632,1601,22818,,3593,616,0,0,0,0,22,0,0,0,0,0
3130,خِلَّة,"friendship, intimate bond, defect",known,book,scaffold,True,2190,,41079,2190,76183,,11030,1186,0,0,0,1,20,1,0,1,0,0
3131,عَدَاوَة,"enmity, hostility, animosity",known,book,scaffold,True,1640,,30699,1640,33739,,6323,698,0,0,1,0,18,0,0,0,0,0
3132,سِمْسِم,sesame,known,book,scaffold,True,2109,,48927,2109,33875,1340,17044,,2,0,0,0,11,0,0,0,0,0
3133,شَبَكَة,net; mesh,known,book,scaffold,True,1990,,726,726,2568,,765,,0,0,2,0,25,1,0,0,1,0
3134,عَقْل,"mind, intellect, reason, understanding",known,book,scaffold,True,1040,,6931,1040,2775,,689,194,0,0,8,0,23,1,1,0,1,0
3135,جُحْرِي,of or relating to a burrow,known,book,scaffold,True,,,,,,,,,0,0,0,0,12,0,0,0,0,0
3136,ظَنَّ,"to think, suppose, conjecture",known,book,scaffold,True,928,,13777,928,11225,,228,139,0,0,8,0,25,1,0,0,1,0
3137,قَشَرَ,"peeled, stripped, bare",learning,book,scaffold,True,4380,,33914,4380,,,7883,,0,0,0,0,6,0,0,0,0,0
3138,مَنَعَ,"to prevent, withhold, deny, protect",known,book,scaffold,True,1168,,1914,1168,18971,,825,471,0,0,3,3,28,2,0,0,2,0
3148,تَرَك,left; abandoned,known,quran,backfill_decomposition_audit,True,177,,2483,177,20358,122,307,222,55,0,17,1,41,1,0,0,1,2
3149,قَدَّس,sanctified; hallowed; honored,known,frequency_core,backfill_decomposition_audit,True,522,,15470,522,697,882,1314,609,6,0,0,0,9,0,0,0,0,0
3150,أَذْكَى,smarter; more intelligent (comparative adj.),known,textbook_scan,backfill_decomposition_audit,True,2028,,,2028,,989,9899,,4,0,0,0,9,0,0,0,0,0
3151,أَحْمَد,Ahmed (proper name),known,frequency_core,backfill_decomposition_audit,True,1843,,116,116,6060,,21708,1093,0,0,0,0,16,0,0,0,0,0
3152,فَضْلَة,dropping; droppings,lapsed,book,backfill_decomposition_audit,True,,,,,,,,,0,0,0,0,15,0,0,0,0,0
3167,رَعْد,thunder,encountered,quran,backfill_decomposition_audit,False,2115,,14341,2115,26006,,5475,1007,0,0,0,0,0,0,0,0,0,0
3168,إِصْبَع,finger,known,frequency_core,backfill_decomposition_audit,True,758,,28161,758,23118,1257,1732,944,2,0,13,0,16,1,0,1,0,0
3169,لَعَلَّ,perhaps; perchance,known,quran,backfill_decomposition_audit,True,288,,8880,288,,1381,564,68,2,0,0,0,24,0,0,0,0,0
3170,إِذ,when; at the time when,known,frequency_core,backfill_decomposition_audit,True,447,,344,344,,,198,30,0,0,0,0,12,0,0,0,0,0
3171,نَبَّأ,to inform; to tell; to report,known,quran,backfill_decomposition_audit,True,400,,14866,400,20543,1090,756,121,4,0,1,0,13,0,0,0,0,0
3172,تَواضُع,humility,known,textbook_scan,textbook_scan,True,2311,,27933,2311,24362,,5237,,0,0,1,0,31,0,0,0,0,0
3173,تَرَفَّعَ,"to rise, elevated",known,textbook_scan,textbook_scan,True,2329,,7167,2329,63754,,11357,,0,0,0,0,14,0,0,0,0,0
3174,قَرْع,"knocking, ringing",known,textbook_scan,textbook_scan,True,2238,,21613,2238,53201,,4501,,0,0,0,0,14,0,0,0,0,0
3175,تَرْنِيمَة,"hymn, song",known,textbook_scan,textbook_scan,True,2383,,63608,2383,,,14543,,0,0,0,0,15,1,1,0,1,0
3176,اِجْتِمَاع,"gathering, meeting",known,textbook_scan,textbook_scan,True,1733,,1097,1097,1130,,316,,0,0,7,0,47,0,0,0,0,0
3177,تَوْزِيع,distribution,known,textbook_scan,textbook_scan,True,2067,,1982,1982,8583,,1556,,0,0,1,0,20,0,0,0,0,0
3178,مَغَارَة,cave,known,textbook_scan,textbook_scan,True,1625,,39568,1625,48228,,5603,1313,0,0,0,0,16,0,0,0,0,0
3179,رَتَّلَ,to recite melodiously,known,textbook_scan,textbook_scan,True,1588,,73212,1588,,,9510,800,0,0,0,0,12,0,0,0,0,0
3180,فِضِّيّ,silvery,known,textbook_scan,textbook_scan,True,2293,,47487,2293,27176,,4776,,0,0,4,0,13,0,0,0,0,0
3181,سَاحَة,"square, plaza",known,textbook_scan,textbook_scan,True,1900,,1287,1287,2096,,853,,0,0,2,1,58,2,0,0,2,0
3182,نَمُوذَج,"model, example",known,leech_reintro,textbook_scan,True,2119,,3325,2119,5574,,1953,,0,0,0,0,25,0,0,0,0,0
3183,قُدّاس,mass (liturgy),known,textbook_scan,textbook_scan,True,2262,,17261,2262,21094,,4345,,0,0,0,0,12,0,0,0,0,0
3184,سَفِير,ambassador,known,textbook_scan,textbook_scan,True,1915,,3502,1915,1641,,801,,0,0,0,0,48,0,0,0,0,0
3185,وَفْقاً,according to,known,textbook_scan,textbook_scan,True,1099,,943,943,,,922,774,0,0,17,0,29,0,0,0,0,0
3186,حَبَشِيّ,"Abyssinian, Ethiopian",known,textbook_scan,textbook_scan,True,2469,,42072,2469,23756,,38287,,0,0,0,0,16,0,0,0,0,0
3187,هِجْرِيّ,Islamic (calendar),known,textbook_scan,textbook_scan,True,2447,,26147,2447,12625,,35368,,0,0,0,0,4,0,0,0,0,0
3188,أَضْحَى,Eid al-Adha,known,textbook_scan,textbook_scan,True,2212,,23250,2212,6708,,3578,,0,0,0,0,13,0,0,0,0,0
3189,نَاقَة,she-camel,known,textbook_scan,textbook_scan,True,1552,,34496,1552,26445,,6044,665,0,0,0,0,23,0,0,0,0,0
3190,نَظَّمَ,to organize,known,textbook_scan,textbook_scan,True,1946,,2708,1946,8611,,1313,,1,1,3,0,16,0,0,0,0,0
3191,مَسِيرَة,"procession, march",known,textbook_scan,textbook_scan,True,2098,,2640,2098,4914,,1698,,0,0,1,0,19,1,0,0,1,0
3192,مُوَلِّد,"birthplace, birthday",known,textbook_scan,textbook_scan,True,2204,,9458,2204,3958,,4290,,0,0,0,0,8,0,0,0,0,0
3193,نَبَوِيّ,prophetic,known,textbook_scan,textbook_scan,True,2159,,61887,2159,2333,,5800,,0,0,0,0,13,0,0,0,0,0
3194,قَصِيدَة,poem,known,textbook_scan,textbook_scan,True,2125,,4774,2125,8225,,2281,,0,0,0,0,23,0,0,0,0,0
3195,مَجِيد,"glorious, magnificent",known,textbook_scan,textbook_scan,True,1534,,17463,1534,4582,,9251,837,0,0,0,0,15,0,0,0,0,0
3196,فَسْخ,"annulment, cancellation",known,textbook_scan,textbook_scan,True,2412,,25853,2412,79056,,12996,,0,0,0,0,14,0,0,0,0,0
3197,بَخُور,incense,known,textbook_scan,textbook_scan,True,2350,,26485,2350,33203,,6969,,0,0,0,0,20,1,0,0,1,0
3198,لِيرَة,lira (currency),known,frequency_core,textbook_scan,True,2199,,2098,2098,4808,,6375,,0,0,0,0,11,0,0,0,0,0
3199,وَجَمَ,"to collect, gather",learning,frequency_core,textbook_scan,True,1564,,,1564,,,5299,1161,0,0,1,0,5,0,0,0,0,0
3200,نَهَضَ,"to rise, stand up",known,frequency_core,textbook_scan,True,1996,,47993,1996,,,623,,0,0,14,0,24,0,0,0,0,0
3201,أَسْدَلَ,"to lower, draw down",lapsed,textbook_scan,textbook_scan,True,3495,,,3495,,,8477,,0,0,0,0,10,1,1,1,0,1
3202,قَاتِمَة,"dark, dim",known,textbook_scan,textbook_scan,True,2346,,79941,2346,83346,,5409,,0,0,0,0,15,2,1,0,2,0
3203,مُتَعَرِّج,"winding, zigzag",known,textbook_scan,textbook_scan,True,4446,,,4446,,,15756,,0,0,1,5,19,2,1,0,2,0
3204,وِعاء,"vessel, container",known,frequency_core,textbook_scan,True,1522,,14350,1522,32082,,5747,934,0,0,0,0,26,1,0,1,0,0
3205,نُحاسِيّ,"brass, copper",known,textbook_scan,textbook_scan,True,3624,,,3624,,,9333,,0,0,0,0,17,1,1,1,0,1
3206,اتَّقَدَ,"to ignite, blaze",known,textbook_scan,textbook_scan,True,2827,,,2827,,,3692,,0,0,0,1,11,1,0,0,1,0
3207,جَمْر,ember,known,textbook_scan,textbook_scan,True,2231,,62752,2231,34609,,2431,,0,0,0,0,17,0,0,0,0,0
3208,رَمَاد,ash,known,textbook_scan,textbook_scan,True,1587,,31546,1587,25178,,5870,1212,2,2,19,1,19,1,0,1,0,0
3209,عَتْمَة,darkness,known,textbook_scan,textbook_scan,True,2427,,53872,2427,36417,,12866,,0,0,0,0,18,0,0,0,0,0
3210,تَوَهَّجَ,to glow,acquiring,textbook_scan,textbook_scan,True,2439,,36165,2439,86174,,14786,,0,0,2,3,18,6,2,5,1,1
3211,ضِيَاء,radiance,known,textbook_scan,textbook_scan,True,1540,,13095,1540,56737,,4658,903,0,0,0,0,35,1,0,0,1,0
3212,امْتَزَجَ,to mix,known,textbook_scan,textbook_scan,True,3021,,,3021,,,5326,,0,0,0,0,18,0,0,0,0,0
3213,صَخَب,noise,known,textbook_scan,textbook_scan,True,2373,,30788,2373,57839,,7523,,0,0,0,0,24,2,1,1,1,0
3214,مَحْظُوظَة,lucky,known,textbook_scan,textbook_scan,True,3835,,52307,3835,,,10791,,0,0,0,0,9,0,0,0,0,0
3215,نَزَعَ,to remove,known,frequency_core,textbook_scan,True,1240,,8312,1240,,,2488,393,0,0,3,1,15,0,0,0,0,0
3216,ناضِج,ripe,known,textbook_scan,textbook_scan,True,2381,,49019,2381,77165,,7924,,0,0,0,0,17,1,0,0,1,0
3217,ابْتَدَأَ,to begin,known,frequency_core,textbook_scan,True,2135,,34017,2135,,,3883,,0,0,1,0,13,0,0,0,0,0
3218,خَفِيض,low,known,textbook_scan,textbook_scan,True,3951,,,3951,,,11699,,0,0,0,0,7,0,0,0,0,0
3219,غَامِض,obscure,known,textbook_scan,textbook_scan,True,2241,,28709,2241,34781,,3663,,0,0,2,0,19,0,0,0,0,0
3220,نَبْرَة,tone,known,textbook_scan,textbook_scan,True,2324,,31290,2324,60817,,5155,,0,0,2,0,13,0,0,0,0,0
3221,اقْتَرَبَ,to approach,known,textbook_scan,textbook_scan,True,1289,,13673,1289,,,1361,722,0,0,7,0,33,1,0,0,1,1
3222,اضْطَجَعَ,to recline,known,textbook_scan,textbook_scan,True,3350,,,3350,,,7612,,0,0,0,5,25,4,2,1,3,0
3223,تِلَاوَة,recitation,known,frequency_core,textbook_scan,True,2225,,7635,2225,25901,,4057,,0,0,0,0,15,0,0,0,0,0
3224,رَنِين,ringing,known,textbook_scan,textbook_scan,True,2365,,29977,2365,45272,,7349,,0,0,4,0,11,0,0,0,0,0
3225,بَغْتَة,suddenly,known,textbook_scan,textbook_scan,True,1107,,84458,1107,,,2426,190,0,0,0,0,19,0,0,0,0,0
3226,أَغْمَضَ,to close,known,textbook_scan,textbook_scan,True,1770,,75909,1770,,,4384,1107,0,0,1,4,17,1,0,1,0,1
3227,صَعِدَ,to ascend,known,textbook_scan,textbook_scan,True,1231,,13460,1231,21858,,964,753,0,0,8,0,12,1,1,0,1,0
3228,تَجْعِيدَة,wrinkle,known,textbook_scan,textbook_scan,True,,,,,,,,,0,0,0,0,11,0,0,0,0,0
3229,عَلَا,to rise,known,textbook_scan,textbook_scan,True,1246,,15025,1246,16683,,2002,435,0,0,3,0,7,0,0,0,0,0
3230,بَلَغَ,to reach,known,frequency_core,textbook_scan,True,782,,1262,782,,,165,137,1,1,5,4,22,1,0,0,1,0
3231,عُنُق,neck,known,textbook_scan,textbook_scan,True,1248,,14933,1248,27203,,1262,571,0,0,0,0,17,0,0,0,0,0
3232,دَاعَبَ,"to caress, fondle",known,textbook_scan,textbook_scan,True,2953,,,2953,,,4969,,0,0,0,0,21,1,0,1,0,1
3233,اِعْتَصَرَ,"to squeeze, press",known,textbook_scan,textbook_scan,True,4678,,,4678,,,17790,,0,0,0,0,7,0,0,0,0,0
3234,رِفْق,"gentleness, kindness",known,frequency_core,textbook_scan,True,2347,,81261,2347,36205,,13678,,0,0,0,0,44,0,0,0,0,0
3235,اِنْحَدَرَ,"to descend, flow",suspended,textbook_scan,textbook_scan,False,2266,,34771,2266,,,3070,,0,0,3,1,21,2,2,0,2,0
3236,ضِرَاوَة,"ferocity, viciousness",known,leech_reintro,textbook_scan,True,2362,,65965,2362,,,6083,,0,0,1,3,17,0,0,0,0,0
3237,تَأَوَّهَ,"to sigh, moan",known,textbook_scan,textbook_scan,True,1305,,36825,1305,,,2757,440,0,0,5,6,19,0,0,0,0,0
3238,صُعُوبَة,difficulty,known,frequency_core,textbook_scan,True,2111,,3931,2111,14720,,1537,,0,0,9,0,17,0,0,0,0,0
3239,دُخَان,smoke,known,textbook_scan,textbook_scan,True,1484,,14517,1484,12414,,2873,995,1,1,14,0,35,0,0,0,0,0
3240,مُنْتَشِر,"scattered, spread",known,textbook_scan,textbook_scan,True,1529,,43229,1529,41334,,3271,1324,0,0,0,0,17,1,0,1,0,0
3241,مُتَّقِد,"glowing, burning",known,textbook_scan,textbook_scan,True,3334,,,3334,,,7532,,0,0,0,2,25,1,0,0,1,0
3242,قَشْعَرِيرَة,"shiver, chill",known,textbook_scan,textbook_scan,True,3560,,,3560,,,8941,,0,0,0,0,18,1,0,0,1,0
3243,تَنَاهَى,"reached, came to",known,textbook_scan,textbook_scan,True,1863,,,1863,,,14078,1149,0,0,0,0,25,2,0,0,2,0
3244,عَارِيَة,"naked, bare",known,textbook_scan,textbook_scan,True,2242,,16663,2242,41759,,3408,,0,0,4,0,8,0,0,0,0,0
3245,هَمَسَ,to whisper,known,frequency_core,textbook_scan,True,1416,,3066,1416,52526,,2601,1346,5,5,20,1,22,0,0,0,0,0
3246,ذُعْر,"terror, fright",known,textbook_scan,textbook_scan,True,2259,,61662,2259,29015,,3013,,1,1,1,0,32,1,0,0,1,0
3247,آذَىً,"harm, injury",known,textbook_scan,textbook_scan,True,1362,,17619,1362,13424,,2715,546,0,0,1,4,20,1,0,0,1,0
3248,جَرِيح,"wounded, wounded one",known,textbook_scan,textbook_scan,True,2151,,10935,2151,24919,,1815,,0,0,0,0,20,0,0,0,0,0
3249,ارْتَمَى,"to throw oneself, to fall",known,textbook_scan,textbook_scan,True,3026,,,3026,,,5348,,0,0,1,4,18,4,0,3,1,0
3250,غَرِيق,drowned person,known,textbook_scan,textbook_scan,True,3260,,80282,3260,80282,,7109,,0,0,1,0,18,0,0,0,0,0
3251,ازْدَادَ,to increase,known,frequency_core,textbook_scan,True,1165,,14285,1165,,,857,586,0,0,35,0,24,0,0,0,0,1
3252,تَكَاثَفَ,to condense,known,textbook_scan,textbook_scan,True,3712,,,3712,,,9919,,0,0,0,0,14,0,0,0,0,0
3253,هَتَفَ,to shout,known,textbook_scan,textbook_scan,True,2237,,58948,2237,,,3125,,0,0,0,5,16,3,0,2,1,2
3254,مَرْحَة,joy,known,textbook_scan,textbook_scan,True,1500,,44910,1500,40456,,3805,921,0,0,6,0,9,1,1,0,1,0
3255,اكْتَظَّ,to be crowded,known,textbook_scan,textbook_scan,True,3231,,,3231,,,6868,,0,0,0,0,14,0,0,0,0,0
3256,لَفَحَ,to scorch,known,textbook_scan,textbook_scan,True,1646,,,1646,,,13758,1296,0,0,2,4,21,1,0,0,1,0
3257,احْتَضَن,to embrace,known,frequency_core,textbook_scan,True,2279,,50126,2279,,,4944,,0,0,1,5,20,2,0,1,1,2
3258,خَدَّر,numbness,known,leech_reintro,textbook_scan,True,3603,,66042,3603,,,9199,,0,0,0,2,17,0,0,0,0,0
3259,جَائِع,hungry,known,textbook_scan,textbook_scan,True,3073,,54350,3073,79634,,5711,,0,0,0,0,14,0,0,0,0,0
3260,لَهَث,to pant,known,textbook_scan,textbook_scan,True,1792,,,1792,,,6346,1063,0,0,7,0,14,1,1,0,1,0
3261,اضْمَحَل,to fade,known,textbook_scan,textbook_scan,True,3684,,,3684,,,9699,,0,0,0,2,28,1,0,1,0,1
3262,مَهَل,leisure,known,textbook_scan,textbook_scan,True,1382,,54950,1382,50453,,4473,473,0,0,0,0,18,0,0,0,0,0
3263,نَاءٌ,"distant, remote",known,textbook_scan,textbook_scan,True,2299,,,2299,,,5013,,0,0,1,0,15,0,0,0,0,0
3264,حُزْن,"sadness, sorrow",known,frequency_core,textbook_scan,True,1012,,13655,1012,6096,,773,224,0,0,8,0,18,1,0,0,1,0
3265,مُبْتَعِد,"distant, remote one",known,textbook_scan,textbook_scan,True,,,,,,,,,0,0,0,0,14,0,0,0,0,1
3266,عَانَقَ,"to embrace, hug",known,textbook_scan,textbook_scan,True,2849,,,2849,,,3865,,0,0,3,0,14,1,0,1,0,0
3267,عَيْب,"shame, defect",known,frequency_core,textbook_scan,True,1467,,14833,1467,21805,,2589,1276,0,0,0,0,16,1,0,0,1,0
3268,أَجير,"hired worker, laborer",known,textbook_scan,textbook_scan,True,2388,,91529,2388,70521,,8916,,0,0,0,0,28,1,0,0,1,1
3269,رَغيف,loaf of bread,known,textbook_scan,textbook_scan,True,2339,,29152,2339,50893,,5798,,0,0,1,0,13,0,0,0,0,0
3270,غَضِب,"anger, rage",known,frequency_core,textbook_scan,True,1042,,5961,1042,5985,,556,355,0,0,9,2,21,0,0,0,0,0
3271,امْتَلَك,to own,known,frequency_core,textbook_scan,True,2139,,12807,2139,,,2409,,0,0,8,0,18,0,0,0,0,0
3272,عِرْس,wedding,known,frequency_core,textbook_scan,True,2141,,20366,2141,17504,,1973,,0,0,0,0,15,1,1,0,1,1
3273,أَطْلَقَ,to release,suspended,frequency_core,textbook_scan,False,1851,,3128,1851,,,446,,1,1,13,3,16,0,0,0,0,0
3274,فُضول,curiosity,known,textbook_scan,textbook_scan,True,2334,,40380,2334,28774,,5670,,0,0,0,0,14,0,0,0,0,0
3275,صَاح,to shout,known,frequency_core,textbook_scan,True,988,,41223,988,,1034,396,,11,7,49,0,20,1,0,1,0,1
3276,بَاح,to reveal,known,textbook_scan,textbook_scan,True,2209,,,2209,,,2495,,0,0,5,3,16,1,0,1,0,1
3277,طَاغٌ,tyrant,known,textbook_scan,textbook_scan,True,1611,,68608,1611,68608,,5634,1260,0,0,1,0,21,0,0,0,0,0
3278,عَدُو,enemy,known,frequency_core,textbook_scan,True,927,,10201,927,2525,,549,162,0,0,3,0,45,2,1,0,2,0
3279,حَقْل,field,known,textbook_scan,textbook_scan,True,2152,,6785,2152,12776,,2081,,0,0,2,0,39,0,0,0,0,0
3280,غَيَّم,to cloud,known,textbook_scan,textbook_scan,True,2450,,76394,2450,49658,,16843,,0,0,0,0,4,0,0,0,0,0
3281,تَهالَك,to be ruined,lapsed,textbook_scan,textbook_scan,True,3992,,,3992,,,11957,,0,0,0,0,12,1,1,1,0,1
3283,حَرَق,burning,suspended,frequency_core,textbook_scan,False,1541,,8591,1541,33709,,6126,875,0,0,3,1,19,0,0,0,0,0
3284,قَاسٌ,harsh,known,textbook_scan,textbook_scan,True,2189,,51608,2189,33187,,2395,,0,0,0,0,22,3,2,1,2,0
3285,عِنْدَئِذ,then,known,textbook_scan,textbook_scan,True,2223,,14838,2223,,,2875,,1,1,38,0,10,0,0,0,0,0
3286,هَطَل,to pour,known,textbook_scan,textbook_scan,True,2430,,,2430,,,12989,,0,0,0,0,11,0,0,0,0,0
3287,ارْتَعَد,to tremble,lapsed,textbook_scan,textbook_scan,True,2710,,,2710,,,2599,,1,1,3,6,22,2,2,0,2,0
3288,ابْتَعَد,to recede,suspended,textbook_scan,textbook_scan,False,2220,,21164,2220,,,2461,,0,0,2,5,9,0,0,0,0,0
3289,اتَّجَه,to head,known,frequency_core,textbook_scan,True,2023,,21465,2023,,,1058,,1,1,30,0,16,1,0,0,1,0
3290,أَزَاحَ,to remove,suspended,textbook_scan,textbook_scan,False,2326,,58226,2326,,,5858,,0,0,0,2,21,0,0,0,0,0
3291,تَدَفَّق,to flow,lapsed,frequency_core,textbook_scan,True,2233,,7482,2233,27253,,4575,,0,0,1,0,23,1,1,0,1,0
3292,مَغْمور,immersed,lapsed,textbook_scan,textbook_scan,True,4093,,82125,4093,83363,,12799,,0,0,0,0,10,1,1,1,0,1
3293,ساطِع,bright,known,textbook_scan,textbook_scan,True,2331,,21846,2331,48391,,6298,,0,0,0,0,15,0,0,0,0,0
3294,تَمَلْمَلَ,"fidget, squirm",known,textbook_scan,textbook_scan,True,3269,,,3269,,,7173,,0,0,1,0,18,1,1,1,0,0
3295,فُوجِئَ,to surprise,known,frequency_core,textbook_scan,True,2162,,30619,2162,,,2286,,1,1,5,0,16,1,1,0,1,0
3296,مَذْعُور,"frightened, terrified",known,textbook_scan,textbook_scan,True,2909,,,2909,,,4485,,0,0,0,4,23,0,0,0,0,0
3297,رَحَلَ,"to depart, to leave",known,frequency_core,textbook_scan,True,1330,,13128,1330,44580,,2625,887,0,0,1,1,21,1,0,0,1,0
3298,انْحَنَى,"to bend, to bow",suspended,frequency_core,textbook_scan,False,2245,,90316,2245,,,2377,,1,1,11,6,10,0,0,0,0,0
3299,إِعْيَاء,"exhaustion, fatigue",known,textbook_scan,textbook_scan,True,3403,,92041,3403,69179,,7978,,0,0,0,0,29,1,0,0,1,0
3300,مُغْمَض,closed,known,textbook_scan,textbook_scan,True,3662,,,3662,,,9526,,0,0,0,0,12,2,0,1,1,1
3301,مَسَحَ,to wipe,known,frequency_core,textbook_scan,True,1419,,8346,1419,11483,,2807,841,0,0,10,0,20,0,0,0,0,0
3302,تَرَقْرَقَ,to shimmer,known,textbook_scan,textbook_scan,True,3143,,,3143,,,6167,,0,0,0,0,13,0,0,0,0,0
3303,دَمْع,tear,lapsed,textbook_scan,textbook_scan,True,1175,,73684,1175,9357,,627,997,0,0,4,0,41,9,4,2,7,0
3304,مُتَجَوِّل,wandering,known,textbook_scan,textbook_scan,True,3511,,87868,3511,73042,,8568,,0,0,2,0,16,1,0,1,0,0
3305,يَائِس,despairing,known,textbook_scan,textbook_scan,True,2344,,96490,2344,,,5268,,1,1,3,0,9,0,0,0,0,0
3306,وَحِيد,alone,known,frequency_core,textbook_scan,True,1141,,6900,1141,1609,,670,1347,1,1,19,0,20,0,0,0,0,0
3307,مُتَطَلِّع,"eager, yearning",known,textbook_scan,textbook_scan,True,4046,,,4046,,,12416,,0,0,0,0,18,1,0,0,1,0
3308,لَهْفَة,"longing, eagerness",known,textbook_scan,textbook_scan,True,2292,,45740,2292,,,3371,,0,0,0,5,17,1,0,0,1,0
3309,عَثَرَ,"to stumble, to find",known,frequency_core,textbook_scan,True,1322,,7061,1322,,,1659,819,1,1,22,6,20,1,0,0,1,0
3310,عَابِر,"passing, transient",suspended,textbook_scan,textbook_scan,False,1599,,19856,1599,32318,,5062,1266,0,0,0,1,12,0,0,0,0,0
3311,تَخَاصَم,"to quarrel, dispute",learning,textbook_scan,textbook_scan,True,1855,,,1855,,,13069,1139,0,0,0,5,26,4,2,0,4,0
3312,ضَعُفَ,"weakness, weak",known,textbook_scan,textbook_scan,True,915,,149,149,7218,,928,401,0,0,7,0,16,0,0,0,0,0
3313,اسْتَغْرَب,to be surprised,known,textbook_scan,textbook_scan,True,2167,,23988,2167,,,1495,,0,0,0,5,16,0,0,0,0,0
3314,رَغْبَة,desire / wish,known,textbook_scan,textbook_scan,True,1943,,3393,1943,4708,,657,,1,1,5,1,16,0,0,0,0,0
3315,غَرْس,to plant,lapsed,textbook_scan,textbook_scan,True,2308,,20661,2308,,,5486,,0,0,0,0,10,0,0,0,0,0
3316,مَنَح,"grant, bestow",known,frequency_core,textbook_scan,True,2070,,2747,2070,13072,,1324,,0,0,5,5,18,0,0,0,0,0
3317,ذَكَاء,intelligence,known,textbook_scan,textbook_scan,True,2133,,9798,2133,6271,,1712,,0,0,0,0,11,0,0,0,0,0
3318,طَحّان,miller,known,textbook_scan,textbook_scan,True,,,83740,83740,84932,,,,0,0,0,0,13,0,0,0,0,0
3319,مَطْحَنة,mill,known,textbook_scan,textbook_scan,True,2370,,12106,2370,68035,,12114,,0,0,0,0,9,0,0,0,0,0
3320,قَمْح,wheat,known,textbook_scan,textbook_scan,True,2226,,36230,2226,6250,,4580,,0,0,1,0,21,2,1,2,0,0
3321,أَدَارَ,to turn,known,frequency_core,textbook_scan,True,1293,,17779,1293,,,1445,1096,0,0,4,1,22,1,0,1,0,0
3322,طاحُونَة,mill,known,textbook_scan,textbook_scan,True,2372,,21802,2372,68172,,8810,,0,0,0,0,15,0,0,0,0,0
3323,طَحَن,to grind,known,textbook_scan,textbook_scan,True,2367,,12150,2367,39229,,11751,,0,0,0,0,12,0,0,0,0,0
3324,دَقَّ,to ring,known,textbook_scan,textbook_scan,True,1403,,22207,1403,,,2483,996,0,0,9,0,13,1,1,1,0,1
3325,رَغِب,to desire,known,textbook_scan,textbook_scan,True,1138,,30052,1138,,,1413,596,4,4,10,0,12,0,0,0,0,0
3326,مُواطِن,citizen,known,textbook_scan,textbook_scan,True,1082,,2947,1082,1415,,582,1328,0,0,0,0,23,0,0,0,0,0
3327,إِحْضَار,bringing,known,textbook_scan,textbook_scan,True,2285,,19256,2285,,,4382,,0,0,5,0,20,1,0,1,0,0
3328,وَزَع,to distribute,known,textbook_scan,textbook_scan,True,1460,,25244,1460,,,3072,772,0,0,2,2,19,3,0,1,2,1
3329,جُوع,hunger,known,textbook_scan,textbook_scan,True,1394,,30914,1394,10752,,2507,730,0,0,2,1,29,1,0,0,1,0
3330,ضَاعَف,to double,suspended,textbook_scan,textbook_scan,False,1405,,46599,1405,,,4042,567,0,0,1,6,11,0,0,0,0,0
3331,فِطْنَة,shrewdness,known,textbook_scan,textbook_scan,True,1161,,82739,1161,88766,,2003,391,0,0,1,0,9,0,0,0,0,0
3332,أَوْصَى,to advise,known,textbook_scan,textbook_scan,True,1243,,15301,1243,,,1259,551,0,0,2,1,18,1,0,1,0,1
3333,حَذْف,deletion,known,frequency_core,textbook_scan,True,2272,,3471,2272,29519,,10699,,0,0,0,1,19,1,0,0,1,0
3334,مَجَان,free,known,textbook_scan,textbook_scan,True,2239,,90573,2239,,,3794,,0,0,0,0,6,0,0,0,0,0
3335,مُفْحَم,silenced,learning,textbook_scan,textbook_scan,True,,,,,,,,,0,0,0,0,12,0,0,0,0,0
3336,وَجِيه,dignified,known,frequency_core,textbook_scan,True,1544,,23009,1544,68562,,5171,1086,0,0,1,7,18,0,0,0,0,0
3337,رَاكِب,rider,known,textbook_scan,textbook_scan,True,1408,,18268,1408,32779,,1817,1204,0,0,0,0,23,0,0,0,0,0
3349,مِيثَاق,"covenant, treaty",encountered,quran,audit_2026-05-06,False,1462,,10769,1462,14425,,4183,324,0,0,0,0,0,0,0,0,0,0
3350,طُغْيَان,"transgression, excess",encountered,quran,audit_2026-05-06,False,1637,,37415,1637,38185,,7375,568,0,0,0,0,0,0,0,0,0,0
3351,تِجَارَة,"trade, commerce",known,quran,audit_2026-05-06,True,1171,,2354,1171,1047,,958,552,0,0,0,0,20,0,0,0,0,0
3352,اِتَّقَى,"to fear, beware",known,quran,audit_2026-05-06,True,958,,56922,958,,,5065,41,0,0,0,0,17,1,1,0,1,0
3353,أَفْسَدَ,"to corrupt, ruin",known,frequency_core,audit_2026-05-06,True,610,,45617,610,,742,2568,248,8,0,3,0,18,2,0,1,1,1
3354,مَجَال,"field, domain, scope",known,frequency_core,audit_2026-05-06,True,966,,371,371,1038,1639,346,,1,0,2,0,19,2,0,0,2,0
3355,مُنْتَدَى,forum,known,frequency_core,frequency_core,True,1737,,8,8,41,,2930,,0,0,0,0,26,0,0,0,0,0
3356,قِسْم,"section, department",known,frequency_core,frequency_core,True,548,,11,11,172,,994,332,1,1,4,0,15,0,0,0,0,0
3357,مُحْتَوًى,content,known,frequency_core,frequency_core,True,2483,,169,169,3087,,4741,,0,0,0,0,21,0,0,0,0,0
3358,عَدَم,"lack, nonexistence",known,frequency_core,frequency_core,True,1681,,206,206,32388,,258,,1,1,10,0,17,1,0,0,1,0
3359,عَبْرَ,"through, via, across",known,frequency_core,frequency_core,True,947,,113,113,22442,,495,644,0,0,26,0,21,0,0,0,0,0
3360,لَيْزَر,laser,known,frequency_core,frequency_core,True,2583,,1851,1851,319,,13527,,0,0,0,0,7,0,0,0,0,0
3361,شَبَكِيّ,retinal,,,frequency_core,False,2559,,15640,2559,15640,,17875,,0,0,0,,,0,0,0,0,0
3363,تَطْبِيق,application; implementation,known,collateral,frequency_core,True,2485,,639,639,2485,,1184,,0,0,0,0,24,1,0,1,0,0
3364,ثَانَوِي,secondary,encountered,collateral,frequency_core,False,2569,,647,647,1848,,3149,,0,0,0,0,0,0,0,0,0,0
3365,تَرْحِيب,welcome; greeting,encountered,textbook_scan,frequency_core,False,2617,,7778,2617,653,,4620,,0,0,0,0,0,0,0,0,0,0
3366,مُؤَسَّسَة,institution; foundation,known,study,frequency_core,True,1836,,669,669,1146,,383,,0,0,2,0,16,0,0,0,0,0
3367,ملفّة,file,,,frequency_core,False,2517,,,2517,,,3478,,0,0,0,,,0,0,0,0,0
3368,قَنَاة,channel,known,textbook_scan,frequency_core,True,2477,,673,673,1233,,1209,,0,0,0,0,15,0,0,0,0,0
3369,هَيْئَة,body,known,leech_reintro,frequency_core,True,1839,,620,620,675,,410,,1,1,1,2,14,0,0,0,0,0
3370,مِلْيَار,billion,known,study,frequency_core,True,1901,,683,683,32827,,533,,0,0,1,0,9,1,0,1,0,0
3371,أَجْنَبِي,foreign,known,textbook_scan,frequency_core,True,2002,,4458,2002,4781,,833,,0,0,0,0,9,0,0,0,0,0
3372,حَرِيرِي,silken; made of silk,known,textbook_scan,frequency_core,True,1378,,63079,1378,691,,2879,876,0,0,8,0,9,0,0,0,0,0
3373,نَائِب,deputy; vice-,known,study,frequency_core,True,1760,,703,703,692,,245,,0,0,0,0,27,0,0,0,0,0
3374,نِسْبَة,ratio; proportion; attribution,known,textbook_scan,frequency_core,True,997,,712,712,5970,,229,927,0,0,17,2,19,1,0,0,1,0
3376,مُخَالِف,opponent; opposing,,,frequency_core,False,2502,,259,259,20506,,3412,,0,0,2,,,0,0,0,0,0
3377,قِطَاع,sector; cutting,known,leech_reintro,frequency_core,True,1713,,533,533,721,,212,,0,0,0,1,23,1,1,1,0,1
3378,مُؤْتَمَر,conference; meeting,known,leech_reintro,frequency_core,True,1793,,857,857,723,,293,,0,0,3,3,28,1,0,0,1,0
3379,جِهَة,direction; side; entity,known,study,frequency_core,True,1766,,750,750,3037,,246,,0,0,6,0,12,0,0,0,0,0
3385,أكّد,to confirm,known,textbook_scan,frequency_core,True,1657,,433,433,,,115,,1,1,15,0,18,1,0,1,0,0
3386,سَبِيل,path,known,textbook_scan,frequency_core,True,701,,998,701,7989,,299,43,0,0,11,0,24,1,0,0,1,0
3387,صَحِيفَة,newspaper,known,leech_reintro,frequency_core,True,1058,,594,594,2069,,474,603,0,0,2,1,12,0,0,0,0,0
3388,إِطَار,frame,known,leech_reintro,frequency_core,True,1885,,599,599,3350,,519,,0,0,3,1,16,2,0,0,2,0
3389,تَطْوِير,development,known,collateral,frequency_core,True,1887,,386,386,3334,,692,,0,0,0,0,12,0,0,0,0,0
3390,إِعْلَان,announcement,known,study,frequency_core,True,1936,,856,856,995,,539,,0,0,2,0,15,0,0,0,0,0
3391,إِنْشَاء,creation,known,study,frequency_core,True,1187,,519,519,11282,,862,1117,0,0,0,0,9,0,0,0,0,0
3392,ضَرُورَة,necessity,known,leech_reintro,frequency_core,True,1995,,875,875,10381,,695,,0,0,3,1,19,1,0,0,1,0
3393,حِمَايَة,protection,known,collateral,frequency_core,True,2027,,987,987,1699,,748,,1,1,3,0,30,0,0,0,0,0
3394,تَعْدِيل,amendment,known,leech_reintro,frequency_core,True,2038,,816,816,5330,,879,,0,0,1,1,20,1,0,0,1,0
3395,أَشَار,to point,known,textbook_scan,frequency_core,True,969,,2400,969,,,160,852,0,0,6,7,32,2,1,0,2,0
3396,أَضَاف,to add,known,textbook_scan,frequency_core,True,921,,3407,921,,,149,1102,2,2,12,0,19,2,1,0,2,0
3397,وَقَارٌ,dignity,suspended,textbook_scan,textbook_scan,False,1799,,85543,1799,75167,,5236,1351,0,0,2,3,14,0,0,0,0,0
3398,قَبُولٌ,acceptance,known,textbook_scan,textbook_scan,True,1314,,3667,1314,4036,,1310,1285,0,0,0,0,31,1,0,1,0,1
3399,اِسْتَوْقَفَ,to stop,known,textbook_scan,textbook_scan,True,2886,,,2886,,,4172,,0,0,0,0,11,0,0,0,0,0
3400,غَزِيرٌ,heavy,known,textbook_scan,textbook_scan,True,2283,,34578,2283,55286,,5213,,0,0,0,0,18,0,0,0,0,0
3401,اِخْتَفَى,to disappear,known,textbook_scan,textbook_scan,True,2198,,18943,2198,,,2523,,2,2,26,2,31,0,0,0,0,0
3402,اِضْطَرَبَ,to be disturbed,acquiring,leech_reintro,textbook_scan,True,2072,,95001,2072,,,802,,0,0,15,7,25,3,1,1,2,1
3403,بَزَغَ,to rise,acquiring,textbook_scan,textbook_scan,True,1634,,,1634,,,10822,1128,0,0,1,3,14,2,1,2,0,1
3404,مُعْتَادٌ,accustomed,known,textbook_scan,textbook_scan,True,2255,,34139,2255,13716,,3973,,0,0,5,0,16,1,0,0,1,0
3405,فَوْرًا,immediately,known,textbook_scan,textbook_scan,True,1120,,3101,1120,4118,,1214,423,3,3,28,0,18,0,0,0,0,0
3406,دَهِشَ,to be astonished,known,textbook_scan,textbook_scan,True,2248,,96228,2248,,,3031,,3,3,9,0,13,1,0,1,0,0
3407,مُتَعاطِفٌ,sympathetic,known,textbook_scan,textbook_scan,True,4296,,,4296,,,14603,,0,0,0,0,11,0,0,0,0,0
3408,عُصْفُورٌ,bird,known,textbook_scan,textbook_scan,True,2252,,23850,2252,35685,,4016,,1,1,1,0,12,0,0,0,0,0
3409,مَبْنَى,building,known,textbook_scan,textbook_scan,True,1303,,3171,1303,5872,,1290,1300,0,0,6,0,19,0,0,0,0,0
3410,اِنْتِساب,affiliation,known,textbook_scan,textbook_scan,True,2378,,30979,2378,24055,,8980,,0,0,0,1,10,3,0,1,2,1
3411,مُغْتَبِط,delighted,known,textbook_scan,textbook_scan,True,3229,,,3229,,,6843,,0,0,0,1,17,2,0,1,1,0
3412,تَجَاهَلَ,to ignore,known,textbook_scan,textbook_scan,True,2123,,9390,2123,40127,,2862,,0,0,0,2,19,0,0,0,0,0
3413,مَضّ,to pass,known,textbook_scan,frequency_core,True,1622,,,1622,,,7755,769,0,0,12,0,3,0,0,0,0,0
3414,مُتَوَسِّط,"moderate, average",known,collateral,frequency_core,True,2486,,579,579,1252,,1281,,0,0,0,0,20,5,1,1,4,0
3415,مَقَرّ,"headquarters, seat",known,textbook_scan,frequency_core,True,2487,,1665,1665,9507,,697,,1,1,2,0,20,4,1,0,4,0
3416,حَقَّق,"to verify, to realize",suspended,collateral,frequency_core,False,2479,,3524,2479,,,522,,1,1,2,1,16,0,0,0,0,0
3417,أَفاد,"to benefit, to inform",acquiring,bookifier,frequency_core,True,1244,,3336,1244,,,534,947,0,0,6,1,14,0,0,0,0,0
3418,مُنْتَخَب,"elected representative, select",,,frequency_core,False,1994,,1598,1598,796,,733,,0,0,0,,,0,0,0,0,0
3419,زَعِيم,leader,encountered,collateral,frequency_core,False,1806,,3703,1806,3846,,537,1011,0,0,0,0,0,0,0,0,0,0
3420,تَحْدِيد,"determination, specification",known,leech_reintro,frequency_core,True,2496,,1086,1086,15275,,947,,0,0,0,1,15,1,1,0,1,0
3421,صُنْدُوق,box,known,leech_reintro,frequency_core,True,2497,,1866,1866,2998,,719,,0,0,9,1,23,0,0,0,0,0
3422,جَرِيمَة,crime,encountered,collateral,frequency_core,False,2495,,2668,2495,2563,,622,,0,0,2,0,0,0,0,0,0,0
3423,أَداء,performance,known,leech_reintro,frequency_core,True,1817,,1422,1422,2512,,837,1095,0,0,2,1,52,2,1,0,2,0
3424,سَبَقَ,to precede,known,textbook_scan,frequency_core,True,1111,,1709,1111,27898,,775,340,0,0,6,3,11,2,0,1,1,2
3425,حَجْم,size,known,collateral,frequency_core,True,2505,,1205,1205,4236,,971,,0,0,13,0,12,0,0,0,0,0
3426,ناحِيَة,side,suspended,bookifier,frequency_core,False,2506,,2255,2255,4483,,715,,0,0,9,1,5,0,0,0,0,0
3427,هُجُوم,attack,known,collateral,frequency_core,True,2494,,2749,2494,2064,,673,,0,0,0,0,22,0,0,0,0,0
3428,تَشْكِيل,formation,encountered,collateral,frequency_core,False,2510,,1052,1052,10687,,1088,,0,0,1,0,0,0,0,0,0,0
3429,ضَمّ,to annex,acquiring,textbook_scan,frequency_core,True,1089,,4496,1089,37186,,569,1028,0,0,4,1,14,9,3,4,5,8
3430,نَوَوِيّ,nuclear,,,frequency_core,False,2455,,16504,2455,2387,,398,,0,0,0,,,0,0,0,0,0
3431,مُكافَحَة,"combating, fight against",,,frequency_core,False,2514,,859,859,25522,,1308,,0,0,0,,,0,0,0,0,0
3432,مِلَفّ,"file, dossier",encountered,collateral,frequency_core,False,2515,,1072,1072,1958,,1146,,0,0,0,0,0,0,0,0,0,0
3433,ٱِسْتِثْمار,investment,,,frequency_core,False,2470,,5895,2470,1349,,563,,0,0,0,,,0,0,0,0,0
3434,تَوْفِير,"provision, supply",known,collateral,frequency_core,True,2520,,1356,1356,28695,,1081,,0,0,21,0,23,1,0,0,1,0
3435,ثِقَة,"trust, confidence",known,textbook_scan,frequency_core,True,2507,,3195,2507,2196,,728,,0,0,3,12,37,1,0,0,1,0
3436,عُنْصُر,"element, component",,,frequency_core,False,2471,,5739,2471,10130,,596,,0,0,1,,,0,0,0,0,0
3437,حارِس,"guard, keeper",known,collateral,frequency_core,True,2521,,4687,2521,4979,,640,,0,0,2,0,28,0,0,0,0,0
3438,خِلاف,disagreement; contrary to,known,leech_reintro,frequency_core,True,1253,,3823,1253,4534,,696,686,0,0,6,2,15,0,0,0,0,0
3439,مِنْصَب,position; post; office,suspended,leech_reintro,frequency_core,False,2526,,2754,2526,7975,,830,,0,0,0,6,10,0,0,0,0,0
3440,تَعْزِيز,to strengthen; reinforcement,encountered,collateral,frequency_core,False,2527,,1499,1499,58246,,1123,,0,0,0,0,0,0,0,0,0,0
3441,سَعْي,to seek; effort,acquiring,bookifier,frequency_core,True,1215,,14429,1215,7629,,1228,286,0,0,0,1,7,2,0,2,0,1
3442,إِقْلِيم,region; province; territory,,,frequency_core,False,2528,,2457,2457,5006,,886,,0,0,0,,,0,0,0,0,0
3443,ٱِنْفِصال,to separate; separation; disconnection,,,frequency_core,False,2530,,315,315,10067,,4494,,0,0,0,,,0,0,0,0,0
3444,ٱِنْتِهاء,to end; conclusion; termination,known,collateral,frequency_core,True,2531,,1867,1867,3300,,1066,,0,0,1,0,29,1,0,0,1,0
3445,دائِرَة,circle; department; office,lapsed,bookifier,frequency_core,True,1312,,1593,1312,3902,,1196,798,0,0,5,0,20,8,2,0,8,0
3446,وَفاء,"loyalty, faithfulness",known,textbook_scan,textbook_scan,True,2154,,8823,2154,6226,,2193,,1,1,1,0,34,1,0,0,1,0
3447,إِسْبانِيّ,Spanish,known,textbook_scan,textbook_scan,True,2330,,27498,2330,1818,,39401,,0,0,0,0,4,0,0,0,0,0
3448,ظُلْمَة,darkness,known,textbook_scan,textbook_scan,True,1313,,25744,1313,24134,,3232,345,0,0,0,0,21,0,0,0,0,0
3449,نَزاهَةَ,"integrity, honesty",known,textbook_scan,textbook_scan,True,2309,,25855,2309,17656,,5904,,0,0,0,0,27,0,0,0,0,0
3451,جَوَاد,"horse, steed",known,textbook_scan,textbook_scan,True,1338,,8907,1338,14975,,1181,1164,0,0,0,0,10,1,0,1,0,0
3453,أَشْفَقَ,"to pity, to have compassion",suspended,textbook_scan,textbook_scan,False,1675,,72479,1675,,,2638,521,0,0,0,5,9,0,0,0,0,0
3454,اِنْدَفَعَ,"to rush, to surge",known,textbook_scan,textbook_scan,True,2253,,58506,2253,,,2714,,0,0,3,4,19,2,0,0,2,0
3455,لِئَلَّا,"lest, so that not",known,textbook_scan,textbook_scan,True,,,16215,16215,,,,,0,0,0,1,13,0,0,0,0,0
3456,اِنْتَشَرَ,"spread, dispersed",known,textbook_scan,textbook_scan,True,1267,,12584,1267,,,1740,857,0,0,3,6,21,1,0,0,1,0
3457,ماشِي,walker,known,textbook_scan,textbook_scan,True,2261,,26449,2261,65840,,3584,,0,0,1,0,9,1,0,0,1,0
3458,مَغْشُوش,adulterated,known,textbook_scan,textbook_scan,True,4304,,96959,4304,,,14653,,0,0,0,0,9,0,0,0,0,0
3459,غَشَّ,fraud,known,textbook_scan,textbook_scan,True,1421,,31113,1421,14045,,7108,411,0,0,0,4,24,1,0,0,1,0
3460,خَلَطَ,to mix,known,textbook_scan,textbook_scan,True,1596,,15119,1596,17467,,5806,1187,0,0,1,0,9,0,0,0,0,0
3461,طَاعَة,obedience,known,textbook_scan,textbook_scan,True,1301,,12013,1301,15066,,1548,643,0,0,0,5,26,0,0,0,0,0
3462,حَنِثَ,to break (an oath),known,textbook_scan,textbook_scan,True,1821,,89721,1821,89721,,11316,983,0,0,1,0,6,0,0,0,0,0
3463,صَرَاحَة,frankness,known,textbook_scan,textbook_scan,True,2200,,7902,2200,32277,,2882,,0,0,2,0,20,0,0,0,0,0
3464,أَغْلَظ,harsh,known,textbook_scan,textbook_scan,True,1635,,,1635,,,12888,946,0,0,0,1,13,1,0,1,0,2
3465,اثْنَان,two,known,textbook_scan,textbook_scan,True,,,8075,8075,22639,,,,0,0,12,0,3,0,0,0,0,0
3466,مُؤَدَّب,well-mannered,known,textbook_scan,textbook_scan,True,3586,,79853,3586,83519,,9115,,0,0,1,8,14,7,2,1,6,0
3467,أَقْسى,harshest,known,textbook_scan,textbook_scan,True,1546,,27004,1546,,,3392,1110,0,0,0,0,9,1,0,1,0,1
3468,الْتَفَتَ,to turn around,known,textbook_scan,textbook_scan,True,1211,,25342,1211,,,612,856,0,0,7,3,16,1,0,0,1,0
3469,التَجَأ,to seek refuge,suspended,textbook_scan,textbook_scan,False,2077,,,2077,,,1917,,0,0,5,5,9,0,0,0,0,0
3470,قَطَف,to pick,known,textbook_scan,textbook_scan,True,1630,,51231,1630,38486,,9660,1056,0,0,0,0,14,1,0,0,1,0
3471,قَلِق,anxious; worried,known,textbook_scan,textbook_scan,True,2041,,7707,2041,5209,,892,,0,0,7,3,12,1,0,1,0,1
3472,خَبَأَ,to hide,suspended,textbook_scan,textbook_scan,False,1559,,96077,1559,,,5556,1178,0,0,1,2,6,0,0,0,0,0
3473,مُلائِم,suitable,known,textbook_scan,textbook_scan,True,2281,,17368,2281,21927,,4880,,0,0,0,2,14,0,0,0,0,0
3474,بُرهة,while/moment,known,textbook_scan,textbook_scan,True,1311,,60946,1311,,,1725,592,2,2,25,2,23,1,0,0,1,1
3475,عَاقَبَ,to punish,known,textbook_scan,textbook_scan,True,1456,,87420,1456,63683,,3588,696,0,0,1,2,15,0,0,0,0,0
3476,عَاهَدَ,to covenant,lapsed,textbook_scan,textbook_scan,True,1376,,66414,1376,,,4017,507,0,0,0,0,7,1,1,1,0,0
3477,نَجَّى,rescued/saved,known,textbook_scan,textbook_scan,True,1136,,77151,1136,,,2121,235,0,0,0,2,13,0,0,0,0,0
3478,حَرَصَ,"to be keen, to strive",acquiring,textbook_scan,textbook_scan,True,1295,,4847,1295,6973,,1731,794,0,0,4,1,16,1,1,0,1,0
3479,عَطَش,thirst,known,textbook_scan,textbook_scan,True,2371,,44799,2371,28510,,7747,,0,0,0,0,11,0,0,0,0,0
3480,لَاحَ,to gleam,known,textbook_scan,textbook_scan,True,2215,,65918,2215,,,2604,,0,0,1,5,13,1,0,0,1,0
3481,نَجا,to save,known,textbook_scan,textbook_scan,True,1298,,18438,1298,38739,,1628,543,0,0,0,1,10,4,0,1,3,2
3482,أَوْقَدَ,kindled,suspended,textbook_scan,textbook_scan,False,1568,,84191,1568,,,5809,676,0,0,3,3,7,0,0,0,0,0
3483,إِيقَاد,kindling,suspended,textbook_scan,textbook_scan,False,3889,,86895,3889,86895,,11183,,0,0,0,3,7,0,0,0,0,1
3484,مُجاوِر,neighboring,known,textbook_scan,textbook_scan,True,2116,,35897,2116,14245,,1714,,0,0,0,2,21,2,0,0,2,0
3485,إشْعال,lighting,known,textbook_scan,textbook_scan,True,2341,,21001,2341,,,6745,,0,0,0,3,19,0,0,0,0,0
3486,مُلْتَهِب,burning,learning,textbook_scan,textbook_scan,True,2377,,83120,2377,83120,,6798,,0,0,0,8,12,7,4,4,3,5
3487,حَفْنَة,handful,known,textbook_scan,textbook_scan,True,2395,,31569,2395,,,9628,,0,0,1,0,13,0,0,0,0,0
3488,عَذْل,blame,suspended,textbook_scan,textbook_scan,False,4313,,,4313,,,14717,,0,0,0,2,11,0,0,0,0,0
3489,جاهِلِيَّة,pre-Islamic period,known,textbook_scan,textbook_scan,True,1649,,49064,1649,11933,,35053,1157,0,0,0,0,7,0,0,0,0,0
3490,اعْتَزَّ,to be proud,learning,textbook_scan,textbook_scan,True,2318,,54304,2318,,,6864,,0,0,0,8,12,4,3,3,1,1
3491,اخْتَبَرَ,to test,known,textbook_scan,textbook_scan,True,2301,,33182,2301,,,6191,,0,0,0,0,12,0,0,0,0,0
3492,كَبْش,ram,known,textbook_scan,textbook_scan,True,2397,,41915,2397,75280,,8894,,0,0,0,0,17,0,0,0,0,0
3493,غَطَّى,to cover,known,textbook_scan,textbook_scan,True,1360,,39915,1360,,,2130,1047,0,0,8,4,27,1,0,0,1,1
3494,زَاوِيَة,corner,known,textbook_scan,textbook_scan,True,2138,,4739,2138,6660,,2090,,1,1,5,0,20,2,0,1,1,0
3495,عَوْن,"aid, help",suspended,textbook_scan,textbook_scan,False,2061,,1548,1548,12361,,1742,,0,0,1,5,9,0,0,0,0,0
3496,غُلام,"boy, youth",known,textbook_scan,textbook_scan,True,1129,,17797,1129,28862,,655,467,0,0,0,0,35,2,0,1,1,0
3497,حَرَس,"guard, guards",known,textbook_scan,textbook_scan,True,1363,,9119,1363,4133,,1820,1167,0,0,1,0,29,1,0,0,1,0
3498,شَدِيد,severe; intense,known,textbook_scan,textbook_scan,True,,,3050,3050,3321,,,,3,3,25,0,63,0,0,0,0,0
3499,لَوْم,"blame, censure",suspended,textbook_scan,textbook_scan,False,1577,,34925,1577,18133,,3742,1298,0,0,1,4,8,0,0,0,0,0
3500,مَفْقُود,lost,known,textbook_scan,textbook_scan,True,2271,,20467,2271,22198,,5503,,0,0,1,5,12,1,0,1,0,1
3501,اطْمَأَنَ,to be reassured,known,textbook_scan,textbook_scan,True,1270,,42720,1270,,,1621,452,0,0,0,2,30,2,0,1,1,1
3502,ثَمِينٌ,precious,known,textbook_scan,textbook_scan,True,2230,,34307,2230,26269,,2623,,0,0,2,0,22,1,0,0,1,0
3504,اسْتَخْرَجَ,to extract,known,textbook_scan,textbook_scan,True,1488,,68024,1488,,,4922,777,0,0,2,2,18,2,1,1,1,0
3505,اعْتَاشَ,to live on,known,textbook_scan,textbook_scan,True,,,,,,,,,0,0,0,0,5,1,0,0,1,0
3506,حَفْرٌ,digging,suspended,textbook_scan,textbook_scan,False,1538,,4765,1538,10906,,5588,1170,0,0,4,2,6,0,0,0,0,0
3507,شِبْرٌ,span,acquiring,textbook_scan,textbook_scan,True,2342,,26685,2342,,,9005,,0,0,0,1,8,1,0,1,0,1
3508,عَبَثٌ,"mischief, tampering",known,textbook_scan,textbook_scan,True,1468,,32509,1468,15795,,2222,1036,0,0,1,3,30,3,0,0,3,0
3509,اتَّفَقَ,to agree,known,textbook_scan,textbook_scan,True,1235,,7222,1235,,,783,1092,0,0,4,0,9,0,0,0,0,0
3510,غلّ,"malice, rancor",known,textbook_scan,textbook_scan,True,1412,,46027,1412,96922,,4435,436,0,0,0,4,13,0,0,0,0,0
3511,حَدّ,"limit, boundary, edge",known,textbook_scan,frequency_core,True,938,,813,813,1392,,194,407,1,1,14,0,26,4,0,2,2,0
3512,بَثّ,"to broadcast, to spread",known,textbook_scan,frequency_core,True,1024,,1792,1024,4838,,540,242,0,0,0,2,12,0,0,0,0,0
3513,خِطاب,"discourse, speech, address",known,collateral,frequency_core,True,1325,,3015,1325,2723,,891,883,0,0,4,0,14,0,0,0,0,0
3514,حَقِيق,"real, actual, true",known,textbook_scan,frequency_core,True,2082,,,2082,,,6320,1172,1,1,12,0,5,0,0,0,0,0
3515,رِعايَة,"care, nursing, sponsorship",known,textbook_scan,frequency_core,True,2539,,1783,1783,2598,,1164,,0,0,4,4,18,0,0,0,0,0
3516,مُرُور,"passage, passing, transit",encountered,collateral,frequency_core,False,2541,,1976,1976,2464,,1110,,0,0,4,0,0,0,0,0,0,0
3517,عَقَّب,"to follow, to come after",acquiring,bookifier,frequency_core,True,1069,,1359,1069,,,1406,185,1,1,8,1,8,3,0,2,1,2
3518,مُبادَرَة,"initiative, prompt action",,,frequency_core,False,2544,,2751,2544,2828,,976,,0,0,1,,,0,0,0,0,0
3519,مُجَرَّد,"stripped, bare, mere",acquiring,textbook_scan,frequency_core,True,2545,,1585,1585,19457,,1292,,0,0,3,0,7,4,2,1,3,1
3520,تَجَاوَزَ,to exceed; to go beyond,encountered,collateral,frequency_core,False,1880,,2458,1880,35637,,1036,1136,0,0,0,0,0,0,0,0,0,0
3521,اتَّخَذَ,to take; to adopt,suspended,textbook_scan,frequency_core,False,883,,7965,883,,,658,69,1,1,10,4,8,0,0,0,0,0
3522,سَقَطَ,to fall,known,textbook_scan,frequency_core,True,1210,,6299,1210,,,714,638,1,1,15,0,37,0,0,0,0,0
3523,تَدْرِيبٌ,training,known,collateral,frequency_core,True,2525,,2482,2482,1587,,1061,,0,0,0,0,47,0,0,0,0,0
3524,نَفْطٌ,oil; petroleum,known,textbook_scan,frequency_core,True,1987,,9337,1987,959,,646,,0,0,0,0,11,1,0,1,0,2
3525,خَسَارَةٌ,loss,known,collateral,frequency_core,True,2548,,4805,2548,7513,,838,,0,0,3,0,12,1,0,0,1,0
3526,ارْتَفَعَ,to rise; to increase,known,textbook_scan,frequency_core,True,2554,,3750,2554,,,948,,1,1,4,0,19,0,0,0,0,0
3527,مَعْرَكَة,battle,known,textbook_scan,frequency_core,True,2555,,2836,2555,3857,,1073,,0,0,1,0,24,0,0,0,0,0
3528,ٱِعْتِداء,attack,,,frequency_core,False,2529,,7715,2529,3880,,742,,0,0,0,,,0,0,0,0,0
3529,ٱِنْحِراف,deviation,,,frequency_core,False,2556,,341,341,2715,,5792,,0,0,0,,,0,0,0,0,0
3530,خُصُوص,specificity,known,textbook_scan,frequency_core,True,1922,,38393,1922,5608,,497,,0,0,2,0,9,1,0,0,1,0
3531,قَتِيل,killed,encountered,textbook_scan,frequency_core,False,1892,,9488,1892,21627,,710,1287,0,0,0,0,0,0,0,0,0,2
3532,ٱِغْتِيال,assassination,,,frequency_core,False,2562,,3241,2562,12802,,1072,,0,0,0,,,0,0,0,0,0
3533,كَشْف,disclosure; revelation,known,frequency_core,frequency_core,True,1081,,863,863,1748,,656,424,0,0,1,0,18,0,0,0,0,0
3534,مُسابَقة,competition; race,,,frequency_core,False,2535,,2091,2091,3561,,1335,,0,0,0,,,0,0,0,0,0
3535,بَعَث,to send; to dispatch,known,textbook_scan,frequency_core,True,1039,,6863,1039,7579,,803,145,0,0,7,0,7,1,0,0,1,0
3536,تَوْقِيع,signature; signing,,,frequency_core,False,2566,,2760,2566,4974,,1178,,0,0,0,,,0,0,0,0,0
3537,ٱِفْتِتاح,opening; inauguration,encountered,collateral,frequency_core,False,2567,,2112,2112,8998,,1360,,0,0,0,0,0,0,0,0,0,0
3538,ضَمان,guarantee; warranty,known,textbook_scan,frequency_core,True,2568,,2794,2568,5388,,1182,,0,0,0,6,26,2,0,0,2,0
3539,صَعِيد,level; arena; upland,,,frequency_core,False,1366,,3175,1366,3354,,1114,812,0,0,0,,,0,0,0,0,0
3540,دِيوان,divan; register; government office,,,frequency_core,False,2570,,1095,1095,5319,,2076,,0,0,0,,,0,0,0,0,0
3541,قَوْم,people; nation; folk,known,textbook_scan,frequency_core,True,375,,6078,375,6972,,890,11,0,0,0,0,37,0,0,0,0,0
3542,طَرُف,to be strange,,,frequency_core,False,1035,,1371,1035,4065,,309,506,1,1,6,,,0,0,0,0,0
3543,إِيجاد,creation,,,frequency_core,False,2576,,1546,1546,,,1713,,0,0,1,,,0,0,0,0,0
3544,مِساحَة,area,encountered,collateral,frequency_core,False,2578,,1969,1969,4555,,1492,,0,0,2,0,0,0,0,0,0,0
3545,صَحّاف,journalist,,,frequency_core,False,2142,,53245,2142,53245,,15998,1248,0,0,1,,,0,0,0,0,0
3546,حَفَل,to be crowded,known,textbook_scan,frequency_core,True,2579,,1520,1520,3710,,1748,,0,0,2,0,20,0,0,0,0,0
3547,نَجَح,to succeed,known,collateral,frequency_core,True,2580,,4551,2580,,,1019,,0,0,0,0,11,1,0,0,1,0
3548,دُسْتُور,constitution,,,frequency_core,False,2503,,6557,2503,1378,,893,,0,0,0,,,0,0,0,0,0
3549,سائِر,proceeding; traveling,,,frequency_core,False,2582,,6511,2582,83038,,896,,0,0,0,,,0,0,0,0,0
3550,قَيْد,fetter; constraint,suspended,textbook_scan,frequency_core,False,2584,,3309,2584,18352,,1191,,0,0,1,2,10,0,0,0,0,0
3551,مَبْدَأ,principle; beginning,known,textbook_scan,frequency_core,True,2585,,3895,2585,10177,,1109,,0,0,1,4,21,0,0,0,0,0
3552,عُقُوبَة,punishment,encountered,collateral,frequency_core,False,2586,,5591,2586,7142,,959,,0,0,0,0,0,0,0,0,0,0
3553,مُسْتَشار,advisor; consultant,,,frequency_core,False,2549,,4127,2549,2391,,1086,,0,0,0,,,0,0,0,0,0
3554,تَحْوِيل,to transform; transfer,,,frequency_core,False,1395,,1931,1395,8329,,1584,867,0,0,0,,,0,0,0,0,0
3555,اجْتَمَعَ,to gather; assemble,known,textbook_scan,frequency_core,True,1014,,7830,1014,,,421,848,0,0,5,0,19,0,0,0,0,0
3556,قَادَ,to lead; guide,known,collateral,frequency_core,True,2459,,8233,2459,,,548,,1,1,12,0,13,0,0,0,0,0
3557,مَعْهَد,institute,known,textbook_scan,frequency_core,True,2592,,2309,2309,3244,,1484,,0,0,0,0,30,1,0,0,1,0
3558,جُودَة,quality,encountered,collateral,frequency_core,False,2575,,1923,1923,1602,,1670,,0,0,0,0,0,0,0,0,0,0
3559,قَصَد,to intend,suspended,textbook_scan,frequency_core,False,1411,,6537,1411,19016,,953,911,5,5,23,1,5,0,0,0,0,0
3560,فِئَة,group,,,frequency_core,False,1290,,2496,1290,1995,,1468,536,0,0,0,,,0,0,0,0,0
3561,تَفْسِير,interpretation,encountered,collateral,frequency_core,False,1919,,951,951,4143,,2770,1143,0,0,1,0,0,0,0,0,0,0
3562,فَرَّع,to branch,,,frequency_core,False,1939,,1708,1708,7487,,1863,1282,0,0,0,,,0,0,0,0,0
3563,مُرَشَّح,candidate,encountered,collateral,frequency_core,False,2581,,5100,2581,4614,,1084,,0,0,0,0,0,0,0,0,0,0
3564,حُكُومِيّ,governmental,known,collateral,frequency_core,True,2490,,9154,2490,3130,,880,,0,0,0,0,10,0,0,0,0,0
3565,ٱِلْتِزام,commitment,,,frequency_core,False,2563,,4885,2563,3040,,1113,,0,0,0,,,0,0,0,0,0
3566,صَرْف,exchange,acquiring,bookifier,frequency_core,True,1198,,2324,1198,2925,,1587,322,0,0,5,1,7,2,0,1,1,0
3567,تَمْوِيل,financing,,,frequency_core,False,2601,,3789,2601,3660,,1264,,0,0,0,,,0,0,0,0,0
3568,مُتَّقِي,"pious, cautious",encountered,quran,quran,False,1519,,67537,1519,,,12582,196,0,0,0,0,0,0,0,0,0,0
3569,نَزَلَ,"to descend, come down (Form I)",known,quran,quran,True,107,,5647,107,48283,246,614,24,33,0,10,0,22,0,0,0,0,0
3570,ٱِسْتَهْزَأ,mocks,encountered,quran,quran,False,963,,,963,,1255,10075,357,2,0,0,0,0,0,0,0,0,0
3571,عَمِه,wandering blindly,known,quran,quran,True,779,,12339,779,,1048,20668,650,4,0,0,2,16,0,0,0,0,0
3572,ضالّ,"error, straying",encountered,quran,quran,False,1508,,58007,1508,49059,,3640,344,0,0,1,0,0,0,0,0,0,0
3573,رَبِح,profited,suspended,quran,quran,False,1368,,8888,1368,3990,1321,1851,1206,2,0,0,2,6,0,0,0,0,0
3574,مُهْتَدِي,guided ones,encountered,quran,quran,False,1835,,85928,1835,85928,,17548,366,0,0,0,0,0,0,0,0,0,0
3575,صاعِقَة,thunderbolts,encountered,quran,quran,False,1643,,39900,1643,39810,,8222,602,0,0,0,0,0,0,0,0,0,0
3576,كَادَ,"almost, nearly",known,quran,quran,True,309,,12876,309,,781,240,173,12,4,36,0,6,1,0,1,0,0
3577,خَطَف,snatches,known,quran,quran,True,746,,9559,746,26026,1156,2755,633,3,0,3,0,10,1,0,1,0,1
3578,صالِح,righteous deeds,known,quran,quran,True,1121,,732,732,3974,,4593,96,0,0,4,0,12,1,1,1,0,1
3579,مُطَهَّر,purified,encountered,quran,quran,False,1650,,45960,1650,52787,,13715,614,0,0,0,0,0,0,0,0,0,0
3580,ٱِسْتَحْيَى,is ashamed,known,quran,quran,True,2317,,,2317,,1439,6085,,1,0,0,0,13,0,0,0,0,0
3581,ضَرَب,"strikes, sets",lapsed,frequency_core,quran,True,374,,4039,374,13051,498,1002,172,16,1,11,3,16,1,1,1,0,1
3582,فاسِق,disobedient ones,encountered,quran,quran,False,1743,,62580,1743,74284,,10808,246,0,0,0,0,0,0,0,0,0,0
3583,خاسِر,the losers,encountered,quran,quran,False,1489,,19815,1489,24140,,5885,263,0,0,1,0,0,0,0,0,0,0
3584,هَدَى,to guide,known,quran,quran,True,162,,6505,162,9856,647,3171,23,12,1,3,0,16,0,0,0,0,0
3585,حَجَر,stone,encountered,quran,quran,False,814,,2434,814,4479,1300,14226,458,2,0,4,0,0,0,0,0,0,0
3586,نَقَض,"to break, undo",known,quran,quran,True,636,,24866,636,10282,541,2391,544,14,0,6,1,16,3,1,3,0,0
3587,نَزَّلَ,"to send down, reveal (Form II causative)",known,quran,quran,True,1600,,5647,1600,48283,,16311,437,0,0,0,0,6,0,0,0,0,0
3588,أَنْزَلَ,"to bring down, send down (Form IV)",known,quran,quran,True,4044,,5647,4044,48283,,6752,,0,0,0,0,2,0,0,0,0,0
3589,ضَحِيَّة,victim,encountered,collateral,frequency_core,False,2557,,6924,2557,7875,,995,,0,0,0,0,0,0,0,0,0,0
3590,ٱِسْتَهْدَفَ,to target,,,frequency_core,False,2571,,7238,2571,,,983,,0,0,0,,,0,0,0,0,0
3591,جُثَّة,corpse,,,frequency_core,False,2609,,5178,2609,13304,,1126,,0,0,0,,,0,0,0,0,0
3592,مُعَسْكَر,camp,,,frequency_core,False,2610,,5740,2610,10413,,1085,,0,0,0,,,0,0,0,0,0
3593,مَطْلَع,beginning,,,frequency_core,False,1433,,2734,1433,56732,,1545,923,0,0,0,,,0,0,0,0,0
3594,تَسْلِيم,delivery,,,frequency_core,False,1426,,3441,1426,9315,,1391,868,0,0,0,,,0,0,0,0,0
3595,إِصْدار,issuance,encountered,collateral,frequency_core,False,2613,,1640,1640,5345,,2112,,0,0,1,0,0,0,0,0,0,0
3596,جَنَّدَ,to conscript,,,frequency_core,False,1132,,22668,1132,40525,,729,290,0,0,2,,,0,0,0,0,0
3597,كَتَمَ,"to conceal, hide, keep secret",lapsed,leech_reintro,manual_fix,True,621,,49313,621,,730,2381,363,9,0,2,1,11,1,1,0,1,0
3598,انْفِجَار,explosion,known,collateral,frequency_core,True,2616,,4404,2616,6317,,1286,,0,0,1,0,25,1,0,0,1,0
3599,إلْغَاء,cancellation,known,collateral,frequency_core,True,1937,,2109,1937,26360,,1884,1113,0,0,0,0,12,0,0,0,0,0
3600,وَاجَهَ,to face,known,bookifier,frequency_core,True,2457,,14307,2457,,,538,,0,0,9,0,8,1,0,1,0,1
3601,تَشْغِيل,operation,,,frequency_core,False,2625,,1966,1966,1959,,2058,,0,0,1,,,0,0,0,0,0
3602,احْتِلَال,occupation,known,collateral,frequency_core,True,2493,,7163,2493,778,,1122,,0,0,0,0,22,0,0,0,0,0
3603,تَيَّار,current; stream,known,textbook_scan,frequency_core,True,2573,,4285,2573,2102,,1411,,0,0,4,3,25,1,0,0,1,0
3604,عَلَامَة,sign; mark; symbol,known,collateral,frequency_core,True,1956,,2603,1956,2539,,1812,1273,0,0,2,0,17,0,0,0,0,0
3605,تَحَالَفَ,to ally; to form an alliance,,,frequency_core,False,2551,,4470,2551,1579,,1392,,0,0,0,,,0,0,0,0,0
3606,جَيْب,pocket,encountered,collateral,frequency_core,False,1448,,7152,1448,25738,,1158,873,1,1,6,0,0,0,0,0,0,0
3607,ضَبْط,control; adjustment; precision,known,bookifier,frequency_core,True,2637,,1810,1810,13788,,2301,,0,0,13,0,15,2,0,0,2,0
3608,انْخِفَاض,decrease; drop; decline,,,frequency_core,False,2638,,3039,2638,14738,,1709,,0,0,1,,,0,0,0,0,0
3609,جِيل,generation,encountered,collateral,frequency_core,False,2593,,4226,2593,2379,,1462,,0,0,0,0,0,0,0,0,0,0
3610,ثَرْوَة,wealth,known,collateral,frequency_core,True,2599,,12461,2599,6566,,978,,0,0,3,0,16,0,0,0,0,0
3611,هَائِل,immense,known,collateral,frequency_core,True,2605,,10812,2605,10667,,1028,,1,1,21,0,13,1,0,1,0,0
3612,كَهْرَبَاء,electricity,known,collateral,frequency_core,True,2560,,3832,2560,1540,,1561,,0,0,1,0,18,0,0,0,0,0
3613,صَلَاحِيَة,validity,encountered,collateral,frequency_core,False,2641,,1694,1694,10809,,2487,,0,0,0,0,0,0,0,0,0,0
3614,هَجَمَ,to attack,encountered,collateral,frequency_core,False,2884,,69273,2884,,,2168,,0,0,0,0,0,0,0,0,0,0
3615,خَسَّرَ,to cause loss; to lose,lapsed,textbook_scan,frequency_core,True,1237,,6826,1237,,,1265,314,0,0,0,0,10,2,2,1,1,0
3616,طَالَ,to lengthen; to be long,known,bookifier,frequency_core,True,1413,,8855,1413,,,1150,813,0,0,5,0,4,3,0,1,2,0
3617,تَوْجِيه,direction; guidance; instruction,,,frequency_core,False,2652,,3324,2652,5657,,1756,,0,0,0,,,0,0,0,0,0
3618,ٱِتِّهام,accusation; charge,,,frequency_core,False,2631,,8148,2631,8022,,1192,,0,0,0,,,0,0,0,0,0
3619,صِلَة,connection; relationship; tie,,,frequency_core,False,2654,,4279,2654,6390,,1568,,0,0,0,,,0,0,0,0,0
3620,زَمان,time; period; age,known,textbook_scan,frequency_core,True,2624,,5477,2624,4001,,1410,,0,0,3,0,12,0,0,0,0,0
3621,ٱِسْتِقْلال,independence; autonomy,,,frequency_core,False,2542,,6447,2542,1470,,1319,,0,0,0,,,0,0,0,0,0
3622,هُوِيَّة,identity; essence,,,frequency_core,False,2644,,4393,2644,4017,,1559,,0,0,0,,,0,0,0,0,0
3623,حدّد,to specify,known,collateral,frequency_core,True,2596,,7158,2596,,,1271,,0,0,7,0,28,5,1,0,5,0
3624,مُحَاكَمَة,trial,encountered,collateral,frequency_core,False,2658,,4492,2658,6979,,1558,,0,0,0,0,0,0,0,0,0,0
3625,مَسَافَة,distance,known,collateral,frequency_core,True,2659,,4889,2659,8966,,1501,,0,0,8,0,9,0,0,0,0,0
3626,إِمْكَان,possibility,known,bookifier,frequency_core,True,2646,,9134,2646,8755,,1180,,0,0,9,0,7,1,0,0,1,0
3627,بِرْمِيل,barrel,,,frequency_core,False,2662,,5004,2662,45289,,1519,,0,0,0,,,0,0,0,0,0
3628,قَابِل,capable,acquiring,bookifier,frequency_core,True,1978,,6766,1978,25857,,1339,1284,0,0,11,0,4,1,1,1,0,1
3629,تَقْيِيم,evaluation,,,frequency_core,False,2663,,1772,1772,7026,,2680,,0,0,0,,,0,0,0,0,0
3630,تَنْسِيق,coordination,,,frequency_core,False,2649,,4168,2649,3512,,1685,,0,0,0,,,0,0,0,0,0
3631,اضْطَرَّ,to be forced,suspended,textbook_scan,frequency_core,False,1396,,8734,1396,,,1236,588,0,0,19,1,7,0,0,0,0,0
3632,تَدَاوَلَ,to circulate,,,frequency_core,False,2670,,2158,2158,2710,,2440,,0,0,0,,,0,0,0,0,0
3633,إِقْرَار,acknowledgment,,,frequency_core,False,2672,,4502,2672,16927,,1652,,0,0,0,,,0,0,0,0,0
3634,مِثَال,example,known,textbook_scan,frequency_core,True,2607,,5098,2607,2469,,1572,,0,0,8,0,14,1,0,0,1,0
3635,مَذْكَرة,memorandum,,,frequency_core,False,2673,,3981,2673,12897,,1765,,0,0,0,,,0,0,0,0,0
3636,أَطْلَعَ,to inform,encountered,textbook_scan,frequency_core,False,1953,,5650,1953,,,1507,1104,0,0,3,0,0,0,0,0,0,0
3637,نَفِيّ,denying; denied,,,frequency_core,False,3030,,13104,3030,27925,,4598,,0,0,2,,,0,0,0,0,0
3638,شَدَّد,to intensify; to emphasize,,,frequency_core,False,1384,,6628,1384,,,1415,692,0,0,0,,,0,0,0,0,0
3639,فَساد,corruption; spoilage,known,textbook_scan,frequency_core,True,1219,,7092,1219,1235,,1380,511,0,0,0,2,18,0,0,0,0,0
3640,جِسْر,bridge,known,collateral,frequency_core,True,2675,,4396,2675,9925,,1699,,0,0,1,0,25,0,0,0,0,0
3641,مُهاجِم,attacker; aggressor,encountered,book,frequency_core,False,2667,,6606,2667,7122,,1424,,0,0,1,0,0,0,0,0,0,0
3642,رابِطَة,association; league; bond,,,frequency_core,False,2680,,2591,2591,3459,,2252,,0,0,0,,,0,0,0,0,0
3643,عاجِل,urgent; immediate; hasty,encountered,collateral,frequency_core,False,1471,,2777,1471,9447,,2173,818,1,1,1,0,0,0,0,0,0,0
3644,سِيادَة,"sovereignty, authority",,,frequency_core,False,2681,,5107,2681,6510,,1600,,0,0,0,,,0,0,0,0,0
3645,أَثاث,furniture,,,frequency_core,False,1481,,1332,1332,1134,,3590,939,0,0,0,,,0,0,0,0,0
3646,ٱِقْتِراح,to propose; proposal,known,bookifier,frequency_core,True,2558,,5075,2558,11963,,1639,,1,1,4,0,17,4,1,0,4,0
3647,انْصَرَفَ,to turn away; to withdraw,known,textbook_scan,frequency_core,True,1970,,31398,1970,,,882,1118,1,1,19,0,21,4,0,0,4,0
3648,لائِحَة,list; regulation; bylaw,,,frequency_core,False,2684,,3746,2684,6540,,1912,,0,0,0,,,0,0,0,0,0
3649,مَسار,path; course; trajectory,,,frequency_core,False,2685,,3081,2685,4111,,2119,,0,0,2,,,0,0,0,0,0
3650,نِطاق,scope; range,,,frequency_core,False,2687,,2821,2687,7138,,2264,,1,1,2,,,0,0,0,0,0
3651,سَنَوِيّ,annual,encountered,collateral,frequency_core,False,2516,,11663,2516,3763,,1208,,0,0,0,0,0,0,0,0,0,0
3652,خِتام,conclusion; end,known,textbook_scan,frequency_core,True,1983,,3721,1983,13353,,1975,1180,0,0,0,0,16,1,0,1,0,0
3653,سَراح,release; freedom,suspended,textbook_scan,frequency_core,False,1444,,6382,1444,85501,,1538,690,0,0,1,1,11,0,0,0,0,0
3654,حَلَف,to swear; to vow,,,frequency_core,False,1361,,6947,1361,8432,,1490,459,0,0,0,,,0,0,0,0,0
3655,مُحَادَثَة,conversation,,,frequency_core,False,2574,,18821,2574,8916,,1053,,0,0,1,,,0,0,0,0,0
3656,إِنْهَاء,termination,known,collateral,frequency_core,True,2695,,3743,2695,,,2020,,0,0,1,0,14,0,0,0,0,0
3657,مُسْتَقِل,independent,,,frequency_core,False,2619,,6136,2619,9992,,1605,,0,0,1,,,0,0,0,0,0
3658,قَرَابَة,kinship,,,frequency_core,False,2696,,4604,2696,44212,,1830,,0,0,0,,,0,0,0,0,0
3659,تَفْعِيل,activation,,,frequency_core,False,2699,,2564,2564,3528,,2514,,0,0,0,,,0,0,0,0,0
3660,مُنْتَج,product,,,frequency_core,False,2552,,6885,2552,2499,,1543,,0,0,0,,,0,0,0,0,0
3661,اِسْتِطْلَاع,to survey; reconnaissance,,,frequency_core,False,2701,,6943,2701,12000,,1542,,0,0,0,,,0,0,0,0,0
3662,فَارَقَ,to differ; to leave,encountered,textbook_scan,frequency_core,False,1955,,12197,1955,7527,,1257,1280,0,0,0,0,0,0,0,0,0,0
3663,مُنَافَسَة,competition; rivalry,,,frequency_core,False,2621,,7199,2621,3167,,1535,,0,0,0,,,0,0,0,0,0
3664,لَهْجَة,dialect; accent,known,textbook_scan,frequency_core,True,2664,,21585,2664,13900,,1052,,0,0,1,0,14,1,0,0,1,0
3665,تَمْثِيل,to represent; acting; representation,,,frequency_core,False,2692,,5581,2692,5072,,1719,,0,0,1,,,0,0,0,0,0
3666,إِخْرَاج,to bring out; directing; output,,,frequency_core,False,1449,,4611,1449,20433,,1886,671,0,0,2,,,0,0,0,0,0
3667,دِبْلُوماسِيّ,diplomat,encountered,collateral,frequency_core,False,2622,,13264,2622,10274,,1235,,0,0,0,0,0,0,0,0,0,0
3668,تَأْجِيل,postponement,encountered,collateral,frequency_core,False,2709,,4578,2709,22864,,1926,,0,0,0,0,0,0,0,0,0,0
3669,إِزاء,in front of,,,frequency_core,False,2713,,4473,2713,,,1955,,0,0,0,,,0,0,0,0,0
3670,تَفْجِير,explosion,encountered,collateral,frequency_core,False,1526,,6927,1526,11912,,1610,962,0,0,0,0,0,0,0,0,0,0
3671,عَزْم,determination,encountered,textbook_scan,frequency_core,False,1415,,14260,1415,13322,,1231,570,0,0,1,0,0,0,0,0,0,0
3672,قَصّ,to cut,known,textbook_scan,frequency_core,True,1110,,11703,1110,33993,,1320,261,1,1,13,0,10,0,0,0,0,0
3673,قَصِف,bombardment; fragmentary,,,frequency_core,False,2716,,4371,2716,6324,,1999,,0,0,0,,,0,0,0,0,0
3674,تَدْبِير,management; arrangement; measure,,,frequency_core,False,2689,,10832,2689,10968,,1364,,0,0,0,,,0,0,0,0,0
3675,سِياق,context; sequence,encountered,collateral,frequency_core,False,2691,,3681,2691,3100,,2194,,0,0,0,0,0,0,0,0,0,0
3676,رِئاسِيّ,presidential; of presidency,,,frequency_core,False,2564,,24279,2564,6163,,1057,,0,0,0,,,0,0,0,0,0
3677,اِنْسِحاب,withdrawal; retreat,,,frequency_core,False,2693,,6027,2693,4932,,1749,,0,0,1,,,0,0,0,0,0
3678,بَرِيد,mail; post; courier,encountered,collateral,frequency_core,False,2590,,4923,2590,1434,,1928,,0,0,1,0,0,0,0,0,0,0
3679,هَزِيمة,defeat; rout,,,frequency_core,False,2718,,7646,2718,9295,,1596,,0,0,0,,,0,0,0,0,0
3680,عاطِفة,emotion; feeling,,,frequency_core,False,2676,,37343,2676,21042,,957,,0,0,0,,,0,0,0,0,0
3681,هَيْكَل,skeleton; structure; framework,,,frequency_core,False,2719,,7663,2719,9650,,1597,,0,0,0,,,0,0,0,0,0
3682,نِيابَة,agency; delegation; representation,,,frequency_core,False,2611,,5438,2611,1906,,1857,,0,0,0,,,0,0,0,0,0
3683,مُخاطِر,risks; dangers; hazards,,,frequency_core,False,2706,,4041,2706,3532,,2150,,0,0,3,,,0,0,0,0,0
3684,خَطَبَ,to deliver a speech; to propose marriage,suspended,textbook_scan,frequency_core,False,1377,,7317,1377,9555,,1256,557,0,0,1,1,8,2,2,1,1,3
3685,تَحْدِيث,update; modernization; renewal,,,frequency_core,False,2723,,2936,2723,9378,,2611,,0,0,0,,,0,0,0,0,0
3686,تَوْسِيع,expansion; widening; extension,,,frequency_core,False,2725,,4397,2725,76433,,2106,,0,0,0,,,0,0,0,0,0
3687,أَنْقَذَ,to rescue; to save,known,textbook_scan,frequency_core,True,1498,,22910,1498,,,1120,783,0,0,7,0,14,0,0,0,0,0
3688,تَأْسِيس,"founding, establishment",,,frequency_core,False,2726,,3539,2726,15385,,2386,,0,0,0,,,0,0,0,0,0
3689,ٱِسْتِغْلال,exploitation,,,frequency_core,False,2729,,4375,2729,14463,,2163,,0,0,1,,,0,0,0,0,0
3690,عِصاب,"gang, band",,,frequency_core,False,,,,,,,,,1,1,1,,,0,0,0,0,0
3691,خَصَم,"to deduct, to reduce",learning,textbook_scan,frequency_core,True,1525,,5795,1525,10124,,1909,882,0,0,0,1,16,1,1,1,0,1
3692,ٱِفْتَتَح,"to open, to inaugurate",encountered,collateral,frequency_core,False,2735,,6288,2735,,,1845,,0,0,0,0,0,0,0,0,0,0
3693,اِسْتِقَالَة,resignation,,,frequency_core,False,2736,,6890,2736,11419,,1776,,0,0,0,,,0,0,0,0,0
3694,تَكْوِين,formation,,,frequency_core,False,2737,,3820,2737,4505,,2378,,0,0,0,,,0,0,0,0,0
3695,اِسْتِرَاتِيجِي,strategic,encountered,collateral,frequency_core,False,2594,,11120,2594,6171,,1481,,0,0,0,0,0,0,0,0,0,0
3696,مَحَوَر,to focus,,,frequency_core,False,2738,,4671,2738,8247,,2147,,0,0,0,,,0,0,0,0,0
3697,عَجْز,"inability, incapacity; deficit",known,bookifier,frequency_core,True,1442,,6295,1442,5275,,1880,645,0,0,1,0,12,0,0,0,0,0
3698,نِزَاع,dispute,suspended,bookifier,frequency_core,False,1968,,12844,1968,4586,,1418,1335,0,0,4,1,10,0,0,0,0,0
3699,إِدْخَال,introduction,,,frequency_core,False,2740,,3568,2740,33272,,2496,,0,0,1,,,0,0,0,0,0
3700,قُنْبُلَة,bomb,,,frequency_core,False,2742,,8307,2742,20075,,1682,,1,1,1,,,0,0,0,0,0
3701,تَناقَشَ,to discuss,known,textbook_scan,textbook_scan,True,2170,,10226,2170,,,2253,,0,0,0,0,8,0,0,0,0,0
3702,قاطَعَ,decisive,suspended,textbook_scan,textbook_scan,False,1369,,13538,1369,24463,,2500,701,1,1,4,2,6,0,0,0,0,0
3703,تَصْوِيت,voting,known,textbook_scan,textbook_scan,True,2122,,11217,2122,3070,,2122,,0,0,0,0,13,0,0,0,0,0
3704,مَسْأَلَة,"issue, matter",known,textbook_scan,textbook_scan,True,1869,,1985,1869,3306,,574,,0,0,3,0,12,0,0,0,0,0
3705,مُبالٍ,caring,known,textbook_scan,textbook_scan,True,3970,,,3970,,,11817,,0,0,0,1,20,2,1,1,1,1
3706,ضَحَّى,to sacrifice,suspended,textbook_scan,textbook_scan,False,1434,,26975,1434,25377,,3352,642,0,0,1,2,10,0,0,0,0,0
3707,غَلَاء,high cost,known,textbook_scan,textbook_scan,True,2369,,22240,2369,27523,,8586,,0,0,0,0,19,1,0,0,1,0
3708,مُسَاوَاة,equality,known,leech_reintro,textbook_scan,True,2193,,26350,2193,6488,,2996,,0,0,0,3,16,5,2,1,4,0
3709,اِنْتَخَبَ,to elect,suspended,textbook_scan,textbook_scan,False,2235,,16278,2235,,,3189,,0,0,0,3,9,0,0,0,0,0
3710,اِنْتَهَى,to end,known,textbook_scan,textbook_scan,True,990,,3530,990,,,420,384,1,1,22,0,26,0,0,0,0,0
3711,نَسِيَ,to forget,known,textbook_scan,textbook_scan,True,948,,18790,948,,,660,138,2,2,26,0,30,2,0,0,2,0
3712,دِفَاع,defense,known,leech_reintro,textbook_scan,True,1705,,6941,1705,486,,384,,0,0,0,2,17,1,0,0,1,0
3713,إِسْكَان,housing,known,textbook_scan,textbook_scan,True,2153,,17346,2153,3255,,3080,,0,0,0,0,10,0,0,0,0,0
3714,عَوْلَمَة,globalization,known,textbook_scan,textbook_scan,True,2247,,44761,2247,7611,,5126,,0,0,0,0,15,1,0,1,0,0
3715,مُصْطَلَح,term,suspended,leech_reintro,textbook_scan,False,2219,,5480,2219,16226,,4429,,0,0,0,4,8,0,0,0,0,0
3716,إِذَاعَة,"radio, broadcasting",known,textbook_scan,textbook_scan,True,2136,,5585,2136,4020,,2204,,0,0,2,2,32,6,1,1,5,0
3717,مُسَلٍّ,entertaining,suspended,textbook_scan,textbook_scan,False,2422,,,2422,,,12423,,0,0,0,2,6,0,0,0,0,0
3718,كَارِثَة,disaster,known,textbook_scan,textbook_scan,True,2158,,7151,2158,10636,,2220,,0,0,3,2,20,0,0,0,0,0
3719,فَضِيحَة,"scandal, disgrace",known,textbook_scan,textbook_scan,True,2205,,8731,2205,19226,,2866,,0,0,0,2,19,0,0,0,0,0
3720,بُغْض,hatred,known,textbook_scan,textbook_scan,True,1389,,6563,1389,81545,,2994,824,0,0,0,2,17,2,1,0,2,0
3721,سَلْطَنَة,sultanate,known,textbook_scan,textbook_scan,True,2197,,4956,2197,11256,,3557,,0,0,0,0,12,1,0,0,1,0
3722,تَلَوُّث,pollution,known,leech_reintro,textbook_scan,True,2256,,12623,2256,8618,,5009,,0,0,0,2,14,1,0,1,0,0
3723,إِيجابِيّ,positive,known,textbook_scan,textbook_scan,True,2091,,6498,2091,6393,,1461,,0,0,0,0,22,2,0,1,1,0
3724,سَلْبِيّ,negative,known,leech_reintro,textbook_scan,True,2147,,12512,2147,8733,,2187,,0,0,0,2,15,4,1,2,2,1
3725,ٱِسْتِعادَة,restoration; retrieval,encountered,collateral,frequency_core,False,2744,,3693,2744,,,2466,,0,0,1,0,0,0,0,0,0,0
3726,جَوْهَر,"jewel, gem; essence, substance",suspended,bookifier,frequency_core,False,2745,,8949,2745,19344,,1638,,0,0,1,1,9,0,0,0,0,0
3727,عَرَّش,to shade; to trellis,,,frequency_core,False,1227,,13964,1227,7121,,1395,280,0,0,1,,,0,0,0,0,0
3728,تَجْدِيد,renewal; renovation,encountered,collateral,frequency_core,False,2748,,4315,2748,5420,,2304,,0,0,0,0,0,0,0,0,0,0
3729,ٱِسْتِئْناف,resumption; renewal,,,frequency_core,False,2749,,5721,2749,8525,,2016,,0,0,0,,,0,0,0,0,0
3730,مُخْرَج,exit; outlet; solution,,,frequency_core,False,1398,,8934,1398,4469,,1680,578,0,0,2,,,0,0,0,0,0
3731,ٱِقْتَرَح,to propose; to suggest,known,bookifier,frequency_core,True,2714,,9274,2714,,,1664,,0,0,5,0,7,0,0,0,0,0
3732,انْتِحَارِي,suicide/suicidal,,,frequency_core,False,2753,,16373,2753,21890,,1357,,0,0,0,,,0,0,0,0,0
3733,تَشْجِيع,encouragement,encountered,collateral,frequency_core,False,2755,,6603,2755,25344,,1934,,0,0,0,0,0,0,0,0,0,0
3734,مَجْمُوع,total/sum,,,frequency_core,False,1999,,5297,1999,13601,,2152,1068,0,0,0,,,0,0,0,0,0
3735,حِيلَة,trick/stratagem,known,bookifier,frequency_core,True,2014,,25032,2014,32333,,1202,1175,0,0,2,0,11,1,0,0,1,0
3736,نَبِيل,noble,encountered,collateral,frequency_core,False,2756,,3742,2756,25563,,2587,,0,0,0,0,0,0,0,0,0,0
3737,فَضِيلَة,virtue,,,frequency_core,False,2758,,5561,2758,14458,,2124,,0,0,0,,,0,0,0,0,0
3738,انْهِيَار,collapse,,,frequency_core,False,2759,,5232,2759,10631,,2192,,0,0,2,,,0,0,0,0,0
3739,أَنْكَرَ,to deny,,,frequency_core,False,1271,,17290,1271,,,1374,313,0,0,1,,,0,0,0,0,0
3740,نَظِيرٌ,counterpart,encountered,collateral,frequency_core,False,2629,,12691,2629,21032,,1534,,0,0,0,0,0,0,0,0,0,0
3741,إِدَارِيٌ,administrative,known,collateral,frequency_core,True,2522,,7811,2522,1573,,1861,,0,0,1,0,9,0,0,0,0,0
3742,مَطْلَبٌ,demand,,,frequency_core,False,2668,,11453,2668,9339,,1601,,0,0,2,,,0,0,0,0,0
3743,رَحِيلٌ,departure,encountered,collateral,frequency_core,False,2763,,7475,2763,11253,,1908,,0,0,0,0,0,0,0,0,0,0
3744,بُورْصَة,stock exchange,,,frequency_core,False,2764,,4042,2764,5159,,2564,,0,0,0,,,0,0,0,0,0
3745,شَرِيط,ribbon; tape,known,bookifier,frequency_core,True,2766,,4795,2766,6418,,2362,,0,0,6,0,14,1,0,0,1,0
3746,انْضَمَّ,to join,,,frequency_core,False,2712,,7452,2712,,,1907,,0,0,2,,,0,0,0,0,0
3747,تَوْظِيف,employment; hiring,encountered,collateral,frequency_core,False,2770,,2444,2444,2592,,3554,,0,0,0,0,0,0,0,0,0,0
3748,ارْتَكَبَ,to commit,suspended,collateral,frequency_core,False,2711,,15491,2711,,,1477,,0,0,1,1,5,3,3,1,2,0
3749,هامِش,margin,,,frequency_core,False,2774,,3972,2774,18749,,2676,,0,0,0,,,0,0,0,0,0
3750,ضَرِيبَة,tax,,,frequency_core,False,2618,,6394,2618,7459,,2115,,0,0,0,,,0,0,0,0,0
3751,مَنْظُومَة,system,,,frequency_core,False,2775,,4252,2775,8399,,2594,,0,0,0,,,0,0,0,0,0
3752,مَحْدُود,limited,known,collateral,frequency_core,True,2679,,7968,2679,16334,,1931,,0,0,0,0,25,3,1,2,1,0
3753,تَوَلِّي,assumption (of office),,,frequency_core,False,1085,,7192,1085,,,2040,114,0,0,0,,,0,0,0,0,0
3754,حَصِيلَة,result,,,frequency_core,False,2781,,5828,2781,19359,,2271,,0,0,0,,,0,0,0,0,0
3755,نادِر,rare,known,collateral,frequency_core,True,2754,,7406,2754,22141,,2039,,0,0,6,0,21,1,0,0,1,0
3756,مِعْيَار,criterion; standard,,,frequency_core,False,2694,,10277,2694,18475,,1800,,0,0,0,,,0,0,0,0,0
3757,نِدَاء,call; appeal,,,frequency_core,False,2018,,4193,2018,14436,,2724,1081,0,0,1,,,0,0,0,0,0
3758,خَطَورَة,danger; gravity,known,collateral,frequency_core,True,2784,,4056,2784,11763,,2774,,0,0,7,0,9,0,0,0,0,0
3759,بِئْر,well,encountered,collateral,frequency_core,False,1506,,4998,1506,19855,,2494,677,0,0,0,0,0,0,0,0,0,0
3760,صَدَارَة,forefront; lead position,,,frequency_core,False,2773,,9873,2773,8776,,1838,,0,0,0,,,0,0,0,0,0
3761,فِرَار,flight; escape,known,bookifier,frequency_core,True,1510,,29148,1510,15247,,1273,826,1,1,6,0,8,0,0,0,0,0
3762,انْتِقَام,revenge; retaliation,,,frequency_core,False,1482,,32136,1482,13056,,1242,782,0,0,0,,,0,0,0,0,0
3763,شُعَاع,ray; beam,suspended,bookifier,frequency_core,False,2645,,22584,2645,52887,,1387,,0,0,4,1,5,0,0,0,0,0
3764,مُرَاسِل,correspondent; letter writer,,,frequency_core,False,2788,,5378,2788,28317,,2445,,0,0,0,,,0,0,0,0,0
3765,نُفُوذ,influence,,,frequency_core,False,2779,,11783,2779,10355,,1744,,0,0,1,,,0,0,0,0,0
3766,ضَرُورِيّ,necessary,known,collateral,frequency_core,True,2720,,10534,2720,5911,,1822,,0,0,2,0,14,0,0,0,0,0
3767,شَقِيق,brother,,,frequency_core,False,2786,,10830,2786,11599,,1808,,0,0,0,,,0,0,0,0,0
3768,فَرّ,to flee,known,bookifier,frequency_core,True,925,,15641,925,,,1580,60,0,0,11,0,16,2,0,2,0,0
3769,حَصّار,siege,,,frequency_core,False,2650,,13025,2650,3518,,1690,,0,0,2,,,0,0,0,0,0
3770,تَوَفُّر,"availability, provision",encountered,collateral,frequency_core,False,2793,,1720,1720,4345,,5088,,0,0,1,0,0,0,0,0,0,0
3771,تَأْلِيف,"composition, authorship",,,frequency_core,False,2794,,3388,2794,8319,,3205,,0,0,0,,,0,0,0,0,0
3772,تَعْوِيض,"compensation, indemnification",,,frequency_core,False,2795,,9384,2795,13426,,1948,,0,0,0,,,0,0,0,0,0
3773,قَبِيل,"shortly before, just before",,,frequency_core,False,2022,,4813,2022,21553,,2654,1054,0,0,0,,,0,0,0,0,0
3774,مَتْجَر,"shop, store",encountered,collateral,frequency_core,False,2797,,3961,2797,12285,,2970,,0,0,1,0,0,0,0,0,0,0
3775,ظُلْم,"injustice, wrongdoing",known,collateral,frequency_core,True,970,,11101,970,6230,,1843,65,0,0,1,0,35,5,1,0,5,0
3776,إِقْنَاع,to convince; persuasion,,,frequency_core,False,2801,,8352,2801,32193,,2089,,0,0,2,,,0,0,0,0,0
3777,شَكْوَى,complaint; grievance,,,frequency_core,False,2640,,7536,2640,12610,,2200,,0,0,0,,,0,0,0,0,0
3778,مَوْكِب,procession; caravan,known,bookifier,frequency_core,True,2776,,12594,2776,34935,,1788,,0,0,4,0,8,0,0,0,0,0
3779,سَلَعَ,to sell; to market,,,frequency_core,False,3321,,6791,3321,1117,,29924,,0,0,0,,,0,0,0,0,0
3780,إِبْدَاع,to create; creativity,encountered,textbook_scan,frequency_core,False,2702,,3831,2702,1840,,3147,,0,0,0,0,0,0,0,0,0,0
3781,خِيَانَة,betrayal; treachery,known,bookifier,frequency_core,True,1578,,15755,1578,16240,,1669,992,0,0,0,0,10,1,0,0,1,0
3782,أَنْهَىٰ,to finish,known,collateral,frequency_core,True,2033,,9884,2033,,,1995,1119,0,0,2,0,12,0,0,0,0,0
3783,رُعْب,terror,known,bookifier,frequency_core,True,1517,,9193,1517,6489,,2062,744,1,1,4,0,12,2,1,0,2,0
3784,نَاطِق,speaker,,,frequency_core,False,2657,,15638,2657,3797,,1683,,0,0,0,,,0,0,0,0,0
3785,شِرَاكَة,partnership,,,frequency_core,False,2765,,7181,2765,4953,,2312,,0,0,0,,,0,0,0,0,0
3786,مُخَصَّص,designated,,,frequency_core,False,2785,,6307,2785,9452,,2464,,0,0,2,,,0,0,0,0,0
3787,مُتَعَدِّد,multiple,known,bookifier,frequency_core,True,2620,,9725,2620,21101,,2053,,0,0,4,0,10,1,0,1,0,0
3788,تَأْيِيد,"support, backing",,,frequency_core,False,2812,,7924,2812,18818,,2247,,0,0,0,,,0,0,0,0,0
3789,خَرِيطَة,map,,,frequency_core,False,2813,,5048,2813,5409,,2790,,0,0,0,,,0,0,0,0,0
3790,بَدِيل,"alternative, substitute",,,frequency_core,False,2660,,6167,2660,1861,,2526,,0,0,0,,,0,0,0,0,0
3791,مُسَاهَمَة,"contribution, participation",,,frequency_core,False,2787,,6600,2787,5279,,2452,,0,0,0,,,0,0,0,0,0
3792,حَاجِز,"barrier, obstacle",,,frequency_core,False,1580,,6864,1580,19110,,2413,977,0,0,1,,,0,0,0,0,0
3793,حَظْر,to forbid; prohibition,,,frequency_core,False,2820,,4029,2820,8615,,3186,,0,0,1,,,0,0,0,0,0
3794,خَاضَ,to wade; to engage in,,,frequency_core,False,1431,,12948,1431,,,1867,498,0,0,0,,,0,0,0,0,0
3795,تَرْشِيح,nomination; candidacy,,,frequency_core,False,2761,,8820,2761,5466,,2181,,0,0,0,,,0,0,0,0,0
3796,اِحْتَلَّ,to occupy,suspended,collateral,frequency_core,False,2635,,15440,2635,,,1751,,0,0,1,1,5,0,0,0,0,0
3797,نَافِذ,effective; penetrating,known,textbook_scan,frequency_core,True,2778,,41304,2778,42837,,1298,,0,0,0,0,3,1,0,0,1,0
3798,يَأْس,despair,known,collateral,frequency_core,True,1430,,12563,1430,1715,,1911,936,0,0,2,0,19,0,0,0,0,0
3799,تَسْهِيل,facilitation,,,frequency_core,False,2826,,6821,2826,43989,,2481,,0,0,0,,,0,0,0,0,0
3800,جَدَل,dispute,known,collateral,frequency_core,True,1545,,15451,1545,6807,,1771,971,0,0,0,0,15,4,0,1,3,0
3801,ٱعْتَرَض,to object,encountered,collateral,frequency_core,False,2783,,21572,2783,,,1582,,0,0,2,0,0,0,0,0,0,0
3802,نَيْل,attainment,,,frequency_core,False,1965,,12678,1965,2443,,1913,1340,0,0,1,,,0,0,0,0,0
3803,ٱكْتَشَف,to discover,known,collateral,frequency_core,True,2829,,6658,2829,,,2533,,2,2,7,0,14,0,0,0,0,0
3804,رَفِيع,high,known,textbook_scan,frequency_core,True,2054,,7657,2054,11206,,2379,1208,1,1,2,0,8,3,0,2,1,2
3805,مُمَيَّز,distinguished,,,frequency_core,False,2700,,4406,2700,7318,,3141,,0,0,2,,,0,0,0,0,0
3806,فَرِيد,unique,known,bookifier,frequency_core,True,2831,,4363,2831,15489,,3160,,0,0,6,0,8,1,0,0,1,0
3807,دافِع,pushing; driving,known,bookifier,frequency_core,True,1565,,13729,1565,8354,,1878,994,0,0,4,0,7,0,0,0,0,0
3808,أَحاط,to surround,known,leech_reintro,frequency_core,True,1352,,34970,1352,,,1383,403,0,0,8,2,14,1,0,1,0,0
3809,ٱِنْتَقَد,to criticize,,,frequency_core,False,2780,,10023,2780,,,1773,,0,0,0,,,0,0,0,0,0
3810,حَيَّر,to perplex,known,bookifier,frequency_core,True,4000,,78565,4000,,,6217,,1,1,4,0,15,2,1,0,2,0
3811,نَهْج,path; approach,,,frequency_core,False,2835,,6950,2835,9645,,2521,,0,0,0,,,0,0,0,0,0
3812,تَجَنَّب,to avoid,suspended,collateral,frequency_core,False,2042,,5231,2042,,,2911,1137,0,0,0,1,5,0,0,0,0,0
3813,جَنْب,side,,,frequency_core,False,1440,,7885,1440,41764,,2389,456,0,0,0,,,0,0,0,0,0
3814,عائِد,returning; returning to,suspended,textbook_scan,frequency_core,False,1984,,15322,1984,11529,,1828,1265,0,0,7,1,18,2,2,2,0,2
3815,أَخْطَأ,to make a mistake,encountered,textbook_scan,frequency_core,False,1583,,16082,1583,,,1804,941,0,0,2,0,0,0,0,0,0,0
3816,مادّ,material; physical,acquiring,textbook_scan,frequency_core,True,1507,,85630,1507,97850,,10240,415,0,0,2,0,1,1,0,0,1,2
3817,أَتَاحَ,to provide; to make available,encountered,textbook_scan,frequency_core,False,2666,,23399,2666,,,1598,,0,0,0,0,0,0,0,0,0,0
3818,طِرَاز,style; pattern; model,,,frequency_core,False,2837,,6045,2837,11211,,2752,,0,0,0,,,0,0,0,0,0
3819,اسْتِكْمَال,completion; complementation,encountered,collateral,frequency_core,False,2838,,5237,2838,73511,,2965,,0,0,1,0,0,0,0,0,0,0
3820,تَأْهِيل,qualification; rehabilitation,,,frequency_core,False,2840,,5416,2840,9573,,2916,,0,0,0,,,0,0,0,0,0
3821,تَكْرِيم,honor; honouring,,,frequency_core,False,2841,,4553,2841,10206,,3209,,0,0,0,,,0,0,0,0,0
3822,أَوْلَوِيَّة,priority,,,frequency_core,False,2834,,9713,2834,9081,,2232,,0,0,0,,,0,0,0,0,0
3823,عَمِيد,dean; leader,,,frequency_core,False,2800,,4606,2800,3558,,3200,,0,0,0,,,0,0,0,0,0
3824,تَخْصِيص,allocation; specification,,,frequency_core,False,2844,,4791,2844,23819,,3137,,1,1,1,,,0,0,0,0,0
3825,إِتْمام,completion; fulfillment,encountered,collateral,frequency_core,False,2846,,7125,2846,,,2574,,0,0,0,0,0,0,0,0,0,0
3826,مُعَبِّر,expressive; speaker,,,frequency_core,False,2847,,6884,2847,14363,,2620,,0,0,0,,,0,0,0,0,0
3827,ٱِنْتَبَه,to pay attention; to wake up,suspended,bookifier,frequency_core,False,2734,,20490,2734,,,1695,,0,0,13,1,5,0,0,0,0,0
3828,هادِئ,calm; quiet,known,bookifier,frequency_core,True,2772,,17246,2772,9180,,1801,,0,0,4,0,6,0,0,0,0,0
3829,تَفْتِيش,inspection,,,frequency_core,False,2808,,8798,2808,6793,,2353,,0,0,0,,,0,0,0,0,0
3830,رَصْد,observation,,,frequency_core,False,1576,,4802,1576,16854,,3168,888,0,0,0,,,0,0,0,0,0
3831,خَطَّط,to plan,known,collateral,frequency_core,True,2724,,4068,2724,7577,,2843,,0,0,5,0,11,1,0,0,1,0
3832,مُسْتَثْمِر,investor,,,frequency_core,False,2656,,22919,2656,13928,,1665,,0,0,0,,,0,0,0,0,0
3833,اِشْتَدَّ,to intensify; to become strong,suspended,textbook_scan,frequency_core,False,2048,,25651,2048,,,1608,1101,0,0,0,1,12,0,0,0,0,0
3834,تَخْفِيض,reduction; lowering,encountered,collateral,frequency_core,False,2857,,6140,2857,31422,,2852,,0,0,0,0,0,0,0,0,0,0
3835,تَوَازُن,balance; equilibrium,,,frequency_core,False,2803,,8240,2803,5825,,2486,,0,0,2,,,0,0,0,0,0
3836,خَلِيَة,cell; hive,,,frequency_core,False,2732,,8528,2732,12657,,2460,,0,0,0,,,0,0,0,0,0
3837,اِسْتَدْعَى,to summon; to call upon,known,textbook_scan,frequency_core,True,2818,,18022,2818,,,1833,,0,0,2,0,22,1,0,1,0,0
3838,تَقْوِيم,to straighten; calendar,,,frequency_core,False,2051,,6436,2051,5927,,2818,1145,0,0,1,,,0,0,0,0,0
3839,صِيغَة,form; formula,,,frequency_core,False,2861,,6398,2861,12743,,2830,,0,0,0,,,0,0,0,0,0
3840,مَقْبُول,acceptable; accepted,,,frequency_core,False,2862,,6883,2862,13877,,2738,,0,0,1,,,0,0,0,0,0
3841,مِنَاخ,climate,,,frequency_core,False,2777,,10745,2777,5685,,2250,,0,0,0,,,0,0,0,0,0
3842,تَصْدِير,exporting; emission,,,frequency_core,False,2865,,7588,2865,12568,,2624,,0,0,0,,,0,0,0,0,0
3843,مُشْرِف,supervisor; overlooking,known,textbook_scan,frequency_core,True,2867,,4793,2867,4804,,3315,,0,0,0,3,40,0,0,0,0,0
3844,فَكّ,to unfasten,encountered,collateral,frequency_core,False,1321,,4485,1321,12012,,3500,309,0,0,3,0,0,0,0,0,0,0
3845,إِقْبال,advance,,,frequency_core,False,2854,,10138,2854,9224,,2349,,0,0,0,,,0,0,0,0,0
3846,لَفَظ,to utter,,,frequency_core,False,2045,,11086,2045,15590,,2265,1062,0,0,0,,,0,0,0,0,0
3847,خَضَع,to submit,encountered,textbook_scan,frequency_core,False,2006,,18892,2006,,,1850,1184,0,0,0,0,0,0,0,0,0,0
3848,ٱِتِّباع,following,,,frequency_core,False,1591,,3928,1591,35503,,3800,938,0,0,0,,,0,0,0,0,0
3849,فَرَط,to neglect,,,frequency_core,False,1543,,17280,1543,,,1920,653,0,0,0,,,0,0,0,0,0
3850,مُصالِح,reconciliation,,,frequency_core,False,1612,,2773,1612,3497,,14142,767,0,0,0,,,0,0,0,0,0
3851,مَسْعَى,endeavor,,,frequency_core,False,2836,,21040,2836,37163,,1796,,0,0,1,,,0,0,0,0,0
3852,مُتَقَدِّم,advanced,encountered,collateral,frequency_core,False,2683,,15205,2683,8204,,2018,,0,0,1,0,0,0,0,0,0,0
3853,طَوْر,stage,,,frequency_core,False,1476,,8996,1476,13374,,2541,487,0,0,1,,,0,0,0,0,0
3854,مُصِيبَة,calamity,,,frequency_core,False,1505,,19487,1505,26491,,1875,541,0,0,0,,,0,0,0,0,0
3855,مُتَوَقِّع,expected,known,collateral,frequency_core,True,2651,,14218,2651,2360,,2107,,0,0,2,0,10,2,0,0,2,0
3856,ٱِنْقَطَع,to be interrupted,suspended,textbook_scan,frequency_core,False,2739,,23054,2739,,,1774,,0,0,8,3,7,1,0,1,0,2
3857,ٱِسْتِثْناء,exception,,,frequency_core,False,2833,,7205,2833,26393,,2828,,0,0,3,,,0,0,0,0,0
3858,كِفاءة,"competence, proficiency",known,collateral,frequency_core,True,2885,,6195,2885,7145,,3055,,0,0,0,0,12,0,0,0,0,0
3859,جَذَب,"to draw, to pull, to attract",encountered,collateral,frequency_core,False,2888,,8113,2888,8206,,2692,,0,0,4,0,0,0,0,0,0,0
3860,مَوْرِد,"resource, source",suspended,collateral,frequency_core,False,2612,,24620,2612,19342,,1753,,0,0,0,1,5,0,0,0,0,0
3861,تَكْرار,"repetition, recurrence",known,bookifier,frequency_core,True,2891,,5432,2891,24898,,3308,,0,0,4,0,8,1,0,0,1,0
3862,كَسَب,"to earn, to gain, to obtain",known,bookifier,frequency_core,True,1186,,7112,1186,24619,,2891,154,0,0,7,0,12,1,0,1,0,1
3863,رَائِد,"pioneer, scout",,,frequency_core,False,2743,,7284,2743,6830,,2863,,0,0,0,,,0,0,0,0,0
3864,سكّ,"to mint, to coin",encountered,textbook_scan,frequency_core,False,1535,,34479,1535,,,1688,896,0,0,9,0,0,0,0,0,0,0
3865,مُوَازَنَة,"balance, equilibrium",,,frequency_core,False,2805,,8331,2805,4962,,2718,,0,0,0,,,0,0,0,0,0
3866,عَقَّار,"real estate, property",,,frequency_core,False,2665,,7273,2665,5775,,2898,,0,0,0,,,0,0,0,0,0
3867,تَسْوِيق,marketing,,,frequency_core,False,2804,,4380,2804,2784,,3790,,0,0,0,,,0,0,0,0,0
3868,محلّل,analyst,,,frequency_core,False,2897,,9066,2897,13352,,2619,,0,0,0,,,0,0,0,0,0
3869,ظَفِر,"victorious, triumphant",,,frequency_core,False,2052,,9281,2052,29419,,2595,1033,0,0,0,,,0,0,0,0,0
3870,مِلْء,"fullness, plenty",,,frequency_core,False,2081,,12159,2081,,,2319,1319,0,0,3,,,0,0,0,0,0
3871,اِسْتِفْتَاء,"referendum, poll",,,frequency_core,False,2828,,8601,2828,5773,,2707,,0,0,0,,,0,0,0,0,0
3872,تَارَة,"time, turn, once",,,frequency_core,False,1598,,11433,1598,,,2393,960,0,0,2,,,0,0,0,0,0
3873,حَلِيف,"ally, confederate",,,frequency_core,False,2863,,20000,2863,32966,,1950,,0,0,0,,,0,0,0,0,0
3874,أَدَانَ,to condemn,,,frequency_core,False,2626,,22223,2626,,,2398,,0,0,0,,,0,0,0,0,0
3875,اِعْتَذَرَ,to apologize,suspended,textbook_scan,frequency_core,False,1556,,15428,1556,,,2158,720,0,0,0,4,12,0,0,0,0,0
3876,ٱِسْتَوْلَى,to take control of,,,frequency_core,False,2830,,24434,2830,,,1847,,0,0,0,,,0,0,0,0,0
3877,كِيلُومِتر,kilometer,,,frequency_core,False,2892,,8343,2892,,,2820,,0,0,0,,,0,0,0,0,0
3878,شَحْن,cargo,,,frequency_core,False,2839,,2566,2566,1936,,5599,,0,0,3,,,0,0,0,0,0
3879,عَمِيل,agent,,,frequency_core,False,2674,,14940,2674,4033,,2216,,0,0,3,,,0,0,0,0,0
3880,كِيان,entity,,,frequency_core,False,2825,,9184,2825,5604,,2729,,0,0,1,,,0,0,0,0,0
3881,مَسْقَط,place of falling; capital city,known,textbook_scan,frequency_core,True,2908,,5498,2908,,,3558,,0,0,0,0,6,0,0,0,0,0
3882,زَعْم,claim; allegation,encountered,collateral,frequency_core,False,1465,,16046,1465,50431,,2199,433,0,0,0,0,0,0,0,0,0,0
3883,إِبْقاء,keeping; preservation,,,frequency_core,False,2910,,11864,2910,13096,,2480,,0,0,0,,,0,0,0,0,0
3884,خَصَّص,to allocate; to assign,encountered,collateral,frequency_core,False,2606,,14561,2606,,,2290,,0,0,3,0,0,0,0,0,0,0
3885,مَشْعَر,holy place; ritual site,,,frequency_core,False,1976,,43987,1976,90901,,1589,1306,0,0,0,,,0,0,0,0,0
3886,رِيف,countryside; rural area,,,frequency_core,False,2913,,5096,2913,6395,,3763,,0,0,0,,,0,0,0,0,0
3887,شَوْط,round; lap,,,frequency_core,False,2642,,30145,2642,3008,,1785,,0,0,0,,,0,0,0,0,0
3888,غَزْو,to invade; raid,,,frequency_core,False,2873,,14134,2873,10076,,2339,,0,0,2,,,0,0,0,0,0
3889,هَدَّ,to demolish; destroy,suspended,textbook_scan,frequency_core,False,1950,,65425,1950,,,2475,1084,0,0,3,1,5,2,2,2,0,2
3890,طَمُوح,ambitious; aspiration,,,frequency_core,False,2917,,10719,2917,15923,,2635,,0,0,0,,,0,0,0,0,0
3891,مَنْطِق,logic,,,frequency_core,False,2086,,8770,2086,8819,,2885,1326,0,0,0,,,0,0,0,0,0
3892,محرّك,engine; motor,,,frequency_core,False,2922,,4336,2922,8417,,4209,,0,0,2,,,0,0,0,0,0
3893,حَرِيق,fire; conflagration,,,frequency_core,False,1572,,6569,1572,6383,,3350,734,0,0,0,,,0,0,0,0,0
3894,مِنْبَر,pulpit; platform,,,frequency_core,False,2923,,2941,2923,4512,,5411,,0,0,0,,,0,0,0,0,0
3895,ضَاحِيَة,suburb; outskirts,,,frequency_core,False,2925,,14552,2925,14577,,2352,,0,0,0,,,0,0,0,0,0
3896,غِذَاء,food; nutrition,,,frequency_core,False,2752,,13225,2752,3952,,2449,,0,0,1,,,0,0,0,0,0
3897,فَوْضَى,"chaos, confusion",known,collateral,frequency_core,True,2824,,10726,2824,5794,,2677,,0,0,0,0,10,0,0,0,0,0
3898,وِثَاق,"bond, tie, covenant",encountered,textbook_scan,frequency_core,False,1551,,,1551,,,1769,716,0,0,2,0,0,0,0,0,0,0
3899,مَنْصَة,"platform, dais",suspended,bookifier,frequency_core,False,2090,,3337,2090,9891,,5033,1325,0,0,5,1,5,0,0,0,0,0
3900,أَحْرَزَ,"to achieve, to gain, to secure",,,frequency_core,False,2927,,9303,2927,,,2869,,0,0,0,,,0,0,0,0,0
3901,مُسْبَق,"preceded, previous, beforehand",known,bookifier,frequency_core,True,2889,,7721,2889,20805,,3140,,1,1,7,0,3,0,0,0,0,0
3902,عَطَاء,"gift, giving, grant",,,frequency_core,False,1581,,7522,1581,8308,,3194,759,0,0,0,,,0,0,0,0,0
3903,سَدَّدَ,"to direct, to aim, to settle, to pay",,,frequency_core,False,2878,,19341,2878,,,2154,,0,0,0,,,0,0,0,0,0
3904,طَابِع,stamp; character,,,frequency_core,False,2911,,8979,2911,8020,,2956,,0,0,0,,,0,0,0,0,0
3905,جَوَّال,mobile phone; roaming,,,frequency_core,False,2636,,2831,2636,598,,5762,,0,0,2,,,0,0,0,0,0
3906,رَهِينَة,hostage; pledge,,,frequency_core,False,2079,,23012,2079,51478,,2038,1215,0,0,0,,,0,0,0,0,0
3907,عَمَّد,to baptize,,,frequency_core,False,1592,,16066,1592,25771,,2332,823,0,0,2,,,0,0,0,0,0
3908,جَلّ,to be great; to rise,encountered,textbook_scan,frequency_core,False,1345,,4475,1345,82501,,2331,455,0,0,6,0,0,0,0,0,0,0
3909,عَزَّز,to strengthen; to reinforce,known,collateral,frequency_core,True,2047,,21071,2047,,,2141,1270,0,0,0,0,6,0,0,0,0,0
3910,قارّة,continent,,,frequency_core,False,1549,,14456,1549,5293,,2472,830,0,0,0,,,0,0,0,0,0
3911,مؤسّس,founder,,,frequency_core,False,2809,,6742,2809,13484,,3498,,0,0,0,,,0,0,0,0,0
3912,تَهْرِيب,smuggling,,,frequency_core,False,2935,,7457,2935,15716,,3336,,0,0,0,,,0,0,0,0,0
3913,مُجْرِم,criminal,encountered,collateral,frequency_core,False,1209,,23597,1209,16429,,2077,188,1,1,3,0,0,0,0,0,0,0
3914,تَحْذِير,warning,,,frequency_core,False,2938,,7336,2938,14954,,3378,,0,0,0,,,0,0,0,0,0
3915,صَوَاب,correctness,,,frequency_core,False,2060,,33024,2060,13989,,1862,1255,0,0,1,,,0,0,0,0,0
3916,شوّق,to long for,lapsed,textbook_scan,frequency_core,True,2852,,15814,2852,10858,,2410,,0,0,3,0,7,1,1,1,0,1
3917,دِرْعٌ,shield,known,bookifier,frequency_core,True,2903,,9641,2903,17344,,2980,,0,0,7,0,12,0,0,0,0,0
3918,عَتَبَ,to blame,encountered,textbook_scan,frequency_core,False,3633,,44688,3633,71135,,5713,,0,0,0,0,0,0,0,0,0,0
3919,سُكُوتٌ,silence,encountered,textbook_scan,frequency_core,False,2939,,20254,2939,20608,,2210,,0,0,3,0,0,0,0,0,0,0
3920,مُنَافِسٌ,competitor,,,frequency_core,False,2902,,17667,2902,14054,,2329,,0,0,0,,,0,0,0,0,0
3921,تَمْدِيدٌ,extension,,,frequency_core,False,2943,,7385,2943,11826,,3415,,0,0,0,,,0,0,0,0,0
3922,تَقْسِيم,division; partition,,,frequency_core,False,2945,,5708,2945,14468,,3916,,0,0,0,,,0,0,0,0,0
3923,عِزَّة,dignity; might; power,,,frequency_core,False,1513,,12085,1513,14048,,2741,489,0,0,0,,,0,0,0,0,0
3924,مَجْهُول,unknown; anonymous,encountered,textbook_scan,frequency_core,False,2937,,8860,2937,12685,,3157,,0,0,4,0,0,0,0,0,0,0
3925,مَكْرَم,honorable deed; honor; dignity,,,frequency_core,False,1455,,16622,1455,61088,,2415,663,0,0,0,,,0,0,0,0,0
3926,ناخِب,voter; elector,,,frequency_core,False,2750,,27455,2750,15539,,2024,,0,0,0,,,0,0,0,0,0
3927,عَبَدَ,to worship,known,quran,quran,True,352,,67,67,3929,948,2245,63,5,0,0,0,15,0,0,0,0,0
3928,تَسَاءَلَ,to wonder; to ask,known,textbook_scan,frequency_core,True,1494,,26438,1494,,,2051,554,4,4,25,0,12,4,2,1,3,1
3929,احْتَفَلَ,to celebrate,,,frequency_core,False,2887,,14482,2887,,,2570,,0,0,0,,,0,0,0,0,0
3930,وَسِعَ,to widen; to expand,known,textbook_scan,frequency_core,True,1224,,15511,1224,,,1799,317,0,0,0,0,5,0,0,0,0,0
3931,هُبُوط,descent; landing,,,frequency_core,False,2952,,9355,2952,10768,,3114,,0,0,0,,,0,0,0,0,0
3932,خَائِن,traitor,,,frequency_core,False,1542,,47885,1542,39990,,1722,738,0,0,0,,,0,0,0,0,0
3933,نَفَعَ,to benefit; to help,learning,textbook_scan,frequency_core,True,1284,,15142,1284,29957,,2545,228,0,0,1,5,10,4,2,2,2,3
3934,رَفَعَ,raising,known,textbook_scan,textbook_scan,True,939,,821,821,14440,,408,351,0,0,19,0,23,0,0,0,0,0
3935,حَيَاء,"shyness, modesty",,,frequency_core,False,2941,,33683,2941,21966,,2156,,0,0,1,,,0,0,0,0,0
3936,نَسِيم,breeze,,,frequency_core,False,3053,,17863,3053,19394,,2704,,0,0,0,,,0,0,0,0,0
3937,حَبْس,"imprisonment, confinement",known,bookifier,frequency_core,True,1617,,10470,1617,14424,,3397,981,0,0,0,0,12,1,0,0,1,0
3938,مَصْرَع,side of a couplet,,,frequency_core,False,2906,,7692,2906,,,3961,,0,0,0,,,0,0,0,0,0
3939,تَرْخِيص,"licensing, authorization",,,frequency_core,False,3054,,6699,3054,10581,,4268,,0,0,0,,,0,0,0,0,0
3940,مُبَرِّر,"justification, reason",,,frequency_core,False,3055,,10345,3055,29736,,3441,,0,0,0,,,0,0,0,0,0
3941,خَالَفَ,"to contradict, to oppose",known,bookifier,frequency_core,True,1560,,19044,1560,,,2660,986,0,0,1,0,13,3,2,3,0,3
3942,عَرْقَلَة,"obstruction, hindrance",,,frequency_core,False,3057,,11167,3057,82073,,3328,,0,0,0,,,0,0,0,0,0
3943,شَرِيحَة,slice; sector,,,frequency_core,False,3032,,9020,3032,15393,,3684,,0,0,1,,,0,0,0,0,0
3944,ابْتِسَام,smile,encountered,collateral,frequency_core,False,3060,,30134,3060,55441,,2261,,0,0,2,0,0,0,0,0,0,0
3945,تَسَاقَطَ,to fall; to drop,encountered,textbook_scan,frequency_core,False,2095,,9530,2095,65638,,3613,1142,0,0,1,0,0,0,0,0,0,0
3946,احْتَفَظَ,to keep; to retain,known,collateral,frequency_core,True,2883,,21048,2883,,,2583,,1,1,5,0,18,1,1,0,1,0
3947,إِكْرام,"honoring, treating with respect",,,frequency_core,False,1615,,28412,1615,68932,,2323,949,0,0,0,,,0,0,0,0,0
3948,ٱِنْقَلَب,"to overturn, to flip",,,frequency_core,False,1477,,29042,1477,,,2306,385,1,1,2,,,0,0,0,0,0
3949,مَعْمَل,"factory, workshop, laboratory",,,frequency_core,False,3064,,11858,3064,24050,,3274,,0,0,0,,,0,0,0,0,0
3950,سَنَد,"to support, to back up",encountered,textbook_scan,frequency_core,False,3065,,10186,3065,18332,,3511,,0,0,0,0,0,0,0,0,0,0
3951,حَكّ,"to scratch, to rub",,,frequency_core,False,3068,,10154,3068,,,3529,,0,0,3,,,0,0,0,0,0
3952,مُسْتَوْطِن,settler,,,frequency_core,False,2960,,35248,2960,87513,,3179,,0,0,0,,,0,0,0,0,0
3953,كَوَّم,to pile up,,,frequency_core,False,3070,,2721,2721,20956,,7844,,0,0,3,,,0,0,0,0,0
3954,عِلاوَة,addition; bonus,,,frequency_core,False,3071,,6769,3071,38865,,4363,,0,0,0,,,0,0,0,0,0
3955,بَرَاءَة,innocence; exemption,,,frequency_core,False,1616,,11850,1616,19108,,3318,954,0,0,0,,,0,0,0,0,0
3956,عِبْء,burden; load,known,collateral,frequency_core,True,2969,,17774,2969,21134,,2802,,1,1,2,0,14,2,1,0,2,0
3957,دَاء,disease; ailment,,,frequency_core,False,2100,,11971,2100,21309,,3311,1191,0,0,0,,,0,0,0,0,0
3958,خالِص,pure; genuine,encountered,book,frequency_core,False,1555,,11261,1555,23617,,3406,526,0,0,2,0,0,0,0,0,0,0
3959,شَقّ,crack; split,,,frequency_core,False,1493,,15033,1493,17759,,3006,400,0,0,2,,,0,0,0,0,0
3960,نُطْق,speech; pronunciation,known,bookifier,frequency_core,True,1521,,20951,1521,11720,,2643,519,0,0,6,0,10,0,0,0,0,0
3961,عَمُود,column; pole,,,frequency_core,False,2989,,16405,2989,12060,,2915,,0,0,2,,,0,0,0,0,0
3962,ٱلْتَزَم,to commit; to adhere,,,frequency_core,False,2899,,22394,2899,,,2590,,0,0,0,,,0,0,0,0,0
3963,ابْتَلَّ,to become wet,known,textbook_scan,textbook_scan,True,1879,,,1879,,,18326,1090,0,0,0,0,17,1,0,1,0,0
3964,مُؤَنِّبَة,reproaching,known,textbook_scan,textbook_scan,True,,,,,,,,,0,0,0,0,5,2,0,0,2,0
3965,سَخِرَ,mocked,lapsed,textbook_scan,textbook_scan,True,1230,,28879,1230,,,3485,265,0,0,1,0,11,1,1,0,1,0
3966,تَلَاشَى,"to fade, vanish",known,textbook_scan,textbook_scan,True,2366,,76378,2366,,,6009,,1,1,9,0,20,1,0,0,1,0
3967,شَحَبَ,to pale,known,textbook_scan,textbook_scan,True,3102,,,3102,,,5897,,0,0,2,0,17,3,1,0,3,0
3968,مُوشِك,about to,known,textbook_scan,textbook_scan,True,,,,,,,,,0,0,0,0,6,0,0,0,0,0
3969,مَغِيب,sunset,known,textbook_scan,textbook_scan,True,3061,,69325,3061,63034,,5602,,0,0,0,0,23,1,0,1,0,0
3970,شُحُوب,"pallor, paleness",known,textbook_scan,textbook_scan,True,3677,,,3677,,,9644,,0,0,0,0,21,2,0,0,2,0
3971,خَرُوف,lamb,known,textbook_scan,textbook_scan,True,2340,,43110,2340,38842,,5158,,0,0,0,0,19,0,0,0,0,0
3972,زَهَا,bloomed,known,textbook_scan,textbook_scan,True,2322,,,2322,,,6164,,0,0,1,0,11,0,0,0,0,0
3973,رَفِيقَة,companion,known,textbook_scan,textbook_scan,True,2921,,55906,2921,,,4579,,0,0,0,0,19,0,0,0,0,1
3974,اقْتَادَ,led,known,textbook_scan,textbook_scan,True,1823,,,1823,,,9293,1109,0,0,2,0,11,2,1,0,2,0
3975,جَزَّار,butcher,known,textbook_scan,textbook_scan,True,2319,,51719,2319,27066,,5260,,0,0,0,0,26,1,0,0,1,0
3976,انْتَحَبَ,sobbed,known,textbook_scan,textbook_scan,True,3302,,,3302,,,7335,,0,0,0,1,14,2,1,1,1,0
3977,انْتِحَاب,sobbing,known,textbook_scan,textbook_scan,True,,,,,,,,,0,0,0,0,20,0,0,0,0,0
3978,ٱِفْتَرَق,to separate,,,story_import,False,3274,,,3274,,,3342,,0,0,3,,,0,0,0,0,0
3979,تَلَخَّص,to summarize,,,story_import,False,4409,,50653,4409,,,8367,,0,0,0,,,0,0,0,0,0
3980,ٱِحْتِباس,"retention, obstruction",,,story_import,False,4145,,66662,4145,29637,,6086,,0,0,0,,,0,0,0,0,0
3981,بَوْل,urine,,,story_import,False,3758,,5547,3758,12186,,10818,,0,0,0,,,0,0,0,0,0
3982,قَسْطَر,"catheter, catheterization",,,story_import,False,,,,,,,,,0,0,0,,,0,0,0,0,0
3983,تَرَمَّق,"to glance, to peek",,,story_import,False,,,,,,,,,0,0,1,,,0,0,0,0,0
3984,ٱِنْكَشَف,to be revealed,known,collateral,story_import,True,,,53674,53674,,,,,0,0,0,0,7,0,0,0,0,1
3985,خُرْطُوم,"trunk, hose, proboscis",,,story_import,False,2112,,52822,2112,3340,,9677,1182,0,0,0,,,0,0,0,0,0
3986,ٱِنْتَفَض,"erection, standing upright",,,story_import,False,,,50165,50165,,,,,0,0,2,,,0,0,0,0,0
3987,ٱِنْتِصاب,"a little, bit",,,story_import,False,,,83305,83305,29612,,,,0,0,0,,,0,0,0,0,0
3988,عاوَد,"compresses, poultices",encountered,textbook_scan,story_import,False,3333,,47943,3333,,,2778,,0,0,0,0,0,0,0,0,0,0
3989,الْكَمَادَات,"relaxation, limpness",,,story_import,False,,,82882,82882,,,,,0,0,0,,,0,0,0,0,0
3990,ٱِرْتِخاء,"anguish, pang",,,story_import,False,,,17231,17231,,,,,0,0,0,,,0,0,0,0,0
3991,لَوْعَة,"anguish, pang",,,story_import,False,,,83784,83784,,,,,0,0,0,,,0,0,0,0,0
3992,راوَنْد,"curves, windings",known,textbook_scan,story_import,True,1487,,,1487,,,24962,212,2,2,32,0,3,0,0,0,0,0
3993,مُفَلْطَح,"to revive, to recover",,,story_import,False,,,,,,,,,0,0,1,,,0,0,0,0,0
3994,القَصِيب,"to assail, to occur to",,,story_import,False,3400,,,3400,,,3477,,0,0,0,,,0,0,0,0,0
3995,ٱِنْتَفَخ,to swallow,,,story_import,False,,,,,,,,,0,0,0,,,0,0,0,0,0
3996,تَعارِيج,giant,,,story_import,False,,,,,,,,,0,0,0,,,0,0,0,0,0
3997,يَنْتَصِب,"to extinguish, to turn off",,,story_import,False,,,86216,86216,,,,,0,0,0,,,0,0,0,0,0
3998,ٱِنْتَعَش,aristocratic,,,story_import,False,,,95567,95567,,,,,0,0,0,,,0,0,0,0,0
3999,ساوَر,"to hold together, to cohere",,,story_import,False,1644,,,1644,,,6367,746,0,0,0,,,0,0,0,0,0
4000,أَبْلَع,to swallow,,,story_import,False,2484,,,2484,,,20010,1091,0,0,0,,,0,0,0,0,0
4001,عِمْلاق,giant,known,bookifier,story_import,True,3090,,13348,3090,8118,,4086,,0,0,15,0,8,0,0,0,0,0
4002,اِطْفِيءْ,"to extinguish, to turn off",encountered,collateral,story_import,False,3646,,,3646,,,6101,,0,0,0,0,0,0,0,0,0,0
4003,أَرِسْتُقراطِيّ,to bite,,,story_import,False,,,,,,,,,0,0,1,,,0,0,0,0,0
4004,تَماسَك,to lick,,,story_import,False,4428,,32743,4428,34182,,7663,,0,0,0,,,0,0,0,0,0
4005,خَصْر,"clot, blood clot",,,story_import,False,4202,,96670,4202,25579,,6849,,0,0,0,,,0,0,0,0,0
4006,مُنْتَصِب,"to tear, to rip",encountered,textbook_scan,story_import,False,,,,,,,,,0,0,0,0,0,0,0,0,0,0
4007,حِضْن,does not come out,,,story_import,False,3611,,25003,3611,72682,,4940,,0,0,3,,,0,0,0,0,0
4008,شَرَس,to bite,,,story_import,False,4081,,52113,4081,51351,,7039,,0,0,0,,,0,0,0,0,0
4009,أَعاض,licking,,,story_import,False,,,,,,,,,0,0,0,,,0,0,0,0,0
4010,لَحِس,"clinging, holding tight",,,story_import,False,,,37104,37104,,,,,0,0,1,,,0,0,0,0,0
4011,الكَلُّوت,"to overflow, to spill",,,story_import,False,1335,,,1335,,,3362,622,0,0,1,,,0,0,0,0,0
4012,تَمَزَّق,"unconsciousness, coma",,,story_import,False,4288,,14004,4288,16711,,9816,,0,0,2,,,0,0,0,0,0
4013,لَايَخْرُج,"torn, tattered",,,story_import,False,,,,,,,,,0,0,0,,,0,0,0,0,0
4014,عَضّ,"to dry, to desiccate",,,story_import,False,2069,,63185,2069,92814,,4941,1039,0,0,3,,,0,0,0,0,0
4015,مُتَشَبِّسَه,"clinging, holding tight",,,story_import,False,,,,,,,,,0,0,0,,,0,0,0,0,0
4016,فَاضَ,"to overflow, to spill",known,bookifier,story_import,True,1608,,61043,1608,,,4588,608,0,0,4,0,12,3,1,2,1,0
4017,غَيْبُوبَة,"unconsciousness, coma",,,story_import,False,4514,,26501,4514,64936,,8193,,0,0,0,,,0,0,0,0,0
4018,تَجَفَّف,"to dry, to desiccate",,,story_import,False,,,99282,99282,,,,,0,0,0,,,0,0,0,0,0
4019,جَفّ,to dry,encountered,collateral,story_import,False,1575,,62028,1575,,,2632,974,0,0,5,0,0,0,0,0,0,0
4020,مَايَقُولُونَ,to say,,,story_import,False,,,,,,,,,0,0,0,,,0,0,0,0,0
4021,شَوِيّ,a little,,,story_import,False,2187,,17851,2187,,,15990,1245,0,0,0,,,0,0,0,0,0
4022,مَانُنَزِّلُ,to descend,,,story_import,False,,,,,,,,,0,0,0,,,0,0,0,0,0
4023,المُمَزَّق,torn,encountered,collateral,story_import,False,1931,,98734,1931,,,7392,950,0,0,3,0,0,0,0,0,0,0
4024,بَيَان,statement; clarification,known,leech_reintro,frequency_core,True,1038,,485,485,1351,,342,862,0,0,2,1,15,0,0,0,0,0
4025,ضَحِكَ,to laugh,known,textbook_scan,textbook_inflected_cleanup,True,1180,,8950,1180,4810,,531,532,61,0,20,0,9,0,0,0,0,0
4026,تَغَدَّى,to eat lunch,known,study,textbook_inflected_cleanup,True,,,,,,,,,1,0,0,0,15,1,0,0,1,0
4027,دَرَسَ,to study,known,study,textbook_inflected_cleanup,True,2267,,4352,2267,5598,,,742,4,0,0,0,9,0,0,0,0,0
4028,كَتَبَ,to write,known,study,textbook_inflected_cleanup,True,2056,,191,191,684,,,195,2,0,0,0,10,0,0,0,0,0
4029,تَفَضَّلَ,be so kind,known,study,textbook_inflected_cleanup,True,2966,,8088,2966,71750,,,1144,1,0,0,0,5,1,0,1,0,1
4030,وَضَعَ,"put, place",known,study,textbook_inflected_cleanup,True,2156,,430,430,810,,,367,13,0,1,0,19,1,1,0,1,0
4031,مُنفرد,"solitary, alone",known,textbook_scan,textbook_scan,True,2229,,25368,2229,32029,,2877,,0,0,0,0,8,0,0,0,0,0
4032,عَزِيمَة,determination,encountered,textbook_scan,textbook_scan,False,2249,,27388,2249,35572,,2897,,0,0,0,0,0,0,0,0,0,0
4033,حَيْزُوم,Hayzum (proper name),encountered,textbook_scan,textbook_scan,False,,,,,,,,,0,0,0,0,0,0,0,0,0,0
4034,جَزَمَ,decisiveness,encountered,textbook_scan,textbook_scan,False,2396,,47650,2396,31283,,9682,,0,0,0,0,0,0,0,0,0,0
4035,وَكْر,"den, lair",known,textbook_scan,textbook_scan,True,1254,,50413,1254,,,4761,705,0,0,3,0,13,0,0,0,0,0
4036,بُرء,"recovery, healing",encountered,textbook_scan,textbook_scan,False,2386,,,2386,,,13767,,0,0,0,0,0,0,0,0,0,0
4037,خِبَاء,tent,known,textbook_scan,textbook_scan,True,2842,,,2842,,,3836,,0,0,0,0,9,0,0,0,0,0
4039,رَفيق,companion,known,textbook_scan,textbook_scan,True,1281,,4016,1281,12236,,1129,1209,0,0,3,0,34,0,0,0,0,0
4040,صُحبَة,to accompany,known,textbook_scan,textbook_scan,True,1353,,77720,1353,,,2224,641,0,0,0,0,6,1,0,1,0,1
4041,هَجر,"to abandon, forsake",suspended,textbook_scan,textbook_scan,False,1501,,19646,1501,60974,,4566,668,0,0,1,5,10,2,2,1,1,1
4042,فِراق,"separation, parting",encountered,textbook_scan,textbook_scan,False,1520,,26934,1520,23230,,2602,1050,0,0,0,0,0,0,0,0,0,0
4043,يَومَئِذ,"at that time, then",encountered,textbook_scan,textbook_scan,False,1067,,17904,1067,,,2277,134,0,0,0,0,0,0,0,0,0,0
4044,ثِنتان,two,encountered,textbook_scan,textbook_scan,False,4782,,,4782,,,18760,,0,0,0,0,0,0,0,0,0,0
4045,عَزَّ,mighty,known,textbook_scan,textbook_scan,True,1262,,1588,1262,15656,,2857,758,0,0,0,0,2,0,0,0,0,0
4046,وَفاة,death,known,textbook_scan,textbook_scan,True,2008,,1824,1824,8213,,1230,,0,0,0,0,12,2,0,0,2,0
4047,ثِقَل,heavy load,known,textbook_scan,textbook_scan,True,1364,,19459,1364,32698,,2554,524,0,0,0,0,7,1,0,0,1,0
4048,مَتاع,goods,known,textbook_scan,textbook_scan,True,1218,,28520,1218,72174,,2689,258,0,0,0,0,29,4,1,2,2,0
4049,أَعارَ,lent,known,textbook_scan,textbook_scan,True,2335,,,2335,,,5813,,0,0,2,0,18,2,0,0,2,0
4050,عِمامَة,turban,known,textbook_scan,textbook_scan,True,2733,,59689,2733,61282,,2808,,0,0,0,0,7,1,0,0,1,0
4051,سَرج,saddle,encountered,textbook_scan,textbook_scan,False,4088,,86632,4088,90006,,12745,,0,0,0,0,0,0,0,0,0,0
4052,تَعاوُن,cooperation,,,frequency_core,False,2460,,3442,2460,637,,367,,0,0,1,,,0,0,0,0,0
4053,تَصْرِيح,statement; declaration,,,frequency_core,False,2461,,1565,1565,10007,,492,,0,0,1,,,0,0,0,0,0
4054,رِئَاسَة,presidency; leadership,known,bookifier,frequency_core,True,2463,,2188,2188,2373,,444,,0,0,33,0,8,0,0,0,0,0
4055,مَقْتَل,killing; death,,,frequency_core,False,2466,,1124,1124,,,605,,0,0,0,,,0,0,0,0,0
4056,جَمَاعَة,group; community,encountered,textbook_scan,frequency_core,False,2474,,1639,1639,2184,,547,,0,0,2,0,0,0,0,0,0,0
4057,إِنْتَاج,production,,,frequency_core,False,2478,,1247,1247,1490,,662,,0,0,0,,,0,0,0,0,0
4058,طَاقَة,energy; power,,,frequency_core,False,2524,,5564,2524,926,,615,,0,0,0,,,0,0,0,0,0
4059,نِهَائِيّ,final,known,collateral,frequency_core,True,2553,,2885,2553,1753,,1047,,0,0,3,0,5,2,0,1,1,0
4060,بَرْلَمَان,parliament,,,frequency_core,False,2565,,10438,2565,1188,,709,,0,0,0,,,0,0,0,0,0
4061,وَكِيل,agent; representative,known,bookifier,frequency_core,True,2597,,1616,1616,6480,,1894,,1,1,20,0,27,0,0,0,0,0
4062,مُؤَشِّر,indicator; index,,,frequency_core,False,2603,,2677,2603,5576,,1472,,0,0,0,,,0,0,0,0,0
4063,صَارُوخ,rocket; missile,,,frequency_core,False,2623,,8139,2623,14228,,1054,,0,0,1,,,0,0,0,0,0
4064,تَعْيِين,appointment; assignment,encountered,collateral,frequency_core,False,2628,,3283,2628,13397,,1586,,0,0,0,0,0,0,0,0,0,0
4065,إِلِكْتُرُونِيّ,electronic,known,collateral,frequency_core,True,2632,,3756,2632,445,,1506,,0,0,1,0,13,1,0,0,1,0
4066,بَاقِي,remaining; remainder,known,bookifier,frequency_core,True,2633,,2113,2113,12149,,2045,,0,0,5,0,9,0,0,0,0,0
4067,تِكْنُولُوجْيَا,technology,,,frequency_core,False,2643,,2746,2643,1552,,1885,,0,0,0,,,0,0,0,0,0
4068,خَلِيجِيّ,Gulf; Gulf Arab,,,frequency_core,False,2653,,9860,2653,4557,,1111,,0,0,0,,,0,0,0,0,0
4069,صِنَاعِيّ,industrial; artificial,,,frequency_core,False,2731,,14850,2731,3790,,1316,,0,0,0,,,0,0,0,0,0
4070,جْرَام,gram,,,frequency_core,False,2751,,12473,2751,65681,,1476,,0,0,1,,,0,0,0,0,0
4071,ثُنَائِيّ,binary; dual,,,frequency_core,False,2762,,6544,2762,7631,,2013,,0,0,0,,,0,0,0,0,0
4072,دَاعِي,caller; reason,known,bookifier,frequency_core,True,2799,,11232,2799,23286,,1840,,0,0,8,0,15,2,1,1,1,1
4073,ضَمِير,conscience; pronoun,,,frequency_core,False,2810,,13449,2810,10986,,1787,,0,0,0,,,0,0,0,0,0
4074,تَوْقِيت,timing,,,frequency_core,False,2811,,6975,2811,5669,,2361,,0,0,1,,,0,0,0,0,0
4075,حِينَئِذٍ,then; at that time,,,frequency_core,False,2819,,,2819,,,1791,,0,0,0,,,0,0,0,0,0
4076,مَخافَة,fear; apprehension,suspended,bookifier,frequency_core,False,2821,,36115,2821,,,1330,,0,0,1,1,5,0,0,0,0,0
4077,تَوْقِيف,arrest; suspension,,,frequency_core,False,2858,,5582,2858,22154,,3000,,0,0,0,,,0,0,0,0,0
4078,سَجِين,prisoner,known,textbook_scan,frequency_core,True,2864,,20024,2864,25571,,1779,,0,0,0,0,8,1,0,0,1,0
4079,اِسْتِهْلَاك,consumption,,,frequency_core,False,2866,,6861,2866,9116,,2756,,0,0,2,,,0,0,0,0,0
4080,غُصْن,branch; twig,,,frequency_core,False,2869,,13053,2869,76277,,2097,,0,0,0,,,0,0,0,0,0
4081,وَاحَة,oasis,known,textbook_scan,frequency_core,True,2872,,1606,1606,9755,,7127,,0,0,0,0,24,1,0,1,0,0
4082,لَجَأَ,"to resort, to take refuge",suspended,textbook_scan,frequency_core,False,2874,,16178,2874,,,1943,,0,0,1,1,9,0,0,0,0,0
4083,هَاجِس,"worry, obsession",,,frequency_core,False,2877,,28024,2877,40784,,1619,,0,0,0,,,0,0,0,0,0
4084,عُطْلَة,"holiday, vacation",,,frequency_core,False,2881,,6135,2881,17374,,3032,,0,0,0,,,0,0,0,0,0
4085,مَحْكَمَة,court,known,bookifier,frequency_core,True,2452,,1409,1409,893,,462,,0,0,5,0,9,2,1,0,2,0
4086,إِسْتاد,stadium,,,frequency_core,False,2894,,8063,2894,26839,,2747,,0,0,0,,,0,0,0,0,0
4087,شَرِيعَة,law,,,frequency_core,False,2907,,17510,2907,2170,,2091,,0,0,0,,,0,0,0,0,0
4088,أَسَاءَ,to offend; to mistreat,encountered,textbook_scan,frequency_core,False,2912,,24813,2912,,,1893,,0,0,0,0,0,0,0,0,0,0
4089,شَتَّى,various,suspended,bookifier,frequency_core,False,2914,,5994,2914,,,3461,,0,0,7,1,5,0,0,0,0,0
4090,مُوَضِّح,explainer; clarifier,,,frequency_core,False,2930,,25473,2930,68285,,1968,,0,0,1,,,0,0,0,0,0
4091,سِتّ,six,known,collateral,frequency_core,True,2489,,4024,2489,6357,,498,,0,0,18,0,3,0,0,0,0,0
4092,جَدِير,worthy,encountered,collateral,frequency_core,False,2944,,10087,2944,8286,,2945,,0,0,2,0,0,0,0,0,0,0
4093,نِيابِيّ,parliamentary,,,frequency_core,False,2946,,28949,2946,6837,,1977,,0,0,0,,,0,0,0,0,0
4094,مَزاد,auction,,,frequency_core,False,2947,,5308,2947,20453,,4117,,0,0,0,,,0,0,0,0,0
4095,سِينَمائِيّ,cinematic,,,frequency_core,False,2948,,20737,2948,6301,,2225,,0,0,0,,,0,0,0,0,0
4096,فَصِيل,faction; platoon,,,frequency_core,False,2954,,21570,2954,42943,,2227,,0,0,1,,,0,0,0,0,0
4097,تَعْطِيل,disruption; suspension,,,frequency_core,False,2955,,5454,2955,15977,,4132,,0,0,0,,,0,0,0,0,0
4098,كَتِيبَة,battalion,,,frequency_core,False,2958,,14814,2958,15837,,2579,,0,0,0,,,0,0,0,0,0
4099,ثَقِيل,heavy,known,textbook_scan,frequency_core,True,2959,,23517,2959,12245,,2169,,0,0,7,0,10,1,0,0,1,0
4100,سُكُون,stillness; silence,known,textbook_scan,frequency_core,True,2961,,28582,2961,23795,,2037,,2,2,8,0,14,0,0,0,0,0
4101,عَقِيدَة,creed; doctrine,,,frequency_core,False,2964,,6240,2964,3476,,3881,,0,0,0,,,0,0,0,0,0
4102,رَوْضَة,kindergarten; garden,,,frequency_core,False,2965,,5230,2965,10194,,4287,,0,0,0,,,0,0,0,0,0
4103,مُرَاعَاة,consideration; observance,,,frequency_core,False,2967,,5818,2967,,,4050,,0,0,1,,,0,0,0,0,0
4104,خصّ,to single out; to concern,,,frequency_core,False,2968,,20697,2968,,,2294,,0,0,2,,,0,0,0,0,0
4105,مُتَكَامِل,integrated; complete,,,frequency_core,False,2970,,8933,2970,21529,,3260,,0,0,1,,,0,0,0,0,0
4106,اِنْعِقَاد,convening; being held,known,collateral,frequency_core,True,2971,,5929,2971,22329,,4019,,0,0,0,0,11,0,0,0,0,0
4107,إِهَانَة,insult; humiliation,,,frequency_core,False,2973,,13817,2973,35516,,2695,,0,0,3,,,0,0,0,0,0
4108,صَرِيح,frank; explicit,,,frequency_core,False,2976,,12411,2976,20784,,2825,,0,0,0,,,0,0,0,0,0
4109,تَضَامَنَ,to show solidarity,,,frequency_core,False,2977,,18152,2977,4662,,2434,,0,0,0,,,0,0,0,0,0
4110,وَاسِطَة,intermediary; mediation,,,frequency_core,False,2979,,38042,2979,45694,,1897,,0,0,2,,,0,0,0,0,0
4111,تَدْرِيس,teaching,encountered,collateral,frequency_core,False,2980,,8659,2980,3719,,3358,,0,0,0,0,0,0,0,0,0,0
4112,بَرِيء,innocent,encountered,collateral,frequency_core,False,2982,,26377,2982,43709,,2144,,0,0,0,0,0,0,0,0,0,0
4113,إِصْرَار,insistence; persistence,,,frequency_core,False,2984,,11746,2984,13839,,2938,,0,0,0,,,0,0,0,0,0
4114,نَمَط,pattern; style,encountered,collateral,frequency_core,False,2985,,6906,2985,13389,,3786,,0,0,0,0,0,0,0,0,0,0
4115,اِخْتِرَاق,penetration; breach,learning,textbook_scan,frequency_core,True,2988,,4046,2988,9646,,5165,,0,0,0,7,17,5,1,1,4,3
4116,اِعْتَادَ,to get used to,encountered,collateral,frequency_core,False,2990,,15298,2990,,,2641,,0,0,1,0,0,0,0,0,0,0
4117,شَجَّعَ,to encourage,known,textbook_scan,frequency_core,True,2992,,19206,2992,,,2419,,0,0,2,0,18,1,0,0,1,0
4118,رَصَاص,lead; bullets,encountered,textbook_scan,frequency_core,False,2993,,23507,2993,7693,,2249,,0,0,3,0,0,0,0,0,0,0
4119,اِسْتِجَابَة,response,,,frequency_core,False,2997,,7535,2997,7724,,3666,,0,0,0,,,0,0,0,0,0
4120,تَمْيِيز,distinction; discrimination,encountered,collateral,frequency_core,False,3000,,10251,3000,5566,,3167,,0,0,0,0,0,0,0,0,0,0
4121,مَوْلَى,patron; master; client,,,frequency_core,False,2519,,22920,2519,10208,,400,,0,0,0,,,0,0,0,0,0
4122,اِقْتَصَرَ,to limit,suspended,textbook_scan,textbook_scan,False,,,28758,28758,,,,,0,0,0,1,5,0,0,0,0,0
4123,عَجَّ,to teem,encountered,textbook_scan,textbook_scan,False,,,28574,28574,,,,,0,0,1,0,0,0,0,0,0,0
4125,خَارِق,supernatural,known,textbook_scan,textbook_scan,True,,,44326,44326,46889,,,,0,0,0,0,15,1,0,0,1,0
4126,خَشِيَ,to fear,encountered,textbook_scan,textbook_scan,False,,,50632,50632,,,,,0,0,5,0,0,0,0,0,0,0
4127,مُقْتَنَى,"possession, acquisition",known,textbook_scan,textbook_scan,True,,,,,,,,,0,0,0,0,24,4,0,0,4,3
4128,ثَمَّةَ,there is,encountered,textbook_scan,textbook_scan,False,2686,,3263,2686,,,2073,,0,0,0,0,0,0,0,0,0,0
4129,اِبْتِكَار,innovation,known,textbook_scan,textbook_scan,True,,,14076,14076,11230,,,,0,0,2,0,8,0,0,0,0,0
4130,تَوْأَم,twin,encountered,textbook_scan,textbook_scan,False,,,35720,35720,31605,,,,0,0,0,0,0,0,0,0,0,0
4131,عُثُور,finding,lapsed,textbook_scan,textbook_scan,True,,,99962,99962,2832,,,,0,0,11,0,14,2,2,0,2,2
4132,اِعْتَمَلَ,to work,learning,textbook_scan,textbook_scan,True,,,,,,,,,0,0,0,3,14,3,1,0,3,1
4133,ضَاهَى,"to equal, to rival",known,textbook_scan,textbook_scan,True,,,,,,,,,0,0,0,0,13,2,1,0,2,2
4134,فَاقَ,"to exceed, to surpass",suspended,textbook_scan,textbook_scan,False,,,22568,22568,,,,,0,0,2,1,10,0,0,0,0,1
4135,مَبِيع,"sales, sold",lapsed,textbook_scan,textbook_scan,True,,,70671,70671,49442,,,,0,0,0,0,19,1,1,0,1,0
4136,مَيَّزَ,"to distinguish, to characterize",known,textbook_scan,textbook_scan,True,,,30640,30640,,,,,0,0,0,0,5,0,0,0,0,0
4137,مُؤَلِّف,author,known,textbook_scan,textbook_scan,True,,,11928,11928,3940,,,,0,0,2,0,19,0,0,0,0,0
4138,نَبْض,"pulse, beat",known,textbook_scan,textbook_scan,True,,,5127,5127,25134,,,,1,1,3,0,19,0,0,0,0,0
4139,كَمِّيَّة,quantity,encountered,textbook_scan,textbook_scan,False,,,2953,2953,10009,,,,0,0,4,0,0,0,0,0,0,0
4140,جَدُرَ,to be worthy,known,textbook_scan,textbook_scan,True,,,,,,,,,0,0,0,1,15,3,1,0,3,2
4141,حَمِيمِ,intimate friend,known,textbook_scan,textbook_scan,True,,,44746,44746,50525,,,,0,0,0,0,21,0,0,0,0,0
4142,تَنَقَّلَ,movement/migration,lapsed,textbook_scan,textbook_scan,True,,,6234,6234,8437,,,,0,0,2,0,15,1,1,0,1,0
4143,طَمْأَنَ,to reassure,known,textbook_scan,textbook_scan,True,,,45584,45584,,,,,0,0,0,0,14,1,0,0,1,1
4144,فَارِس,"Farsi, horseman",known,textbook_scan,textbook_scan,True,2577,,3616,2577,15867,,1104,,0,0,0,0,36,0,0,0,0,0
4145,مَأْدُبَة,feast,known,textbook_scan,textbook_scan,True,,,19914,19914,64695,,,,0,0,0,0,13,2,1,0,2,0
4146,طَابَ,to be good,lapsed,textbook_scan,textbook_scan,True,,,39822,39822,,,,,0,0,0,0,16,1,1,0,1,1
4147,اِنْتَزَعَ,"to snatch, seize",suspended,textbook_scan,textbook_scan,False,,,29788,29788,,,,,0,0,9,1,10,0,0,0,0,0
4148,إِبْرِيق,"pitcher, jug",known,textbook_scan,textbook_scan,True,,,77568,77568,,,,,0,0,3,0,8,0,0,0,0,1
4149,طَاق,arch,known,textbook_scan,textbook_scan,True,,,,,,,,,0,0,0,0,15,1,0,0,1,1
4150,عَطْف,compassion,known,textbook_scan,textbook_scan,True,,,32024,32024,37576,,,,0,0,0,1,16,1,0,0,1,0
4151,مُتَنَكِّر,disguised (one),encountered,textbook_scan,textbook_scan,False,,,,,,,,,0,0,0,0,0,0,0,0,0,0
4152,مَرَق,broth,encountered,textbook_scan,textbook_scan,False,,,46731,46731,65790,,,,0,0,1,0,0,0,0,0,0,0
4153,شَتْم,insult,encountered,textbook_scan,textbook_scan,False,,,45412,45412,58756,,,,0,0,0,0,0,0,0,0,0,0
4154,طَحِين,flour,encountered,textbook_scan,textbook_scan,False,,,41060,41060,30742,,,,0,0,0,0,0,0,0,0,0,0
4155,اِنْتَدَبَ,"to volunteer, nominate",lapsed,textbook_scan,textbook_scan,True,,,,,,,,,0,0,0,0,10,1,1,0,1,0
4156,عَفَا,to pardon,suspended,textbook_scan,textbook_scan,False,,,31550,31550,,,,,0,0,0,1,5,0,0,0,0,0
4157,جَهَّزَ,to prepare,known,textbook_scan,textbook_scan,True,,,35923,35923,,,,,0,0,2,0,11,0,0,0,0,0
4158,بِساط,"carpet, mat",known,textbook_scan,textbook_scan,True,,,36148,36148,31817,,,,0,0,6,0,12,1,1,0,1,0
4159,حاشِيَة,"retinue, entourage",known,textbook_scan,textbook_scan,True,,,31900,31900,57161,,,,0,0,0,0,21,0,0,0,0,1
4160,شَهِيّ,"appetizing, tasty",encountered,textbook_scan,textbook_scan,False,,,,,,,,,0,0,2,0,0,0,0,0,0,0
4161,وَسيم,handsome,known,textbook_scan,textbook_scan,True,,,22100,22100,56617,,,,0,0,0,0,10,1,0,0,1,1
4162,رَعي,to shepherd,known,textbook_scan,textbook_scan,True,,,27102,27102,,,,,0,0,1,0,7,1,1,0,1,0
4163,غَنَم,sheep,encountered,textbook_scan,textbook_scan,False,,,31497,31497,13656,,,,0,0,0,0,0,0,0,0,0,0
4164,مَذْهُول,astonished,known,textbook_scan,textbook_scan,True,,,,,,,,,0,0,0,0,8,1,0,0,1,2
4165,جَزَى,to reward,known,textbook_scan,textbook_scan,True,,,,,,,,,0,0,0,0,4,1,0,0,1,1
4166,جُنْحَة,crime,known,textbook_scan,textbook_scan,True,,,45985,45985,,,,,0,0,0,0,11,1,0,0,1,0
4167,طَلَعَ,rose,encountered,textbook_scan,textbook_scan,False,,,15552,15552,93484,,,,0,0,2,0,0,0,0,0,0,0
4168,غُبَار,dust,encountered,textbook_scan,textbook_scan,False,,,20083,20083,8540,,,,0,0,1,0,0,0,0,0,0,0
4169,صَهِيل,neighing,encountered,textbook_scan,textbook_scan,False,,,61812,61812,,,,,0,0,0,0,0,0,0,0,0,0
4170,كَهْف,cave,known,textbook_scan,textbook_scan,True,,,28842,28842,11454,,,,0,0,1,1,11,0,0,0,0,0
4171,اِسْتَتَرَ,"to hide, to conceal",lapsed,textbook_scan,textbook_scan,True,,,,,,,,,0,0,0,0,14,2,2,0,2,0
4172,مُطَارِد,"pursuer, chaser",known,textbook_scan,textbook_scan,True,,,,,,,,,0,0,7,0,22,2,0,0,2,0
4173,مَسْدُود,blocked,encountered,textbook_scan,textbook_scan,False,,,25329,25329,57448,,,,0,0,0,0,0,0,0,0,0,0
4174,نَسِيج,weaving,encountered,textbook_scan,textbook_scan,False,,,15735,15735,10167,,,,0,0,1,0,0,0,0,0,0,0
4175,عَشَّشَ,to nest,encountered,textbook_scan,textbook_scan,False,,,,,,,,,0,0,0,0,0,0,0,0,0,0
4176,صُعَدَاء,sigh,known,textbook_scan,textbook_scan,True,,,49151,49151,49151,,,,0,0,0,0,11,0,0,0,0,0
4177,سَمَاوِيّ,"heavenly, celestial",known,textbook_scan,textbook_scan,True,,,44849,44849,25236,,,,0,0,1,0,9,0,0,0,0,0
4178,مِعْرَاج,ascension,known,textbook_scan,textbook_scan,True,,,60524,60524,60524,,,,0,0,0,0,10,2,0,0,2,4
4179,مَثِيل,like,known,textbook_scan,textbook_scan,True,,,10911,10911,,,,,0,0,1,0,6,0,0,0,0,0
4180,بُقْعَة,spot,encountered,textbook_scan,textbook_scan,False,,,14306,14306,17823,,,,0,0,1,0,0,0,0,0,0,0
4181,لَمْح,to glimpse,encountered,textbook_scan,textbook_scan,False,,,40854,40854,,,,,0,0,3,0,0,0,0,0,0,0
4182,عَرَجَ,"to ascend, to climb",learning,textbook_scan,textbook_scan,True,,,49602,49602,,,,,0,0,2,1,7,0,0,0,0,0
4183,بَاشَا,pasha,,,frequency_core,False,2600,,6215,2600,16851,,1003,,0,0,0,,,0,0,0,0,0
4184,سِيمَا,mark; distinguishing feature,,,frequency_core,False,2518,,1777,1777,,,923,,0,0,0,,,0,0,0,0,0
4185,حُبّ,love,known,textbook_scan,frequency_core,True,2304,,1512,1512,797,,184,,0,0,2,0,11,1,0,0,1,1
4186,مَصَّ,suck sexually,known,dragoman,dragoman,True,,,17309,17309,37617,,,,0,0,1,0,9,0,0,0,0,0
4187,قَذَفَ,ejaculate,known,dragoman,dragoman,True,,,26882,26882,25498,,,,0,0,6,0,9,2,1,2,0,1
4188,قَرَّبَ,bring close,known,dragoman,dragoman,True,2451,,1493,1493,22732,,440,,0,0,13,0,12,1,0,0,1,1
4189,طِيز,ass; anus,known,dragoman,dragoman,True,,,17149,17149,40330,,,,0,0,0,0,9,1,0,0,1,0
4190,شَغَّالَة,domestic worker,known,dragoman,dragoman,True,,,51979,51979,,,,,0,0,0,0,18,1,0,1,0,1
4191,فَاحَ,give off scent,suspended,dragoman,dragoman,False,,,,,,,,,0,0,0,1,12,0,0,0,0,0
4192,مُلْتَصِق,pressed against,known,dragoman,dragoman,True,,,,,,,,,0,0,2,0,12,3,1,0,3,0
4193,دَعَكَ,leave aside,known,dragoman,dragoman,True,,,66155,66155,,,,,0,0,2,0,12,1,0,1,0,2
4194,أَذَابَ,melt; enrapture,known,dragoman,dragoman,True,,,,,,,,,0,0,0,0,20,4,1,4,0,2
4195,مِرَارًا,repeatedly,known,dragoman,dragoman,True,,,8261,8261,,,,,0,0,0,0,18,0,0,0,0,0
4196,تَقْبِيل,by kissing,known,dragoman,dragoman,True,,,35536,35536,71179,,,,0,0,0,0,21,1,0,1,0,1
4197,حَافَّة,edge,known,dragoman,dragoman,True,,,13790,13790,38793,,,,0,0,7,0,25,1,0,1,0,1
4198,مُرَاهِق,adolescent,known,dragoman,dragoman,True,,,49371,49371,32023,,,,0,0,0,0,26,1,0,0,1,1
4199,تَقْيِيد,restriction,known,dragoman,dragoman,True,,,21355,21355,59761,,,,0,0,0,0,18,3,1,0,3,1
4200,أُورُوبِّيّ,European,known,dragoman,dragoman,True,,,10684,10684,746,,,,0,0,0,0,13,1,0,1,0,3
4201,تَمْرِير,scrolling,known,dragoman,dragoman,True,,,15141,15141,53371,,,,0,0,0,0,13,1,0,1,0,1
4202,إِيرَاد,revenue,suspended,dragoman,dragoman,False,,,34273,34273,84901,,,,0,0,0,1,16,0,0,0,0,0
4203,جَهْد,effort,known,dragoman,dragoman,True,2467,,3078,2467,5385,,404,,1,1,7,0,30,1,0,1,0,1
4204,دَعْوَى,lawsuit,known,dragoman,dragoman,True,2728,,6405,2728,6004,,1802,,0,0,0,0,30,3,0,0,3,0
4205,جِنِرَال,general,,,frequency_core,False,2671,,6482,2671,4610,,1403,,0,0,0,,,0,0,0,0,0
4206,أَرْشِيف,archive,,,frequency_core,False,2648,,413,413,1671,,9986,,0,0,0,,,0,0,0,0,0
4207,فُؤاد,heart; mind,,,frequency_core,False,2634,,3113,2634,36961,,1662,,0,0,0,,,0,0,0,0,0
4208,حَدِيد,iron,known,bookifier,frequency_core,True,2690,,3889,2690,3245,,1935,,0,0,4,0,10,1,0,1,0,2
4209,مَرْمًى,target; goal,,,frequency_core,False,2697,,5807,2697,7443,,1646,,0,0,0,,,0,0,0,0,0
4210,وَفْد,delegation,known,collateral,frequency_core,True,2543,,1904,1904,2278,,1163,,0,0,0,0,13,1,0,0,1,0
4211,اِنْتِصَار,victory,,,frequency_core,False,2677,,7685,2677,7389,,1340,,0,0,0,,,0,0,0,0,0
4212,قَاضٍ,judge,known,bookifier,frequency_core,True,2604,,8708,2604,2365,,912,,0,0,10,0,18,0,0,0,0,1
4213,خَلِيقَة,creation,known,snap,snap,True,,,43534,43534,43534,,,,0,0,0,0,12,3,0,3,0,3
4214,طَلَل,ruin,known,bookifier,bookifier,True,,,,,,,,,1,1,16,0,12,2,0,1,1,1
4215,مُسْتَدِير,round,known,bookifier,bookifier,True,,,94494,94494,,,,,1,1,17,0,11,1,0,1,0,1
4216,بْرُوفِسُور,professor,known,bookifier,bookifier,True,,,85825,85825,22631,,,,0,0,18,0,10,0,0,0,0,0
4217,كَنَسَ,sweep,known,bookifier,bookifier,True,,,86572,86572,97136,,,,0,0,6,0,5,1,0,0,1,0
4218,هَزَّ,shake,known,bookifier,bookifier,True,2721,,19091,2721,,,1175,,2,2,41,0,9,0,0,0,0,0
4219,بَنْدُول,pendulum,known,bookifier,bookifier,True,,,,,,,,,0,0,7,0,7,1,0,1,0,1
4220,اِسْتَطْرَدَ,continued,suspended,bookifier,bookifier,False,,,88228,88228,,,,,0,0,22,1,6,0,0,0,0,0
4221,حِينَئِذٍ,then,known,bookifier,bookifier,True,,,14143,14143,,,,,1,1,22,0,5,0,0,0,0,0
4222,غَرِقَ,sink,known,bookifier,bookifier,True,,,12037,12037,23226,,,,0,0,7,0,5,0,0,0,0,1
4223,تَدْرِيج,gradation; bit by bit (بالتدريج),known,bookifier,bookifier,True,,,,,,,,,1,1,4,0,12,1,0,0,1,0
4224,مِنْضَدَة,table,known,bookifier,bookifier,True,,,87861,87861,82232,,,,0,0,16,0,11,0,0,0,0,1
4225,إِفْطَار,breakfast,known,bookifier,bookifier,True,,,13997,13997,5912,,,,1,1,7,0,6,0,0,0,0,0
4226,بُؤْس,misery,known,bookifier,bookifier,True,,,58190,58190,36707,,,,0,0,1,0,13,1,0,0,1,0
4227,خَبِيئَة,"hidden thing, secret",known,bookifier,bookifier,True,,,,,,,,,0,0,0,0,14,1,0,0,1,1
4228,صَنَوْبَر,pine,known,bookifier,bookifier,True,,,27891,27891,27891,,,,0,0,2,0,11,1,0,1,0,1
4229,ضَجِيج,noise,suspended,bookifier,bookifier,False,,,26279,26279,30497,,,,0,0,4,1,5,0,0,0,0,0
4230,حَشَرَة,insect,suspended,bookifier,bookifier,False,,,24611,24611,35141,,,,0,0,2,1,5,0,0,0,0,0
4231,جُنْدُب,grasshopper,suspended,bookifier,bookifier,False,,,37437,37437,,,,,0,0,0,1,5,0,0,0,0,0
4232,عَنْزَة,she-goat,known,bookifier,bookifier,True,,,8712,8712,,,,,0,0,0,0,8,1,0,0,1,1
4233,مُحْتَمَل,probable,suspended,bookifier,bookifier,False,,,13765,13765,7832,,,,0,0,3,1,5,0,0,0,0,0
4234,تَزَايَدَ,to increase steadily,known,bookifier,bookifier,True,,,7100,7100,58482,,,,0,0,0,0,11,0,0,0,0,0
4235,ضَئِيل,"tiny, slight",known,bookifier,bookifier,True,,,27075,27075,57639,,,,1,1,0,0,11,2,1,0,2,0
4236,رُبَّمَا,perhaps,known,bookifier,bookifier,True,2449,,1172,1172,,,481,,4,4,0,0,10,1,0,0,1,2
4237,دُمْيَة,doll,known,bookifier,bookifier,True,,,37348,37348,62896,,,,1,1,0,0,7,0,0,0,0,0
4238,دَائِرِيّ,circular,known,bookifier,bookifier,True,,,36186,36186,22690,,,,0,0,0,0,6,2,0,0,2,0
4239,مُدَرَّع,armored,suspended,bookifier,bookifier,False,,,57324,57324,,,,,3,3,0,1,5,0,0,0,0,0
4240,فَزَع,fright,suspended,bookifier,bookifier,False,,,46607,46607,37323,,,,3,3,0,1,5,0,0,0,0,1
4241,حَمْلَقَ,stared,suspended,bookifier,bookifier,False,,,,,,,,,0,0,0,1,5,0,0,0,0,0
4242,اتَّضَحَ,became clear,suspended,bookifier,bookifier,False,,,15042,15042,,,,,0,0,0,1,5,0,0,0,0,0
4243,لُغْز,riddle,known,bookifier,bookifier,True,,,15126,15126,34097,,,,1,1,0,0,14,4,0,0,4,0
4244,لَفَتَ,attract attention,known,bookifier,bookifier,True,,,8478,8478,57700,,,,0,0,0,0,7,0,0,0,0,0
4245,مُتَزَايِد,increasing,suspended,bookifier,bookifier,False,,,16143,16143,12811,,,,0,0,0,1,5,0,0,0,0,0
4246,زُجَاج,glass,known,bookifier,bookifier,True,,,10936,10936,8368,,,,0,0,0,0,9,0,0,0,0,0
4247,رَمَادِيّ,gray,known,bookifier,bookifier,True,,,30169,30169,11001,,,,4,4,0,0,10,0,0,0,0,1
4248,لَاحَظَ,"to notice, observe",known,bookifier,bookifier,True,,,11222,11222,,,,,6,2,0,0,21,4,1,1,3,2
4249,حَجَرِيّ,"stone, stony",known,bookifier,bookifier,True,,,55850,55850,26106,,,,1,0,0,0,9,0,0,0,0,0
4250,سِيجَار,cigar,known,bookifier,bookifier,True,,,87867,87867,87867,,,,2,2,0,0,6,1,0,0,1,3
4251,صَبِيّ,"boy, lad",known,bookifier,bookifier,True,,,27302,27302,16195,,,,7,0,0,0,28,2,0,0,2,0
4252,تَوَقَّفَ,"to stop, come to a halt",known,bookifier,bookifier,True,,,2725,2725,6463,,,,20,1,0,0,19,0,0,0,0,0
4253,نَظَّارَة,eyeglasses,known,bookifier,bookifier,True,,,13674,13674,6862,,,,3,2,0,0,7,0,0,0,0,0
4254,كَنَّاس,street sweeper,known,bookifier,bookifier,True,,,,,,,,,0,0,0,0,12,0,0,0,0,0
4255,سِحْرِيّ,magical,known,bookifier,bookifier,True,,,48623,48623,29960,,,,1,1,0,0,12,2,1,1,1,2
4256,أَصْبَحَ,to become,known,bookifier,bookifier,True,,,940,940,,,,,14,0,0,0,30,7,1,1,6,0
4257,تَمْتَمَ,"to mutter, mumble",known,bookifier,bookifier,True,,,,,,,,,7,1,0,0,14,5,1,2,3,1
4258,عَادَ,to return; (with negation) to no longer,known,bookifier,bookifier,True,,,2675,2675,36479,,,,45,3,0,0,6,1,0,0,1,0
4259,عُمْق,depth,known,bookifier,bookifier,True,,,5755,5755,13466,,,,3,0,0,0,19,1,0,0,1,1
4260,أَمِير,"prince, emir",known,bookifier,bookifier,True,,,1478,1478,711,,,,2,1,0,0,9,1,0,1,0,1
4261,أَدْرَكَ,"to realize, grasp",known,bookifier,bookifier,True,,,9921,9921,,,,,11,1,0,0,18,1,0,0,1,0
4262,شُرْطَة,police,known,bookifier,bookifier,True,,,1737,1737,553,,,,1,1,0,0,9,0,0,0,0,0
4263,لَافِت,"striking, eye-catching",suspended,bookifier,bookifier,False,,,19921,19921,21498,,,,0,0,0,1,5,0,0,0,0,0
4264,تَبِعَ,to follow,known,bookifier,bookifier,True,,,25622,25622,,,,,1,1,0,0,9,0,0,0,0,0
4265,مُؤْنَة,"provisions, supplies",known,bookifier,bookifier,True,,,,,,,,,0,0,0,0,17,2,0,1,1,3
4266,غِنَاء,singing,known,bookifier,bookifier,True,,,19573,19573,6513,,,,0,0,0,0,9,0,0,0,0,0
4267,حَدِيدِيّ,"iron, of iron",known,bookifier,bookifier,True,,,50312,50312,22727,,,,0,0,0,0,6,0,0,0,0,0
4268,قُمَامَة,"garbage, rubbish",known,bookifier,bookifier,True,,,51419,51419,13402,,,,1,1,0,0,13,2,0,0,2,0
4269,فَظِيع,"terrible, dreadful",known,bookifier,bookifier,True,,,52181,52181,80913,,,,0,0,0,0,20,4,1,2,2,2
4270,تَخْلِيص,"freeing, rescuing",known,bookifier,bookifier,True,,,24881,24881,42987,,,,0,0,0,0,16,4,1,0,4,1
4271,اِنْطِبَاع,impression,suspended,bookifier,bookifier,False,,,33548,33548,24374,,,,0,0,0,1,5,0,0,0,0,0
4272,أُسْطُورَة,"legend, myth",known,bookifier,bookifier,True,,,12332,12332,12051,,,,1,1,0,0,12,0,0,0,0,2
4273,جَادّ,"serious, earnest",suspended,bookifier,bookifier,False,,,8401,8401,3499,,,,0,0,0,1,5,0,0,0,0,0
4274,لَافِتَة,"sign, signboard",known,bookifier,bookifier,True,,,8945,8945,37823,,,,0,0,0,0,7,0,0,0,0,0
4275,تَصَاعُد,"rising, escalation",known,bookifier,bookifier,True,,,9576,9576,85048,,,,0,0,0,0,13,6,1,2,4,2
4276,بَهَاء,"splendor, brilliance",known,bookifier,bookifier,True,,,11028,11028,47673,,,,0,0,0,0,13,1,0,0,1,0
4277,مَاسُورَة,"pipe, tube",suspended,bookifier,bookifier,False,,,54279,54279,97781,,,,0,0,0,1,5,0,0,0,0,0
4278,مِقَشَّة,broom,suspended,bookifier,bookifier,False,,,,,,,,,0,0,0,1,5,0,0,0,0,0
4279,أَتْقَنَ,"to master, perfect",suspended,bookifier,bookifier,False,,,44269,44269,,,,,0,0,0,1,5,0,0,0,0,0
4280,قِدِّيس,saint,known,bookifier,bookifier,True,,,58018,58018,7474,,,,0,0,0,0,6,1,0,1,0,3
4281,قِنْدِيل,"lamp, lantern; (قنديل البحر) jellyfish",known,bookifier,bookifier,True,,,10395,10395,,,,,0,0,0,0,11,0,0,0,0,0
4282,مُنْعَكِس,reflected,known,bookifier,bookifier,True,,,,,,,,,1,1,0,0,8,0,0,0,0,0
4283,خَطِيب,"speaker, orator; fiancé",known,bookifier,bookifier,True,,,21552,21552,4788,,,,2,2,0,0,7,1,0,0,1,0
4284,قَدَح,"cup, mug",suspended,bookifier,bookifier,False,,,53730,53730,39390,,,,0,0,0,1,5,0,0,0,0,0
4285,أَفْشَى,"to divulge, reveal (a secret)",suspended,bookifier,bookifier,False,,,,,,,,,0,0,0,1,5,0,0,0,0,0
4286,دُولَاب,"cupboard, wardrobe; wheel",known,bookifier,bookifier,True,,,50746,50746,67957,,,,0,0,0,0,15,1,0,1,0,1
4287,أَسْرَعَ,"to hurry, hasten",known,bookifier,bookifier,True,,,3666,3666,25338,,,,2,2,0,0,10,0,0,0,0,0
4288,أَوْمَأَ,"to nod, gesture",suspended,bookifier,bookifier,False,,,78332,78332,,,,,1,1,0,1,9,0,0,0,0,0
4289,دَمْدَمَ,"to grumble, mutter",acquiring,bookifier,bookifier,True,,,,,,,,,1,1,0,0,7,4,2,2,2,2
4290,دَوَّامَة,"whirlpool, vortex",known,bookifier,bookifier,True,,,20132,20132,66351,,,,0,0,0,0,10,1,0,0,1,0
4291,حَلَّاق,barber,known,bookifier,bookifier,True,,,38497,38497,27904,,,,0,0,0,0,18,1,0,0,1,1
4292,أُفُق,horizon,known,bookifier,bookifier,True,,,8829,8829,11129,,,,0,0,0,0,11,0,0,0,0,0
4293,تَحَتَّمَ,"to be inevitable, be imperative",suspended,bookifier,bookifier,False,,,31566,31566,,,,,2,2,0,1,5,0,0,0,0,0
4294,صُدْفَة,"coincidence, chance",known,bookifier,bookifier,True,,,22612,22612,22437,,,,0,0,0,0,12,3,1,0,3,2
4295,أَنِيق,"elegant, chic",suspended,bookifier,bookifier,False,,,18363,18363,24144,,,,1,1,0,1,5,0,0,0,0,0
4296,نَظْرَة,"glance, look",known,bookifier,bookifier,True,,,4533,4533,9128,,,,1,1,0,0,6,0,0,0,0,0
4297,أَرْضِيَّة,"floor, ground surface",known,bookifier,bookifier,True,,,5806,5806,5174,,,,1,1,0,0,14,1,0,1,0,1
4298,بَكَى,"to cry, weep",known,bookifier,bookifier,True,,,30080,30080,,,,,1,1,0,0,8,3,2,0,3,2
4299,اِقْتَصَدَ,"to economize, save",known,bookifier,bookifier,True,,,,,,,,,1,1,0,0,9,2,1,0,2,1
4300,وَفَّرَ,"to save (time, money); to provide",suspended,bookifier,bookifier,False,,,15187,15187,70940,,,,0,0,0,1,5,0,0,0,0,0
4301,كَثِيف,"dense, thick",known,bookifier,bookifier,True,,,16998,16998,23949,,,,0,0,0,0,9,2,0,0,2,3
4302,وَجِيز,"brief, short",suspended,bookifier,bookifier,False,,,47645,47645,52728,,,,0,0,0,1,5,0,0,0,0,0
4303,سُرْعَة,"speed, quickness",known,bookifier,bookifier,True,,,3176,3176,4331,,,,0,0,0,0,34,0,0,0,0,0
4304,حَقِيقِيّ,"real, true, genuine",known,bookifier,bookifier,True,,,5200,5200,2355,,,,0,0,0,0,7,0,0,0,0,1
4305,أَحْصَى,"to count, tally, enumerate",suspended,bookifier,bookifier,False,,,67343,67343,,,,,0,0,0,1,5,0,0,0,0,0
4306,اِخْتِصَار,brevity; abbreviation (باختصار: in short),known,bookifier,bookifier,True,,,13866,13866,31444,,,,0,0,0,0,12,1,0,0,1,0
4307,تَشَاوَرَ,"to confer, consult together",known,bookifier,bookifier,True,,,51426,51426,16577,,,,0,0,0,0,17,4,0,0,4,1
4308,نُصْب,"monument, memorial",known,bookifier,bookifier,True,,,7917,7917,11034,,,,0,0,0,0,10,0,0,0,0,0
4309,بَدِيهِيّ,"self-evident, obvious",suspended,bookifier,bookifier,False,,,65264,65264,39254,,,,0,0,0,1,5,0,0,0,0,0
4310,دَفَّة,"rudder, helm",suspended,bookifier,bookifier,False,,,39227,39227,96408,,,,0,0,0,1,5,0,0,0,0,1
4311,اِمْتَلَأَ,"to fill up, become full",known,bookifier,bookifier,True,,,51467,51467,,,,,0,0,0,0,11,1,0,0,1,0
4312,سَحِيق,"deep, fathomless",known,bookifier,bookifier,True,,,84534,84534,85955,,,,0,0,0,0,10,1,0,1,0,1
4313,اِعْتَدَلَ,to straighten up; to be moderate,known,bookifier,bookifier,True,,,,,,,,,0,0,0,0,16,6,2,2,4,2
4314,تَحَرَّكَ,"to move, stir (intransitive)",known,bookifier,bookifier,True,,,5759,5759,5370,,,,0,0,0,0,20,1,0,0,1,0
4315,أَعْلَنَ,"to announce, declare",known,bookifier,bookifier,True,,,544,544,,,,,1,1,0,0,9,0,0,0,0,0
4316,جَلِيد,ice,suspended,bookifier,bookifier,False,,,62665,62665,15698,,,,0,0,0,1,5,0,0,0,0,0
4317,اِسْتَدَارَ,to turn around,suspended,bookifier,bookifier,False,,,83762,83762,,,,,2,2,0,1,5,0,0,0,0,0
4318,لُزُوم,"necessity, need",known,bookifier,bookifier,True,,,25223,25223,48446,,,,0,0,0,0,10,1,0,0,1,0
4319,رَضِيع,"infant, suckling",known,bookifier,bookifier,True,,,35236,35236,20189,,,,0,0,0,0,14,1,0,0,1,2
4320,عَصَبِيَّة,"nervousness, agitation",suspended,bookifier,bookifier,False,,,20968,20968,8131,,,,0,0,0,1,5,0,0,0,0,0
4321,أَبَد,eternity (إلى الأبد: forever),known,bookifier,bookifier,True,,,32292,32292,10605,,,,1,1,0,0,8,1,0,0,1,0
4322,خَائِف,"afraid, frightened",known,bookifier,bookifier,True,,,46632,46632,83600,,,,0,0,0,0,8,1,1,0,1,1
4323,بَقِيَ,"to remain, stay",lapsed,bookifier,bookifier,True,,,4916,4916,,,,,0,0,0,0,27,5,2,3,2,1
4324,مُسْتَوْدَع,"warehouse, storehouse",suspended,bookifier,bookifier,False,,,15227,15227,33918,,,,0,0,0,1,5,0,0,0,0,0
4325,رِدَاء,"robe, garment, cloak",known,bookifier,bookifier,True,,,45459,45459,51040,,,,0,0,0,0,14,2,1,0,2,1
4326,بَقَاء,"remaining, staying; survival",known,bookifier,bookifier,True,,,6706,6706,3659,,,,2,2,0,0,14,2,0,1,1,1
4327,خَشَبِيّ,wooden,known,bookifier,bookifier,True,,,35812,35812,37510,,,,0,0,0,0,4,0,0,0,0,0
4328,دَاكِن,dark (of color),known,bookifier,bookifier,True,,,51504,51504,39532,,,,0,0,0,0,8,0,0,0,0,0
4329,كَرَّرَ,to repeat,known,bookifier,bookifier,True,,,22644,22644,,,,,0,0,0,0,6,3,1,0,3,0
4330,صُلْب,"steel; hard, firm",suspended,bookifier,bookifier,False,,,10284,10284,7991,,,,0,0,0,1,5,0,0,0,0,0
4331,غَرَابَة,"strangeness, oddity",known,bookifier,bookifier,True,,,26516,26516,43820,,,,0,0,0,0,12,1,0,1,0,1
4332,تَوَاجَدَ,to be present,known,bookifier,bookifier,True,,,6401,6401,12327,,,,0,0,0,0,11,1,0,1,0,0
4333,غَاضِب,angry,known,bookifier,bookifier,True,,,37412,37412,51153,,,,0,0,0,0,5,1,0,0,1,0
4334,اِنْشِغَال,"preoccupation, busyness",suspended,bookifier,bookifier,False,,,31225,31225,35124,,,,0,0,0,1,5,0,0,0,0,0
4335,مُتَصَلِّب,"stiff, rigid",suspended,bookifier,bookifier,False,,,,,,,,,0,0,0,1,5,0,0,0,0,0
4336,اِكْتَمَلَ,"to be completed, become full",known,bookifier,bookifier,True,,,40102,40102,,,,,0,0,0,0,9,1,0,1,0,0
4337,تَرَدَّدَ,"to hesitate; to echo, resound",suspended,bookifier,bookifier,False,,,3551,3551,13490,,,,0,0,0,1,5,0,0,0,0,0
4338,اِسْتَهْلَكَ,"to consume, use up",known,bookifier,bookifier,True,,,81129,81129,,,,,0,0,0,0,13,3,0,2,1,1
4339,نَقَلَ,"to transport, transfer, convey",suspended,bookifier,bookifier,False,,,326,326,1144,,,,0,0,0,1,5,0,0,0,0,0
4340,تَمَنَّى,"to wish, hope for",suspended,bookifier,bookifier,False,,,21091,21091,,,,,1,1,0,1,5,0,0,0,0,0
4341,اِلْتَقَطَ,"to pick up, catch",suspended,bookifier,bookifier,False,,,34804,34804,,,,,0,0,0,1,5,0,0,0,0,0
4342,تَسَلَّلَ,"to sneak, slip in",known,bookifier,bookifier,True,,,13367,13367,17469,,,,0,0,0,0,9,1,0,0,1,0
4343,رَقِيق,"delicate, thin; gentle",suspended,bookifier,bookifier,False,,,28115,28115,25704,,,,0,0,0,1,5,0,0,0,0,0
4344,حَافٍ,barefoot,lapsed,bookifier,bookifier,True,,,71177,71177,71177,,,,0,0,0,0,7,2,2,2,0,0
4345,فَارِغ,empty,known,bookifier,bookifier,True,,,30199,30199,44242,,,,1,1,0,0,19,2,0,0,2,0
4346,عَدِيم,"devoid of, lacking",suspended,bookifier,bookifier,False,,,28305,28305,,,,,0,0,0,1,5,0,0,0,0,0
4347,اِفْتَرَضَ,"to assume, suppose",suspended,bookifier,bookifier,False,,,43305,43305,,,,,0,0,0,1,8,0,0,0,0,0
4348,وَالِد,"father, parent",known,bookifier,bookifier,True,,,7480,7480,14694,,,,0,0,0,0,11,0,0,0,0,0
4349,فَائِدَة,"benefit, use, advantage",known,bookifier,bookifier,True,,,5570,5570,4060,,,,1,1,0,0,13,0,0,0,0,0
4350,بَسَاطَة,simplicity,known,bookifier,bookifier,True,,,15654,15654,22613,,,,0,0,0,0,8,1,0,1,0,0
4351,فَاتَ,to pass by; to be missed,suspended,bookifier,bookifier,False,,,20567,20567,,,,,1,1,0,1,5,2,1,0,2,0
4352,سَحَابَة,cloud,suspended,bookifier,bookifier,False,,,26310,26310,41290,,,,0,0,0,1,5,0,0,0,0,0
4353,بِضْع,"a few, several",known,bookifier,bookifier,True,,,8529,8529,,,,,1,1,0,0,9,0,0,0,0,0
4354,عَامُود,"pillar, column",suspended,bookifier,bookifier,False,,,75771,75771,60627,,,,0,0,0,1,5,0,0,0,0,0
4355,جَامِد,"solid, rigid; frozen",suspended,bookifier,bookifier,False,,,30844,30844,79731,,,,0,0,0,1,5,1,1,0,1,0
4356,ذُهُول,"astonishment, daze",known,bookifier,bookifier,True,,,54142,54142,58805,,,,0,0,0,0,14,1,0,0,1,0
4357,وَعْي,"consciousness, awareness",suspended,bookifier,bookifier,False,,,8430,8430,3751,,,,1,1,0,1,5,0,0,0,0,0
4358,تَغَيَّرَ,to change (intransitive),known,bookifier,bookifier,True,,,2644,2644,10428,,,,0,0,0,0,12,2,0,0,2,0
4359,مِهْنَة,"profession, occupation",suspended,bookifier,bookifier,False,,,7146,7146,7377,,,,1,1,0,1,5,0,0,0,0,0
4360,تَخَلَّصَ,"to get rid of, free oneself (من: of)",known,bookifier,bookifier,True,,,21324,21324,3674,,,,0,0,0,0,12,0,0,0,0,0
4361,حَرَّكَ,"to move (something), stir",known,bookifier,bookifier,True,,,40692,40692,,,,,0,0,0,0,6,0,0,0,0,0
4362,اِنْتَابَ,"to seize, overcome (of feelings)",suspended,bookifier,bookifier,False,,,,,,,,,0,0,0,1,5,0,0,0,0,0
4363,تَزَاحَمَ,"to crowd together, jostle",known,bookifier,bookifier,True,,,66754,66754,91503,,,,0,0,0,0,18,4,0,0,4,0
4364,اِتَّبَعَ,"to follow, adopt",suspended,bookifier,bookifier,False,,,13020,13020,,,,,0,0,0,1,5,0,0,0,0,0
4365,لَانِهَائِيّ,"infinite, endless",suspended,bookifier,bookifier,False,,,,,,,,,0,0,0,1,5,0,0,0,0,0
4366,تَوَقَّعَ,"to expect, anticipate",known,bookifier,bookifier,True,,,5217,5217,44180,,,,0,0,0,0,9,0,0,0,0,0
4367,أَرِيكَة,"sofa, couch",known,bookifier,bookifier,True,,,54138,54138,55258,,,,0,0,0,0,12,2,0,0,2,0
4368,مَعْذِرَة,excuse; pardon me (interjection),known,bookifier,bookifier,True,,,77036,77036,,,,,1,1,0,0,12,2,0,0,2,0
4369,عَوْدَة,return (noun),known,bookifier,bookifier,True,,,1555,1555,1376,,,,1,1,0,0,14,4,1,1,3,0
4370,نَقَرَ,"to tap, knock, peck",suspended,bookifier,bookifier,False,,,49529,49529,11149,,,,0,0,0,1,5,0,0,0,0,0
4371,وَحْدَة,"loneliness, solitude; unit",known,bookifier,bookifier,True,,,976,976,1445,,,,1,1,0,0,6,3,1,0,3,0
4372,طُرْقَة,"corridor, hallway",suspended,bookifier,bookifier,False,,,,,,,,,0,0,0,1,5,0,0,0,0,0
4374,تَالٍ,"next, following",known,bookifier,bookifier,True,,,97315,97315,1659,,,,0,0,0,0,12,0,0,0,0,0
4375,مُتَباطِئ,slow one,encountered,textbook_scan,textbook_scan,False,,,27516,27516,,,,,0,0,0,0,0,0,0,0,0,0
4376,اصْفِرار,yellowing,known,textbook_scan,textbook_scan,True,,,82851,82851,,,,,0,0,0,0,8,5,2,3,2,3
4377,مُتَضايِق,"annoyed, bothered",encountered,textbook_scan,textbook_scan,False,,,,,,,,,0,0,0,0,0,0,0,0,0,0
4378,مُغْتاظ,"angry, furious",encountered,textbook_scan,textbook_scan,False,,,891,891,2465,,,,0,0,0,0,0,0,0,0,0,0
4379,مُتَغَلْغِل,penetrating,encountered,textbook_scan,textbook_scan,False,,,,,,,,,0,0,0,0,0,0,0,0,0,0
4380,نَرْفَزَةِ,annoyance,encountered,textbook_scan,textbook_scan,False,,,,,,,,,0,0,0,0,0,0,0,0,0,0
4381,حَنَقٍ,anger,encountered,textbook_scan,textbook_scan,False,,,,,,,,,0,0,0,0,0,0,0,0,0,0
4382,هَرَعَ,rushed,encountered,textbook_scan,textbook_scan,False,,,68268,68268,,,,,0,0,0,0,0,0,0,0,0,0
4383,مُتَوَسِّل,beseeching,encountered,textbook_scan,textbook_scan,False,,,,,,,,,0,0,0,0,0,0,0,0,0,0
4384,مُقَوَّس,curved,encountered,textbook_scan,textbook_scan,False,,,,,,,,,0,0,0,0,0,0,0,0,0,0
4385,مُشَعَّث,disheveled,encountered,textbook_scan,textbook_scan,False,,,,,,,,,0,0,0,0,0,0,0,0,0,0
4386,شُجَيْرَة,shrub,encountered,textbook_scan,textbook_scan,False,,,98549,98549,,,,,0,0,0,0,0,0,0,0,0,0
4387,ضَرَاعَة,supplication,encountered,textbook_scan,textbook_scan,False,,,,,,,,,0,0,0,0,0,0,0,0,0,0
4388,حَمْقَاء,foolish woman,encountered,textbook_scan,textbook_scan,False,,,47229,47229,52499,,,,0,0,0,0,0,0,0,0,0,0
4389,أَشْبَعَ,to satiate,learning,textbook_scan,textbook_scan,True,,,90563,90563,,,,,0,0,0,0,7,1,1,0,1,0
4390,بَاكِي,weeper,known,textbook_scan,textbook_scan,True,,,,,,,,,0,0,0,0,8,3,1,0,3,0
4391,عَتِيق,"old, ancient",encountered,textbook_scan,textbook_scan,False,,,25570,25570,24493,,,,0,0,0,0,0,0,0,0,0,0
4392,مُهْتَرِئ,"tattered, worn",encountered,textbook_scan,textbook_scan,False,,,,,,,,,0,0,0,0,0,0,0,0,0,0
4393,مُتَشَقِّق,"cracked, fissured",encountered,textbook_scan,textbook_scan,False,,,,,,,,,0,0,0,0,0,0,0,0,0,0
4394,زَوْرَق,boat,encountered,textbook_scan,textbook_scan,False,,,42894,42894,63203,,,,0,0,0,0,0,0,0,0,0,0
4395,مَخَرَ,"to plough, to cleave",encountered,textbook_scan,textbook_scan,False,,,,,,,,,0,0,0,0,0,0,0,0,0,0
4396,مُتَلَاطِم,"turbulent, surging",encountered,textbook_scan,textbook_scan,False,,,,,,,,,0,0,0,0,0,0,0,0,0,0
4397,اسْتِغَاثَة,plea for help,encountered,textbook_scan,textbook_scan,False,,,38073,38073,60735,,,,0,0,0,0,0,0,0,0,0,0
4398,شَجَّ,to wound,encountered,textbook_scan,textbook_scan,False,,,,,,,,,0,0,0,0,0,0,0,0,0,0
4399,سَدَّ,"blocked, closed",encountered,textbook_scan,textbook_scan,False,,,6124,6124,9181,,,,0,0,0,0,0,0,0,0,0,0
4400,تَصايَحَ,shouted,encountered,textbook_scan,textbook_scan,False,,,,,,,,,0,0,0,0,0,0,0,0,0,0
4401,دامِي,"bleeding, bloody",learning,textbook_scan,textbook_scan,True,,,38030,38030,38030,,,,0,0,0,0,7,5,3,1,4,1
4402,اِقْتَنَعَ,to be convinced,encountered,textbook_scan,textbook_scan,False,,,39973,39973,,,,,0,0,0,0,0,0,0,0,0,0
4403,غَمَرَ,to flood,known,textbook_scan,textbook_scan,True,,,15820,15820,61469,,,,0,0,0,0,13,2,0,0,2,0
4404,اِحْتَرَقَ,to burn,known,textbook_scan,textbook_scan,True,,,56592,56592,,,,,0,0,0,0,9,2,0,0,2,0
4405,بُسْتان,garden,encountered,textbook_scan,textbook_scan,False,,,14669,14669,20242,,,,0,0,0,0,0,0,0,0,0,0
4406,هازِئ,mocker,encountered,textbook_scan,textbook_scan,False,,,,,,,,,0,0,0,0,0,0,0,0,0,0
4407,لَامُبَالَاة,indifference,known,textbook_scan,textbook_scan,True,,,45590,45590,45590,,,,0,0,0,0,10,2,0,0,2,0
4408,مَرْعُوب,"terrified, frightened",encountered,textbook_scan,textbook_scan,False,,,,,,,,,0,0,0,0,0,0,0,0,0,0
4409,تَأْنِيب,"reproach, rebuke",known,textbook_scan,textbook_scan,True,,,97011,97011,,,,,0,0,0,0,10,2,1,0,2,1
4410,جَاوَبَ,"to answer, to reply",encountered,textbook_scan,textbook_scan,False,,,90803,90803,,,,,0,0,0,0,0,0,0,0,0,0
4411,مُسْتَطْلِع,"surveying, investigating",encountered,textbook_scan,textbook_scan,False,,,,,,,,,0,0,0,0,0,0,0,0,0,0
4412,خَاوِيَة,"empty, vacant",known,textbook_scan,textbook_scan,True,,,,,,,,,0,0,0,0,5,2,0,0,2,0
4413,شَهَقَ,to gasp,encountered,textbook_scan,textbook_scan,False,,,,,,,,,0,0,0,0,0,0,0,0,0,0
4414,مُتَعَجِّب,"surprised, astonished",encountered,textbook_scan,textbook_scan,False,,,,,,,,,0,0,0,0,0,0,0,0,0,0
4415,نَزَق,frivolity,encountered,textbook_scan,textbook_scan,False,,,,,,,,,0,0,0,0,0,0,0,0,0,0
4416,قَاقْ,crow,encountered,textbook_scan,textbook_scan,False,,,,,,,,,0,0,0,0,0,0,0,0,0,0
4417,إِلْحَاح,insistence,learning,textbook_scan,textbook_scan,True,,,45441,45441,,,,,0,0,0,0,11,6,2,3,3,0
4418,مُتَجَمِّد,frozen,known,textbook_scan,textbook_scan,True,,,72804,72804,72804,,,,0,0,0,0,7,4,2,1,3,0
4419,حَدَّقَ,stared,encountered,textbook_scan,textbook_scan,False,,,,,,,,,0,0,0,0,0,0,0,0,0,0
4420,مُرْتَجِف,trembling,encountered,textbook_scan,textbook_scan,False,,,,,,,,,0,0,0,0,0,0,0,0,0,0
4421,مُبْهَم,unclear,encountered,textbook_scan,textbook_scan,False,,,78439,78439,94481,,,,0,0,0,0,0,0,0,0,0,0
4422,مُتَثَاقِل,"sluggish, heavy",known,textbook_scan,textbook_scan,True,,,,,,,,,0,0,0,0,5,2,0,0,2,0
4423,ارْتَجَفَ,trembled,encountered,textbook_scan,textbook_scan,False,,,,,,,,,0,0,0,0,0,0,0,0,0,0
4424,رَتِيب,monotonous,encountered,textbook_scan,textbook_scan,False,,,,,,,,,0,0,0,0,0,0,0,0,0,0
4425,رَفْو,mending,encountered,textbook_scan,textbook_scan,False,,,,,,,,,0,0,0,0,0,0,0,0,0,0
4426,حَامَ,protector,encountered,textbook_scan,textbook_scan,False,,,43094,43094,67717,,,,0,0,0,0,0,0,0,0,0,0
4427,جَرَّ,to drag,encountered,textbook_scan,textbook_scan,False,,,17162,17162,21088,,,,0,0,0,0,0,0,0,0,0,0
4428,اِكْتَفَى,to be satisfied,acquiring,textbook_scan,textbook_scan,True,,,20465,20465,,,,,0,0,0,0,5,2,1,1,1,1
4429,أَرْغَمَ,"forced, compelled",learning,textbook_scan,textbook_scan,True,,,67390,67390,,,,,0,0,0,0,6,3,2,1,2,1
4430,حَائِرَة,perplexed,known,textbook_scan,textbook_scan,True,,,90729,90729,54973,,,,0,0,0,0,9,6,1,0,6,0
4431,مَخْبَأ,hiding place,encountered,textbook_scan,textbook_scan,False,,,43451,43451,98095,,,,0,0,0,0,0,0,0,0,0,0
4432,إِرْشَاد,guidance,encountered,textbook_scan,textbook_scan,False,,,22277,22277,7468,,,,0,0,0,0,0,0,0,0,0,0
4433,اغْتَاظَ,to become angry,encountered,textbook_scan,textbook_scan,False,,,,,,,,,0,0,0,0,0,0,0,0,0,0
4434,هُزْء,mockery,encountered,textbook_scan,textbook_scan,False,,,,,,,,,0,0,0,0,0,0,0,0,0,0
4435,اِسْتَسْلَمَ,surrendered,encountered,textbook_scan,textbook_scan,False,,,45329,45329,,,,,0,0,0,0,0,0,0,0,0,1
4436,اِمْتَطَى,mount,encountered,textbook_scan,textbook_scan,False,,,,,,,,,0,0,0,0,0,0,0,0,0,0
4437,صَهْوَة,saddle,encountered,textbook_scan,textbook_scan,False,,,56517,56517,,,,,0,0,0,0,0,0,0,0,0,0
4438,اِرْتَوَى,quench thirst,encountered,textbook_scan,textbook_scan,False,,,,,,,,,0,0,0,0,0,0,0,0,0,0
4439,سُنُونُو,swallow,acquiring,textbook_scan,textbook_scan,True,,,,,,,,,0,0,0,0,4,0,0,0,0,0
4440,شَحْرُور,blackbird,encountered,textbook_scan,textbook_scan,False,,,65981,65981,,,,,0,0,0,0,0,0,0,0,0,0
4441,مُوَبِّخَة,reproachful,encountered,textbook_scan,textbook_scan,False,,,,,,,,,0,0,0,0,0,0,0,0,0,0
4442,تَهْذِيب,refinement,encountered,textbook_scan,textbook_scan,False,,,22101,22101,26421,,,,0,0,0,0,0,0,0,0,0,0
4443,اِسْتَغَاثَ,to call for help,encountered,textbook_scan,textbook_scan,False,,,,,,,,,0,0,0,0,0,0,0,0,0,0
4444,حَطَّ,"to put down, to lower",acquiring,textbook_scan,textbook_scan,True,,,37226,37226,,,,,0,0,0,0,3,1,1,1,0,1
4445,مُخِيف,frightening,known,textbook_scan,textbook_scan,True,,,33977,33977,44713,,,,0,0,0,1,8,0,0,0,0,0
4446,مُهَيْمِن,dominant,encountered,textbook_scan,textbook_scan,False,,,38747,38747,38747,,,,0,0,0,0,0,0,0,0,0,0
4447,مُتَلَهِّف,eager,known,textbook_scan,textbook_scan,True,,,,,,,,,0,0,0,0,3,2,0,1,1,1
4448,مُؤَنِّب,reproacher,known,textbook_scan,textbook_scan,True,,,,,,,,,0,0,0,0,8,6,2,3,3,2
4449,رَدَّدَ,to repeat,encountered,textbook_scan,textbook_scan,False,,,43307,43307,,,,,0,0,0,0,0,0,0,0,0,0
4450,نُون,letter nun,encountered,textbook_scan,textbook_scan,False,,,14518,14518,19191,,,,0,0,0,0,0,0,0,0,0,0
4451,هَاء,letter ha,encountered,textbook_scan,textbook_scan,False,,,45338,45338,29814,,,,0,0,0,0,0,0,0,0,0,0
4452,تَلَاقَى,to meet,encountered,textbook_scan,textbook_scan,False,,,29183,29183,,,,,0,0,0,0,0,0,0,0,0,0
4453,هَزِيل,thin,encountered,textbook_scan,textbook_scan,False,,,70364,70364,63093,,,,0,0,0,0,0,0,0,0,0,0
4454,سَطَعَ,shone/gleamed,encountered,textbook_scan,textbook_scan,False,,,79614,79614,,,,,0,0,0,0,0,0,0,0,0,0
4455,مُبْتَهِج,happy/delighted,encountered,textbook_scan,textbook_scan,False,,,,,,,,,0,0,0,0,0,0,0,0,0,0
4456,جَاعَ,to be hungry,encountered,textbook_scan,textbook_scan,False,,,,,,,,,0,0,0,0,0,0,0,0,0,0
4457,مَضَغَ,to chew,encountered,textbook_scan,textbook_scan,False,,,50989,50989,84752,,,,0,0,0,0,0,0,0,0,0,0
4458,تَوْبِيخ,rebuke,encountered,textbook_scan,textbook_scan,False,,,87305,87305,88661,,,,0,0,0,0,0,0,0,0,0,0
4459,نَافِد,exhausted,encountered,textbook_scan,textbook_scan,False,,,,,,,,,0,0,0,0,0,0,0,0,0,0
4460,تَوَسَّلَ,to beseech,encountered,textbook_scan,textbook_scan,False,,,47700,47700,37889,,,,0,0,0,0,0,0,0,0,0,0
4461,ذَلِيلٌ,"humble, abject",encountered,textbook_scan,textbook_scan,False,,,67972,67972,78995,,,,0,0,0,0,0,0,0,0,0,0
4462,يَابِسَةٌ,"dry, withered",encountered,textbook_scan,textbook_scan,False,,,53372,53372,52937,,,,0,0,0,0,0,0,0,0,0,0
4463,تَلَقَّفَ,to snatch,encountered,textbook_scan,textbook_scan,False,,,96109,96109,,,,,0,0,0,0,0,0,0,0,0,0
4464,غِبْطَةٌ,"joy, delight",known,textbook_scan,textbook_scan,True,,,26724,26724,36704,,,,0,0,0,0,9,3,1,0,3,0
4465,شَرَاهَةٌ,"greed, voracity",encountered,textbook_scan,textbook_scan,False,,,,,,,,,0,0,0,0,0,0,0,0,0,0
4466,طَهْو,Tahoe,encountered,textbook_scan,textbook_scan,False,,,89444,89444,89444,,,,0,0,0,0,0,0,0,0,0,0
4467,وَدِيع,Wadee (name),encountered,textbook_scan,textbook_scan,False,,,17462,17462,82346,,,,0,0,0,0,0,0,0,0,0,0
4468,جَفَاء,"harshness, rudeness",encountered,textbook_scan,textbook_scan,False,,,71118,71118,74418,,,,0,0,0,0,0,0,0,0,0,0
4469,اكْتَأَبَ,to be sorrowful,encountered,textbook_scan,textbook_scan,False,,,,,,,,,0,0,0,0,0,0,0,0,0,0
4470,مَسِير,"procession, march",known,textbook_scan,textbook_scan,True,,,32513,32513,24073,,,,0,0,0,0,4,4,0,1,3,1
4471,ابْتَهَجَ,rejoiced,encountered,textbook_scan,textbook_scan,False,,,,,,,,,0,0,0,0,0,0,0,0,0,0
4472,تَأَفُّف,expressed annoyance,encountered,textbook_scan,textbook_scan,False,,,,,,,,,0,0,0,0,0,0,0,0,0,0
4473,مُبَاغِت,sudden,known,textbook_scan,textbook_scan,True,,,96519,96519,,,,,0,0,0,0,10,3,1,0,3,1
4474,أَوْشَكَ,to be about to,known,textbook_scan,textbook_scan,True,,,52362,52362,,,,,0,0,0,0,9,3,1,0,3,0
4475,حَتْم,to necessitate,encountered,textbook_scan,textbook_scan,False,,,90287,90287,,,,,0,0,0,0,0,0,0,0,0,0
4476,تَافِه,trivial,encountered,textbook_scan,textbook_scan,False,,,56298,56298,86305,,,,0,0,0,0,0,0,0,0,0,0
4477,سَبَّ,insulted,encountered,textbook_scan,textbook_scan,False,,,21168,21168,31092,,,,0,0,0,0,0,0,0,0,0,0
4478,ثَرْثَار,chatterbox,encountered,textbook_scan,textbook_scan,False,,,98044,98044,98044,,,,0,0,0,0,0,0,0,0,0,0
4479,مُحْتَجّ,protester,encountered,textbook_scan,textbook_scan,False,,,,,,,,,0,0,0,0,0,0,0,0,0,0
4480,جَرُؤَ,dared,encountered,textbook_scan,textbook_scan,False,,,,,,,,,0,0,0,0,0,0,0,0,0,0
4481,تَأْدِيب,discipline,encountered,textbook_scan,textbook_scan,False,,,57914,57914,40016,,,,0,0,0,0,0,0,0,0,0,1
4482,الْمِبْرَاة,pencil sharpener,encountered,textbook_scan,textbook_scan,False,,,,,,,,,0,0,0,0,0,0,0,0,0,0
4483,تَنَاسَى,pretended to forget,known,textbook_scan,textbook_scan,True,,,59743,59743,,,,,0,0,0,0,8,2,0,0,2,0
4484,سَلِيم,Saleem (proper name),encountered,textbook_scan,textbook_scan,False,2703,,2240,2240,7955,,2777,,0,0,0,0,0,0,0,0,0,0
4485,رَمَقَ,"glanced at, observed",encountered,textbook_scan,textbook_scan,False,,,70846,70846,42981,,,,0,0,0,0,0,0,0,0,0,0
4486,سَئِمَ,tired of,encountered,textbook_scan,textbook_scan,False,,,89803,89803,,,,,0,0,0,0,0,0,0,0,0,0
4487,الْفَسِيحَة,spacious,encountered,textbook_scan,textbook_scan,False,,,19180,19180,48079,,,,0,0,0,0,0,0,0,0,0,0
4488,مُنَكَّس,"bowed, lowered",encountered,textbook_scan,textbook_scan,False,,,,,,,,,0,0,0,0,0,0,0,0,0,0
4489,مُعَاتِبَة,"reproach, remonstration",encountered,textbook_scan,textbook_scan,False,,,,,,,,,0,0,0,0,0,0,0,0,0,0
4490,مُقَلِّدَة,imitative,acquiring,textbook_scan,textbook_scan,True,,,44728,44728,83201,,,,0,0,0,0,2,0,0,0,0,0
4491,أَلْصَقَ,to stick,acquiring,textbook_scan,textbook_scan,True,,,89749,89749,,,,,0,0,0,0,6,4,2,4,0,3
4492,أَنْشَدَ,to recite,encountered,textbook_scan,textbook_scan,False,,,51242,51242,,,,,0,0,0,0,0,0,0,0,0,0
4493,مُنْبَثِق,emanating,encountered,textbook_scan,textbook_scan,False,,,52065,52065,52065,,,,0,0,0,0,0,0,0,0,0,0
4494,جَوْف,hollow,encountered,textbook_scan,textbook_scan,False,,,28602,28602,5727,,,,0,0,0,0,0,0,0,0,0,0
4495,عِنَاد,stubbornness,known,textbook_scan,textbook_scan,True,,,45780,45780,37513,,,,0,0,0,0,8,3,0,0,3,0
4496,إِجْبَار,forcing,acquiring,textbook_scan,textbook_scan,True,,,23345,23345,,,,,0,0,0,0,4,2,2,0,2,0
4498,أَهْوَى,to fall,encountered,textbook_scan,textbook_scan,False,,,20518,20518,12654,,,,0,0,0,0,0,0,0,0,0,0
4499,مَدِيدَة,prolonged,encountered,textbook_scan,textbook_scan,False,,,79830,79830,59887,,,,0,0,0,0,0,0,0,0,0,2
4500,طَعَنَ,to stab,encountered,textbook_scan,textbook_scan,False,,,12368,12368,8884,,,,0,0,0,0,0,0,0,0,0,0
4501,مُلَطَّخ,stained,encountered,textbook_scan,textbook_scan,False,,,,,,,,,0,0,0,0,0,0,0,0,0,0
4502,اِزْدِرَاء,contempt,encountered,textbook_scan,textbook_scan,False,,,53804,53804,99647,,,,0,0,0,0,0,0,0,0,0,0
4503,بَلَاء,"trial, affliction, calamity",suspended,bookifier,bookifier,False,,,29105,29105,19970,,,,0,0,0,1,5,0,0,0,0,0
4504,غَدْر,"treachery, betrayal",suspended,bookifier,bookifier,False,,,36526,36526,26346,,,,0,0,0,1,5,0,0,0,0,0
4505,وَحْش,"wild beast, animal",known,bookifier,bookifier,True,,,32381,32381,21781,,,,0,0,0,0,11,0,0,0,0,0
4506,مَكْر,"cunning, guile, stratagem",known,bookifier,bookifier,True,,,27284,27284,37911,,,,0,0,0,0,14,6,2,1,5,1
4507,ذَاكَ,that (demonstrative),known,bookifier,bookifier,True,2533,,4471,2533,,,731,,0,0,0,0,9,1,0,0,1,0
4508,جَاهِل,ignorant or foolish person,known,bookifier,bookifier,True,,,31896,31896,32497,,,,0,0,0,0,9,1,0,0,1,0
4509,مَنْفَعَة,"benefit, advantage, utility",known,bookifier,bookifier,True,,,23639,23639,25152,,,,0,0,0,0,11,1,0,0,1,0
4510,فَرَغَ,"to finish, be done; become free",acquiring,bookifier,bookifier,True,,,24771,24771,,,,,0,0,0,0,6,1,1,0,1,0
4511,حِقْد,"rancor, malice",suspended,bookifier,bookifier,False,,,36998,36998,18931,,,,0,0,0,1,5,0,0,0,0,0
4512,اِلْتِمَاس,"seeking, request",suspended,bookifier,bookifier,False,,,20338,20338,66882,,,,0,0,0,1,5,0,0,0,0,0
4513,سَجَدَ,"prostrate oneself, bow down",known,bookifier,bookifier,True,,,42670,42670,,,,,0,0,0,0,4,0,0,0,0,0
4514,إِثْم,"sin, wrongdoing",suspended,bookifier,bookifier,False,,,22666,22666,21073,,,,0,0,0,1,5,0,0,0,0,0
4515,حَازِم,"prudent, resolute",suspended,bookifier,bookifier,False,,,7788,7788,31926,,,,0,0,0,1,5,0,0,0,0,0
4516,عِلَّة,"cause; ailment, defect",suspended,bookifier,bookifier,False,,,21520,21520,28692,,,,0,0,0,1,7,0,0,0,0,0
4517,عُذْر,"excuse, justification",suspended,bookifier,bookifier,False,,,20010,20010,32661,,,,0,0,0,1,5,0,0,0,0,0
4518,اِجْتِهَاد,"strenuous effort, diligence",suspended,bookifier,bookifier,False,,,31071,31071,14146,,,,0,0,0,1,5,0,0,0,0,0
4519,رَعِيَّة,"subjects, governed people",known,bookifier,bookifier,True,,,40033,40033,25053,,,,0,0,0,0,17,1,0,0,1,0
4520,حَلَاوَة,"sweetness, pleasantness",known,bookifier,bookifier,True,,,16155,16155,58735,,,,0,0,0,0,8,1,0,1,0,0
4521,مَشَقَّة,"hardship, difficulty",known,bookifier,bookifier,True,,,30206,30206,51657,,,,0,0,0,0,18,3,0,0,3,0
4522,غَدِير,pond; pool of water,suspended,bookifier,bookifier,False,,,30127,30127,16680,,,,0,0,0,1,5,0,0,0,0,0
4523,مَلِك,king,known,bookifier,bookifier,True,,,2049,2049,338,,,,0,0,0,0,15,0,0,0,0,0
4524,زَعَمَ,"to claim, assert; say",suspended,bookifier,bookifier,False,,,16046,16046,50431,,,,0,0,0,1,5,3,2,1,2,1
4525,ظَفَر,"victory, success, attainment",suspended,bookifier,bookifier,False,,,9281,9281,29419,,,,0,0,0,1,5,0,0,0,0,0
4526,جُنْد,"army, troops, soldiery",known,bookifier,bookifier,True,,,22668,22668,40525,,,,0,0,0,0,15,4,2,0,4,0
4527,سِيَّمَا,"especially, in particular (la siyyama)",learning,bookifier,bookifier,True,,,1777,1777,,,,,0,0,0,0,7,1,1,1,0,1
4528,حامِل,carrier; bearing (adj.); pregnant,,,frequency_core,False,2757,,5584,2757,10480,,2111,,0,0,0,,,0,0,0,0,0
4529,لِواء,"banner, flag; brigade (military unit)",,,frequency_core,False,2760,,7774,2760,1271,,1837,,0,0,0,,,0,0,0,0,0
4530,كُلِّيّ,total; overall; all-encompassing,,,scaffold,False,,,14410,14410,5915,,,,0,0,0,,,0,0,0,0,0
4531,إِلٰه,god; deity,,,scaffold,False,,,1874,1874,8541,,,,0,0,0,,,0,0,0,0,0
4532,فَعَلَ,to do,,,scaffold,False,,,1480,1480,3507,,,,0,0,0,,,0,0,0,0,0
4533,خَلِيل,friend; intimate companion,,,frequency_core,False,2768,,2571,2571,4936,,3434,,0,0,0,,,0,0,0,0,0
4534,قَرَضَ,to bite,,,frequency_core,False,2771,,10433,2771,9426,,1706,,0,0,0,,,0,0,0,0,0
4536,إِعَاقَة,hindrance; obstruction,encountered,book,book,False,,,14927,14927,5076,,,,0,0,0,0,0,0,0,0,0,0
4537,إِمْبِرَاطُورَة,empress,encountered,book,book,False,,,91979,91979,91979,,,,0,0,0,0,0,0,0,0,0,0
4538,إِمْبِرَاطُورِيّ,imperial,encountered,book,book,False,,,56637,56637,56637,,,,0,0,0,0,0,0,0,0,0,0
4539,اِسْتِغْنَاء,doing without; dispensing with,known,book,book,True,,,12416,12416,12416,,,,0,0,0,0,6,0,0,0,0,0
4540,اِلْتِهَام,devouring,encountered,book,book,False,,,71867,71867,,,,,0,0,0,0,0,0,0,0,0,0
4541,تَهَكُّم,mockery; sarcasm,encountered,book,book,False,,,71115,71115,71115,,,,0,0,0,0,0,0,0,0,0,0
4542,تَرَف,luxury,encountered,book,book,False,,,46364,46364,45880,,,,0,0,0,0,0,0,0,0,0,0
4543,مُضَايَقَة,harassment; annoyance,encountered,book,book,False,,,58528,58528,,,,,0,0,0,0,0,0,0,0,0,0
4544,هَجْمَة,attack,encountered,book,book,False,,,22123,22123,19644,,,,0,0,0,0,0,0,0,0,0,0
4545,حَسَاء,soup,encountered,book,book,False,,,46452,46452,34455,,,,0,0,0,0,0,0,0,0,0,0
4546,مُبَجَّل,honored; venerable,encountered,book,book,False,,,,,,,,,0,0,0,0,0,0,0,0,0,0
4547,زَحْزَحَة,moving; shifting,encountered,book,book,False,,,,,,,,,0,0,0,0,0,0,0,0,0,0
4548,تَزَحْلَقَ,to slip,encountered,book,book,False,,,68833,68833,68833,,,,0,0,0,0,0,0,0,0,0,0
4549,تَخَيَّلَ,to imagine,encountered,book,book,False,,,18230,18230,58672,,,,0,0,0,0,0,0,0,0,0,0
4550,تَمَلَّكَ,to take possession of,suspended,book,book,False,,,1998,1998,37893,,,,0,0,0,1,5,0,0,0,0,0
4551,اِسْتَكْفَى,to have enough,encountered,book,book,False,,,,,,,,,0,0,0,0,0,0,0,0,0,0
4552,نَضَبَ,to run dry; be exhausted,learning,book,book,True,,,,,,,,,0,0,0,0,4,1,1,0,1,0
4553,خُبْث,malice; slyness,encountered,book,book,False,,,62055,62055,53834,,,,0,0,0,0,0,0,0,0,0,0
4554,حَضْرَة,honorific form of address,encountered,book,book,False,,,13756,13756,44972,,,,0,0,0,0,0,0,0,0,0,0
4556,صَغُرَ,to become small,encountered,book,book,False,,,20839,20839,14168,,,,0,0,0,0,0,0,0,0,0,0
4557,ضَحْل,shallow,learning,book,book,True,,,,,,,,,0,0,0,0,4,1,1,0,1,0
4558,فُولَاذ,steel,encountered,book,book,False,,,80014,80014,21868,,,,0,0,0,0,0,0,0,0,0,0
4559,كَبُرَ,to grow; become big,encountered,book,book,False,,,13770,13770,22958,,,,0,0,0,0,0,0,0,0,0,0
4563,مُزَيَّن,adorned; decorated,encountered,book,book,False,,,49224,49224,65420,,,,0,0,0,0,0,0,0,0,0,0
4564,مَنْفُوش,tousled; fluffy,learning,book,book,True,,,,,,,,,0,0,0,0,3,1,1,0,1,0
4565,مُولَع,fond of; passionate about,learning,book,book,True,,,64797,64797,,,,,0,0,0,0,2,0,0,0,0,0
4566,هَزَمَ,to defeat,encountered,book,book,False,,,26650,26650,,,,,0,0,0,0,0,0,0,0,0,0
4568,حَتْمِيّ,inevitable; imperative,encountered,book,book,False,,,40321,40321,70754,,,,0,0,0,0,0,0,0,0,0,0
4569,تَنَازَلَ,to relinquish; surrender,encountered,book,book,False,,,10171,10171,11748,,,,0,0,0,0,0,0,0,0,0,0
4570,اِزْدَهَرَ,to flourish; blossom,suspended,book,book,False,,,99803,99803,,,,,0,0,0,1,6,0,0,0,0,0
4571,أَمْكَنَ,to be possible; can,known,book,book,True,,,11962,11962,,,,,0,0,0,0,4,1,0,0,1,0
4572,هَدَأَ,to calm down; become quiet,encountered,book,book,False,,,12347,12347,66036,,,,0,0,0,0,0,0,0,0,0,0
4573,شَعْر,hair,encountered,book,book,False,,,1202,1202,243,,,,0,0,0,0,0,0,0,0,0,0
4574,شَدَّ,to pull; take along,encountered,book,book,False,,,10354,10354,31964,,,,0,0,0,0,0,0,0,0,0,0
4575,مَضَى,to pass; go by,encountered,book,book,False,,,5344,5344,78273,,,,0,0,0,0,0,0,0,0,0,0
4576,رَأَى,to see,known,book,book,True,,,2238,2238,12029,,,,0,0,0,0,7,4,3,0,4,0
4577,سَارَ,to walk; go,encountered,book,book,False,,,10594,10594,73891,,,,0,0,0,0,0,0,0,0,0,0
4578,قَدَم,foot,encountered,book,book,False,,,989,989,408,,,,0,0,0,0,0,0,0,0,0,0
4579,نَبَتَ,to grow; sprout,encountered,book,book,False,,,34735,34735,,,,,0,0,0,0,0,0,0,0,0,0
4580,خَيَال,imagination; fantasy,encountered,book,book,False,,,9761,9761,7029,,,,0,0,0,0,0,0,0,0,0,0
4581,مَرْج,meadow; pasture,encountered,book,book,False,,,27081,27081,22728,,,,0,0,0,0,0,0,0,0,0,0
4582,حَلْقَة,installment; episode; ring,encountered,book,book,False,,,201,201,530,,,,0,0,0,0,0,0,0,0,0,0
4583,خَاطِرَة,thought; idea,encountered,book,book,False,,,46017,46017,26436,,,,0,0,0,0,0,0,0,0,0,0
4584,مُنَاسَبَة,occasion; opportunity,encountered,book,book,False,,,2194,2194,1747,,,,0,0,0,0,0,0,0,0,0,0
4585,شَوْق,longing; anticipation,encountered,book,book,False,,,15814,15814,10858,,,,0,0,0,0,0,0,0,0,0,0
4586,مَدًى,extent; range,encountered,book,book,False,,,754,754,3755,,,,0,0,0,0,0,0,0,0,0,0
4587,سُلَّم,stairs; ladder,encountered,book,book,False,,,3085,3085,5365,,,,0,0,0,0,0,0,0,0,0,0
4588,وَلِيَ,to follow; come next,encountered,book,book,False,,,1650,1650,22052,,,,0,0,0,0,0,0,0,0,0,0
4589,أَكِيد,certain; sure,encountered,book,book,False,,,12315,12315,28050,,,,0,0,0,0,0,0,0,0,0,0
4590,حَرْب,war,encountered,book,book,False,,,982,982,451,,,,0,0,0,0,0,0,0,0,0,0
4591,عَدَّ,to count,encountered,book,book,False,,,13153,13153,18664,,,,0,0,0,0,0,0,0,0,0,0
4592,دَافَعَ,to defend,known,book,book,True,,,13729,13729,8354,,,,0,0,0,0,3,1,0,0,1,0
4593,غَضَب,anger; rage,encountered,book,book,False,,,5961,5961,5985,,,,0,0,0,0,0,0,0,0,0,0
4594,إِبَادَة,extermination; annihilation,encountered,book,book,False,,,7742,7742,16312,,,,0,0,0,0,0,0,0,0,0,0
4595,أَحَد,someone; one,encountered,book,book,False,,,106,106,410,,,,0,0,0,0,0,0,0,0,0,0
4596,نُمُوّ,growth,encountered,book,book,False,,,3496,3496,2662,,,,0,0,0,0,0,0,0,0,0,0
4597,ذَهَب,gold,encountered,book,book,False,,,2976,2976,1624,,,,0,0,0,0,0,0,0,0,0,0
4598,بِالْفِعْل,indeed; actually,encountered,book,book,False,,,2126,2126,,,,,0,0,0,0,0,0,0,0,0,0
4599,بَدَل,substitute; instead,encountered,book,book,False,,,3799,3799,35525,,,,0,0,0,0,0,0,0,0,0,0
4600,أَمَرَ,to order; command,encountered,book,book,False,,,601,601,192,,,,0,0,0,0,0,0,0,0,0,0
4601,سِرّ,secret,encountered,book,book,False,,,3384,3384,3483,,,,0,0,0,0,0,0,0,0,0,0
4602,قَصْد,intent; purpose,encountered,book,book,False,,,6537,6537,19016,,,,0,0,0,0,0,0,0,0,0,0
4603,اِشْتَقَّ,to derive; coin,encountered,book,book,False,,,52234,52234,,,,,0,0,0,0,0,0,0,0,0,0
4604,سُخْرِيَة,mockery; ridicule,encountered,book,book,False,,,24336,24336,19555,,,,0,0,0,0,0,0,0,0,0,0
4605,قَدْر,amount; degree,encountered,book,book,False,,,2072,2072,4901,,,,0,0,0,0,0,0,0,0,0,0
4606,قَلَق,anxiety; worry,known,book,book,True,,,7707,7707,5209,,,,0,0,0,0,8,1,0,0,1,0
4607,أَبَانَ,to explain; make clear,encountered,book,book,False,,,8121,8121,,,,,0,0,0,0,0,0,0,0,0,0
4608,بَدِين,fat; plump,encountered,book,book,False,,,25075,25075,,,,,0,0,0,0,0,0,0,0,0,0
4609,سَمِين,fat; plump,encountered,book,book,False,,,59478,59478,62352,,,,0,0,0,0,0,0,0,0,0,0
4610,سُرْعَان,soon,encountered,book,book,False,,,8503,8503,,,,,0,0,0,0,0,0,0,0,0,0
4611,اِسْتِحْمَام,bathing,encountered,book,book,False,,,29111,29111,18504,,,,0,0,0,0,0,0,0,0,0,0
4612,نَقْل,transfer; moving,encountered,book,book,False,,,326,326,1144,,,,0,0,0,0,0,0,0,0,0,0
4613,وَزَنَ,to weigh,encountered,book,book,False,,,6106,6106,2427,,,,0,0,0,0,0,0,0,0,0,0
4614,وَزْن,weight,encountered,book,book,False,,,6106,6106,2427,,,,0,0,0,0,0,0,0,0,0,0
4615,سَبُع,wild beast,encountered,book,book,False,,,4440,4440,4874,,,,0,0,0,0,0,0,0,0,0,0
4616,عَنَى,to mean,encountered,book,book,False,,,30573,30573,,,,,0,0,0,0,0,0,0,0,0,0
4617,عَامّ,general; universal,encountered,book,book,False,,,56,56,29,,,,0,0,0,0,0,0,0,0,0,0
4618,بُولِيس,police,,,frequency_core,False,2789,,24171,2789,30533,,1362,,0,0,0,,,0,0,0,0,0
4619,مَجَدَ,to glorify,,,frequency_core,False,2790,,11451,2790,6425,,1762,,0,0,0,,,0,0,0,0,0
4620,حِيَال,"toward, concerning",,,frequency_core,False,2791,,4105,2791,,,2832,,0,0,0,,,0,0,0,0,0
